"date","set.number","species","cruise","valid","experiment","number.caught","weight.caught","number.basket","extra","weight.sampled","comment"
"2017-07-12",2,42,"P024",1,1,4,0.302,1,"",0.302,""
"2017-07-12",2,43,"P024",1,1,140,5.82,1,"",5.82,""
"2017-07-12",2,60,"P024",1,1,128,0.712,1,"",0.712,""
"2017-07-12",2,63,"P024",1,1,49,1.21,1,"",1.21,""
"2017-07-12",2,143,"P024",1,1,6,0.681,1,"",0.681,""
"2017-07-12",2,251,"P024",1,1,1,0.001,1,"",0.001,""
"2017-07-12",2,2513,"P024",1,1,1,0.035,1,"",0.035,""
"2017-07-12",2,2550,"P024",1,1,394,86.4,4,"",86.4,""
"2017-07-12",2,8500,"P024",1,1,0,0.036,1,"",0,""
"2017-07-12",2,8600,"P024",1,1,0,0.01,1,"",0,""
"2017-07-12",2,9303,"P024",1,1,0,0.017,1,"",0,""
"2017-07-12",3,12,"P024",1,1,1,1.02,1,"",1.02,""
"2017-07-12",3,17,"P024",1,1,1,0.05,1,"",0.05,""
"2017-07-12",3,42,"P024",1,1,1,0.04,1,"",0.04,""
"2017-07-12",3,43,"P024",1,1,40,2.01,1,"",2.01,""
"2017-07-12",3,62,"P024",1,1,5,0.545,1,"",0.545,""
"2017-07-12",3,63,"P024",1,1,167,3.17,1,"",3.17,""
"2017-07-12",3,70,"P024",1,1,5,1.31,1,"",1.31,""
"2017-07-12",3,143,"P024",1,1,3,0.391,1,"",0.391,""
"2017-07-12",3,300,"P024",1,1,1,0.206,1,"",0.206,""
"2017-07-12",3,2550,"P024",1,1,618,143,7,"",143,""
"2017-07-12",3,8500,"P024",1,1,0,0.033,1,"",0,""
"2017-07-12",3,8600,"P024",1,1,0,0.007,1,"",0,""
"2017-07-12",4,17,"P024",1,1,3,0.296,1,"",0.296,""
"2017-07-12",4,43,"P024",1,1,47,2.99,1,"",2.99,""
"2017-07-12",4,63,"P024",1,1,939,19.1,6,"",4.31,""
"2017-07-12",4,70,"P024",1,1,5,1.26,1,"",1.26,""
"2017-07-12",4,122,"P024",1,1,2,0.099,1,"",0.099,""
"2017-07-12",4,143,"P024",1,1,4,0.404,1,"",0.404,""
"2017-07-12",4,2550,"P024",1,1,590,111,6,"",74,""
"2017-07-12",4,4511,"P024",1,1,1,0.027,1,"",0.027,""
"2017-07-12",4,8500,"P024",1,1,0,0.059,1,"",0,""
"2017-07-12",5,42,"P024",1,1,2,0.281,1,"",0.281,""
"2017-07-12",5,43,"P024",1,1,10,1.01,1,"",1.01,""
"2017-07-12",5,60,"P024",1,1,3,0.016,1,"",0.016,""
"2017-07-12",5,63,"P024",1,1,153,3.11,1,"",3.11,""
"2017-07-12",5,143,"P024",1,1,1,0.066,1,"",0.066,""
"2017-07-12",5,204,"P024",1,1,4,1.07,1,"",1.07,""
"2017-07-12",5,251,"P024",1,1,1,0.001,1,"",0.001,""
"2017-07-12",5,2513,"P024",1,1,1,0.1,1,"",0.1,""
"2017-07-12",5,2550,"P024",1,1,363,88.9,5,"",88.9,""
"2017-07-12",5,8500,"P024",1,1,0,0.006,1,"",0,""
"2017-07-13",6,70,"P024",1,1,11,2.62,1,"",2.62,""
"2017-07-13",6,143,"P024",1,1,2,0.024,1,"",0.024,""
"2017-07-13",6,204,"P024",1,1,5,1.2,1,"",1.2,""
"2017-07-13",6,2539,"P024",1,1,8,1.63,1,"",1.63,""
"2017-07-13",6,2550,"P024",1,1,142,30.6,2,"",30.6,""
"2017-07-13",6,8500,"P024",1,1,0,0.4,1,"",0,""
"2017-07-13",6,8600,"P024",1,1,0,0.062,1,"",0,""
"2017-07-13",7,42,"P024",1,1,2,0.118,1,"",0.118,""
"2017-07-13",7,610,"P024",1,1,12,0.138,1,"",0.138,""
"2017-07-13",7,1511,"P024",1,1,0,0,1,"",0,""
"2017-07-13",7,2212,"P024",1,1,0,0,1,"",0,""
"2017-07-13",7,2417,"P024",1,1,0,0,1,"",0,""
"2017-07-13",7,2550,"P024",1,1,21,2.82,1,"",2.82,""
"2017-07-13",7,4348,"P024",1,1,0,0,1,"",0,""
"2017-07-13",8,10,"P024",1,1,1,0.015,1,"",0.015,""
"2017-07-13",8,40,"P024",1,1,2,0.006,1,"",0.006,""
"2017-07-13",8,42,"P024",1,1,3,0.114,1,"",0.114,""
"2017-07-13",8,43,"P024",1,1,8,0.647,1,"",0.647,""
"2017-07-13",8,622,"P024",1,1,5,0.125,1,"",0.125,""
"2017-07-13",8,2212,"P024",1,1,0,0.004,1,"",0,""
"2017-07-13",8,2550,"P024",1,1,10,2.97,1,"",2.97,""
"2017-07-13",8,8300,"P024",1,1,0,0.001,1,"",0,""
"2017-07-13",9,40,"P024",1,1,1,0.005,1,"",0.005,""
"2017-07-13",9,42,"P024",1,1,1,0.028,1,"",0.028,""
"2017-07-13",9,43,"P024",1,1,1,0.11,1,"",0.11,""
"2017-07-13",9,622,"P024",1,1,1,0.02,1,"",0.02,""
"2017-07-13",9,2212,"P024",1,1,0,0.001,1,"",0,""
"2017-07-13",9,2550,"P024",1,1,3,0.853,1,"",0.853,""
"2017-07-13",10,42,"P024",1,1,11,0.352,1,"",0.352,""
"2017-07-13",10,43,"P024",1,1,3,0.201,1,"",0.201,""
"2017-07-13",10,610,"P024",1,1,1,0.019,1,"",0.019,""
"2017-07-13",10,2550,"P024",1,1,10,3.1,1,"",3.1,""
"2017-07-13",10,9300,"P024",1,1,0,0.02,1,"",0,""
"2017-07-13",11,42,"P024",1,1,6,0.268,1,"",0.268,""
"2017-07-13",11,43,"P024",1,1,3,0.282,1,"",0.282,""
"2017-07-13",11,122,"P024",1,1,1,0.099,1,"",0.099,""
"2017-07-13",11,300,"P024",1,1,1,0.182,1,"",0.182,""
"2017-07-13",11,610,"P024",1,1,42,0.598,1,"",0.598,""
"2017-07-13",11,2520,"P024",1,1,1,0.002,1,"",0.002,""
"2017-07-13",11,2550,"P024",1,1,11,2.91,1,"",2.91,""
"2017-07-13",11,3100,"P024",1,1,0,0.001,1,"",0,""
"2017-07-13",11,4348,"P024",1,1,0,0.005,1,"",0,""
"2017-07-13",11,4700,"P024",1,1,0,0.001,1,"",0,""
"2017-07-13",11,9200,"P024",1,1,0,0.027,1,"",0,""
"2017-07-13",12,10,"P024",1,1,3,0.087,1,"",0.087,""
"2017-07-13",12,17,"P024",1,1,5,0.615,1,"",0.615,""
"2017-07-13",12,42,"P024",1,1,5,0.268,1,"",0.268,""
"2017-07-13",12,43,"P024",1,1,19,0.96,1,"",0.96,""
"2017-07-13",12,63,"P024",1,1,96,3.38,1,"",3.38,""
"2017-07-13",12,122,"P024",1,1,4,0.414,1,"",0.414,""
"2017-07-13",12,143,"P024",1,1,1,0.042,1,"",0.042,""
"2017-07-13",12,300,"P024",1,1,1,0.442,1,"",0.442,""
"2017-07-13",12,610,"P024",1,1,1,0.009,1,"",0.009,""
"2017-07-13",12,2550,"P024",1,1,108,19.2,1,"",19.2,""
"2017-07-13",12,9300,"P024",1,1,0,0.012,1,"",0,""
"2017-07-14",13,42,"P024",1,1,28,1.38,1,"",1.38,""
"2017-07-14",13,43,"P024",1,1,6,0.316,1,"",0.316,""
"2017-07-14",13,60,"P024",1,1,1,0.003,1,"",0.003,""
"2017-07-14",13,63,"P024",1,1,2,0.053,1,"",0.053,""
"2017-07-14",13,2417,"P024",1,1,0,0.005,1,"",0,""
"2017-07-14",13,2520,"P024",1,1,1,0.002,1,"",0.002,""
"2017-07-14",13,2550,"P024",1,1,185,31.5,2,"",31.5,""
"2017-07-14",15,40,"P024",1,1,4,0.073,1,"",0.073,""
"2017-07-14",15,42,"P024",1,1,2,0.11,1,"",0.11,""
"2017-07-14",15,43,"P024",1,1,8,0.437,1,"",0.437,""
"2017-07-14",15,2212,"P024",1,1,0,0.001,1,"",0,""
"2017-07-14",15,2411,"P024",1,1,0,0.05,1,"",0,""
"2017-07-14",15,2417,"P024",1,1,0,0.002,1,"",0,""
"2017-07-14",15,2550,"P024",1,1,3,0.746,1,"",0.746,""
"2017-07-14",15,8600,"P024",1,1,0,0.101,1,"",0,""
"2017-07-14",16,40,"P024",1,1,5,0.161,1,"",0.161,""
"2017-07-14",16,42,"P024",1,1,2,0.178,1,"",0.178,""
"2017-07-14",16,43,"P024",1,1,1,0.094,1,"",0.094,""
"2017-07-14",16,2411,"P024",1,1,0,0.004,1,"",0,""
"2017-07-14",16,2550,"P024",1,1,2,0.65,1,"",0.65,""
"2017-07-14",17,10,"P024",1,1,1,0.069,1,"",0.069,""
"2017-07-14",17,40,"P024",1,1,1,0.017,1,"",0.017,""
"2017-07-14",17,42,"P024",1,1,2,0.116,1,"",0.116,""
"2017-07-14",17,43,"P024",1,1,1,0.079,1,"",0.079,""
"2017-07-14",17,118,"P024",1,1,1,0.317,1,"",0.317,""
"2017-07-14",17,2212,"P024",1,1,0,0.014,1,"",0,""
"2017-07-14",17,2411,"P024",1,1,0,0.012,1,"",0,""
"2017-07-14",17,2513,"P024",1,1,3,0.271,1,"",0.271,""
"2017-07-14",17,2550,"P024",1,1,3,1.18,1,"",1.18,""
"2017-07-14",17,6113,"P024",1,1,0,0.216,1,"",0,""
"2017-07-14",17,6511,"P024",1,1,0,0.027,1,"",0,""
"2017-07-14",17,8300,"P024",1,1,0,0.044,1,"",0,""
"2017-07-14",18,42,"P024",1,1,5,0.277,1,"",0.277,""
"2017-07-14",18,43,"P024",1,1,10,0.595,1,"",0.595,""
"2017-07-14",18,2550,"P024",1,1,5,1.4,1,"",1.4,""
"2017-07-14",18,6119,"P024",1,1,0,0.001,1,"",0,""
"2017-07-14",18,8327,"P024",1,1,0,0.011,1,"",0,""
"2017-07-14",19,42,"P024",1,1,4,0.095,1,"",0.095,""
"2017-07-14",19,2417,"P024",1,1,0,0.001,1,"",0,""
"2017-07-14",19,2550,"P024",1,1,32,7.41,1,"",7.41,""
"2017-07-14",19,8327,"P024",1,1,0,0.001,1,"",0,""
"2017-07-14",19,9300,"P024",1,1,0,0.007,1,"",0,""
"2017-07-15",21,42,"P024",1,1,5,0.225,1,"",0.225,""
"2017-07-15",21,43,"P024",1,1,30,1.89,1,"",1.89,""
"2017-07-15",21,118,"P024",1,1,9,0.28,1,"",0.28,""
"2017-07-15",21,122,"P024",1,1,2,0.031,1,"",0.031,""
"2017-07-15",21,300,"P024",1,1,3,1.48,1,"",1.48,""
"2017-07-15",21,2513,"P024",1,1,1,0.131,1,"",0.131,""
"2017-07-15",21,2550,"P024",1,1,33,8.59,1,"",8.59,""
"2017-07-15",21,6119,"P024",1,1,0,0.003,1,"",0,""
"2017-07-15",21,8300,"P024",1,1,0,0.054,1,"",0,""
"2017-07-15",21,8327,"P024",1,1,0,0.068,1,"",0,""
"2017-07-15",21,8600,"P024",1,1,0,0.001,1,"",0,""
"2017-07-15",21,9300,"P024",1,1,0,0.001,1,"",0,""
"2017-07-15",22,40,"P024",1,1,2,0.039,1,"",0.039,""
"2017-07-15",22,42,"P024",1,1,15,0.599,1,"",0.599,""
"2017-07-15",22,43,"P024",1,1,3,0.372,1,"",0.372,""
"2017-07-15",22,251,"P024",1,1,1,0.012,1,"",0.012,""
"2017-07-15",22,300,"P024",1,1,1,0.066,1,"",0.066,""
"2017-07-15",22,2212,"P024",1,1,0,0.002,1,"",0,""
"2017-07-15",22,2550,"P024",1,1,7,2.14,1,"",2.14,""
"2017-07-15",22,4700,"P024",1,1,0,0,1,"",0,""
"2017-07-15",22,9630,"P024",1,1,0,0.059,1,"",0,""
"2017-07-15",23,42,"P024",1,1,11,0.498,1,"",0.498,""
"2017-07-15",23,43,"P024",1,1,28,1.15,1,"",1.15,""
"2017-07-15",23,118,"P024",1,1,4,0.154,1,"",0.154,""
"2017-07-15",23,122,"P024",1,1,1,0.038,1,"",0.038,""
"2017-07-15",23,251,"P024",1,1,1,0.002,1,"",0.002,""
"2017-07-15",23,610,"P024",1,1,3,0.042,1,"",0.042,""
"2017-07-15",23,2212,"P024",1,1,0,0.004,1,"",0,""
"2017-07-15",23,2417,"P024",1,1,0,0.001,1,"",0,""
"2017-07-15",23,2550,"P024",1,1,30,5.82,1,"",5.82,""
"2017-07-15",23,8300,"P024",1,1,0,0.283,1,"",0,""
"2017-07-15",23,9200,"P024",1,1,0,0.094,1,"",0,""
"2017-07-15",23,9300,"P024",1,1,0,0.003,1,"",0,""
"2017-07-15",23,9630,"P024",1,1,0,0.079,1,"",0,""
"2017-07-15",24,40,"P024",1,1,5,0.088,1,"",0.088,""
"2017-07-15",24,42,"P024",1,1,14,0.563,1,"",0.563,""
"2017-07-15",24,43,"P024",1,1,1,0.085,1,"",0.085,""
"2017-07-15",24,2212,"P024",1,1,0,0.001,1,"",0,""
"2017-07-15",24,2550,"P024",1,1,3,0.733,1,"",0.733,""
"2017-07-15",25,10,"P024",1,1,1,0.059,1,"",0.059,""
"2017-07-15",25,40,"P024",1,1,5,0.126,1,"",0.126,""
"2017-07-15",25,42,"P024",1,1,62,2.25,1,"",2.25,""
"2017-07-15",25,43,"P024",1,1,10,0.409,1,"",0.409,""
"2017-07-15",25,60,"P024",1,1,1,0.004,1,"",0.004,""
"2017-07-15",25,610,"P024",1,1,13,0.187,1,"",0.187,""
"2017-07-15",25,2550,"P024",1,1,6,1.61,1,"",1.61,""
"2017-07-15",25,6511,"P024",1,1,0,0.017,1,"",0,""
"2017-07-15",25,8500,"P024",1,1,0,0.142,1,"",0,""
"2017-07-15",26,43,"P024",1,1,32,2.2,1,"",2.2,""
"2017-07-15",26,63,"P024",1,1,31,1.1,1,"",1.1,""
"2017-07-15",26,70,"P024",1,1,2,0.394,1,"",0.394,""
"2017-07-15",26,118,"P024",1,1,4,0.178,1,"",0.178,""
"2017-07-15",26,122,"P024",1,1,1,0.032,1,"",0.032,""
"2017-07-15",26,640,"P024",1,1,1,0.014,1,"",0.014,""
"2017-07-15",26,2550,"P024",1,1,801,180,9,"",67.2,""
"2017-07-15",26,6511,"P024",1,1,0,0.02,1,"",0,""
"2017-07-15",26,8600,"P024",1,1,0,0.008,1,"",0,""
"2017-07-15",27,12,"P024",1,1,1,0.841,1,"",0.841,""
"2017-07-15",27,40,"P024",1,1,1,0.004,1,"",0.004,""
"2017-07-15",27,42,"P024",1,1,5,0.339,1,"",0.339,""
"2017-07-15",27,43,"P024",1,1,246,9.74,2,"",9.74,""
"2017-07-15",27,63,"P024",1,1,19,0.594,1,"",0.594,""
"2017-07-15",27,118,"P024",1,1,5,0.185,1,"",0.185,""
"2017-07-15",27,122,"P024",1,1,1,0.027,1,"",0.027,""
"2017-07-15",27,610,"P024",1,1,1,0.016,1,"",0.016,""
"2017-07-15",27,2513,"P024",1,1,2,0.097,1,"",0.097,""
"2017-07-15",27,2550,"P024",1,1,365,90.1,4,"",69.9,""
"2017-07-15",27,8500,"P024",1,1,0,0.098,1,"",0,""
"2017-07-16",28,43,"P024",1,1,259,12.7,3,"",10.9,""
"2017-07-16",28,63,"P024",1,1,186,2.68,1,"",2.68,""
"2017-07-16",28,122,"P024",1,1,17,0.934,1,"",0.934,""
"2017-07-16",28,143,"P024",1,1,1,0.208,1,"",0.208,""
"2017-07-16",28,204,"P024",1,1,3,2.61,1,"",2.61,""
"2017-07-16",28,320,"P024",1,1,1,0.85,1,"",0.85,""
"2017-07-16",28,2550,"P024",1,1,510,109,5,"",64.8,""
"2017-07-16",28,4000,"P024",1,1,0,0.046,1,"",0,""
"2017-07-16",28,6113,"P024",1,1,0,0.012,1,"",0,""
"2017-07-16",28,6119,"P024",1,1,0,0.001,1,"",0,""
"2017-07-16",28,8500,"P024",1,1,0,0.044,1,"",0,""
"2017-07-16",28,8600,"P024",1,1,0,0,1,"",0,""
"2017-07-16",28,9200,"P024",1,1,0,0.494,1,"",0,""
"2017-07-16",28,9300,"P024",1,1,0,7.22,2,"",0,""
"2017-07-16",29,43,"P024",1,1,1,0.067,1,"",0.067,""
"2017-07-16",29,60,"P024",1,1,3,0.012,1,"",0.012,""
"2017-07-16",29,70,"P024",1,1,3,0.828,1,"",0.828,""
"2017-07-16",29,610,"P024",1,1,107,1.32,1,"",1.32,""
"2017-07-16",29,2417,"P024",1,1,0,0.002,1,"",0,""
"2017-07-16",29,2550,"P024",1,1,163,40.8,2,"",40.8,""
"2017-07-16",29,6511,"P024",1,1,0,0.018,1,"",0,""
"2017-07-16",29,8500,"P024",1,1,0,0.038,1,"",0,""
"2017-07-16",29,9200,"P024",1,1,0,0.475,1,"",0,""
"2017-07-16",29,9300,"P024",1,1,0,0.558,1,"",0,""
"2017-07-16",30,43,"P024",1,1,22,4.03,1,"",4.03,""
"2017-07-16",30,143,"P024",1,1,1,0.191,1,"",0.191,""
"2017-07-16",30,610,"P024",1,1,4,0.04,1,"",0.04,""
"2017-07-16",30,2550,"P024",1,1,252,48,2,"",48,""
"2017-07-16",30,9300,"P024",1,1,0,0.035,1,"",0,""
"2017-07-16",31,43,"P024",1,1,58,11,1,"",11,""
"2017-07-16",31,63,"P024",1,1,90,1.51,1,"",1.51,""
"2017-07-16",31,122,"P024",1,1,3,0.204,1,"",0.204,""
"2017-07-16",31,143,"P024",1,1,1,0.072,1,"",0.072,""
"2017-07-16",31,204,"P024",1,1,1,1.12,1,"",1.12,""
"2017-07-16",31,2539,"P024",1,1,1,0.094,1,"",0.094,""
"2017-07-16",31,2550,"P024",1,1,287,67.5,3,"",67.5,""
"2017-07-16",31,9300,"P024",1,1,0,1.5,1,"",0,""
"2017-07-17",32,10,"P024",1,1,1,0.028,1,"",0.028,""
"2017-07-17",32,43,"P024",1,1,257,9.77,2,"",7.45,""
"2017-07-17",32,62,"P024",1,1,4,0.278,1,"",0.278,""
"2017-07-17",32,63,"P024",1,1,130,3.08,1,"",3.08,""
"2017-07-17",32,122,"P024",1,1,5,0.396,1,"",0.396,""
"2017-07-17",32,2550,"P024",1,1,375,90.8,5,"",67,""
"2017-07-17",32,6119,"P024",1,1,0,0,1,"",0,""
"2017-07-17",32,9300,"P024",1,1,0,0.485,1,"",0,""
"2017-07-17",33,10,"P024",1,1,2,0.031,1,"",0.031,""
"2017-07-17",33,42,"P024",1,1,10,0.709,1,"",0.709,""
"2017-07-17",33,43,"P024",1,1,11,0.497,1,"",0.497,""
"2017-07-17",33,70,"P024",1,1,39,9.14,1,"",9.14,""
"2017-07-17",33,122,"P024",1,1,1,0.039,1,"",0.039,""
"2017-07-17",33,610,"P024",1,1,202,3.02,1,"",3.02,""
"2017-07-17",33,2550,"P024",1,1,41,8.91,1,"",8.91,""
"2017-07-17",34,10,"P024",1,1,2,0.079,1,"",0.079,""
"2017-07-17",34,42,"P024",1,1,1,0.056,1,"",0.056,""
"2017-07-17",34,43,"P024",1,1,1,0.006,1,"",0.006,""
"2017-07-17",34,340,"P024",1,1,1,0.001,1,"",0.001,""
"2017-07-17",34,610,"P024",1,1,3,0.035,1,"",0.035,""
"2017-07-17",34,2212,"P024",1,1,0,0.001,1,"",0,""
"2017-07-17",34,2417,"P024",1,1,0,0.009,1,"",0,""
"2017-07-17",34,2513,"P024",1,1,1,0.072,1,"",0.072,""
"2017-07-17",34,2550,"P024",1,1,65,9.47,1,"",9.47,""
"2017-07-17",34,6511,"P024",1,1,0,0.046,1,"",0,""
"2017-07-17",34,9400,"P024",1,1,0,0,1,"",0,""
"2017-07-17",35,12,"P024",1,1,1,0.006,1,"",0.006,""
"2017-07-17",35,42,"P024",1,1,4,0.333,1,"",0.333,""
"2017-07-17",35,610,"P024",1,1,1,0.013,1,"",0.013,""
"2017-07-17",35,2417,"P024",1,1,0,0.004,1,"",0,""
"2017-07-17",35,2550,"P024",1,1,140,21.3,1,"",21.3,""
"2017-07-17",35,9400,"P024",1,1,0,0.008,1,"",0,""
"2017-07-17",36,42,"P024",1,1,4,0.169,1,"",0.169,""
"2017-07-17",36,43,"P024",1,1,2,0.075,1,"",0.075,""
"2017-07-17",36,60,"P024",1,1,1,0.002,1,"",0.002,""
"2017-07-17",36,251,"P024",1,1,2,0.001,1,"",0.001,""
"2017-07-17",36,2417,"P024",1,1,0,0.001,1,"",0,""
"2017-07-17",36,2513,"P024",1,1,1,0.012,1,"",0.012,""
"2017-07-17",36,2550,"P024",1,1,259,41.7,2,"",41.7,""
"2017-07-17",36,6200,"P024",1,1,0,0.001,1,"",0,""
"2017-07-17",36,8600,"P024",1,1,0,0.035,1,"",0,""
"2017-07-17",37,42,"P024",1,1,5,0.085,1,"",0.085,""
"2017-07-17",37,43,"P024",1,1,1,0.048,1,"",0.048,""
"2017-07-17",37,340,"P024",1,1,1,0.001,1,"",0.001,""
"2017-07-17",37,610,"P024",1,1,7,0.103,1,"",0.103,""
"2017-07-17",37,2417,"P024",1,1,0,0.067,1,"",0,""
"2017-07-17",37,2550,"P024",1,1,291,45.5,2,"",45.5,""
"2017-07-17",37,8500,"P024",1,1,0,0.095,1,"",0,""
"2017-07-17",37,8600,"P024",1,1,0,0.04,1,"",0,""
"2017-07-20",38,17,"P024",1,1,3,0.3,1,"",0.3,""
"2017-07-20",38,43,"P024",1,1,57,3.1,1,"",3.1,""
"2017-07-20",38,62,"P024",1,1,8,0.9,1,"",0.9,""
"2017-07-20",38,63,"P024",1,1,91,1.7,1,"",1.7,""
"2017-07-20",38,70,"P024",1,1,4,0.9,1,"",0.9,""
"2017-07-20",38,122,"P024",1,1,2,0.02,1,"",0.02,""
"2017-07-20",38,143,"P024",1,1,5,0.5,1,"",0.5,""
"2017-07-20",38,204,"P024",1,1,1,0.63,1,"",0.63,""
"2017-07-20",38,303,"P024",1,1,2,0.052,1,"",0.052,""
"2017-07-20",38,640,"P024",1,1,1,0.1,1,"",0.1,""
"2017-07-20",38,2539,"P024",1,1,2,0.2,1,"",0.2,""
"2017-07-20",38,2550,"P024",1,1,348,58.3,3,"",58.3,""
"2017-07-20",38,8300,"P024",1,1,0,0.01,1,"",0,""
"2017-07-20",39,17,"P024",1,1,4,0.4,1,"",0.4,""
"2017-07-20",39,43,"P024",1,1,84,8.89,1,"",8.89,""
"2017-07-20",39,63,"P024",1,1,159,3.2,1,"",3.2,""
"2017-07-20",39,70,"P024",1,1,3,0.8,1,"",0.8,""
"2017-07-20",39,122,"P024",1,1,2,0.05,1,"",0.05,""
"2017-07-20",39,143,"P024",1,1,2,0.3,1,"",0.3,""
"2017-07-20",39,204,"P024",1,1,2,1.7,1,"",1.7,""
"2017-07-20",39,300,"P024",1,1,2,0.5,1,"",0.5,""
"2017-07-20",39,320,"P024",1,1,2,0.9,1,"",0.9,""
"2017-07-20",39,2550,"P024",1,1,425,82.5,5,"",61.1,""
"2017-07-20",39,8300,"P024",1,1,0,0.06,1,"",0,""
"2017-07-20",39,8500,"P024",1,1,0,0.06,1,"",0,""
"2017-07-20",40,43,"P024",1,1,7,1.3,1,"",1.3,""
"2017-07-20",40,70,"P024",1,1,1,0.3,1,"",0.3,""
"2017-07-20",40,204,"P024",1,1,4,1.8,1,"",1.8,""
"2017-07-20",40,320,"P024",1,1,2,0.7,1,"",0.7,""
"2017-07-20",40,2539,"P024",1,1,3,0.5,1,"",0.5,""
"2017-07-20",40,2550,"P024",1,1,164,33.4,2,"",33.4,""
"2017-07-20",41,43,"P024",1,1,141,11.4,1,"",11.4,""
"2017-07-20",41,62,"P024",1,1,7,0.7,1,"",0.7,""
"2017-07-20",41,63,"P024",1,1,244,3.18,1,"",3.18,""
"2017-07-20",41,70,"P024",1,1,1,0.286,1,"",0.286,""
"2017-07-20",41,204,"P024",1,1,2,2.25,1,"",2.25,""
"2017-07-20",41,2539,"P024",1,1,1,0.11,1,"",0.11,""
"2017-07-20",41,2550,"P024",1,1,265,57.9,4,"",44.3,""
"2017-07-20",41,8300,"P024",1,1,0,0.02,1,"",0,""
"2017-07-20",41,8500,"P024",1,1,0,0.02,1,"",0,""
"2017-07-20",42,43,"P024",1,1,6,0.5,1,"",0.5,""
"2017-07-20",42,122,"P024",1,1,1,0.2,1,"",0.2,""
"2017-07-20",42,2539,"P024",1,1,8,1.1,1,"",1.1,""
"2017-07-20",42,2550,"P024",1,1,108,17.9,1,"",17.9,""
"2017-07-20",42,8500,"P024",1,1,0,0.06,1,"",0,""
"2017-07-21",43,204,"P024",1,1,2,1.27,1,"",1.27,""
"2017-07-21",43,2539,"P024",1,1,6,0.566,1,"",0.566,""
"2017-07-21",43,2550,"P024",1,1,4,1.66,1,"",1.66,""
"2017-07-21",43,9304,"P024",1,1,0,0.2,1,"",0,"lots in net not weighed"
"2017-07-21",44,43,"P024",1,1,24,1.1,1,"",1.1,""
"2017-07-21",44,60,"P024",1,1,1,0.007,1,"",0.007,""
"2017-07-21",44,63,"P024",1,1,65,0.66,1,"",0.66,""
"2017-07-21",44,204,"P024",1,1,1,0.86,1,"",0.86,""
"2017-07-21",44,2539,"P024",1,1,3,0.42,1,"",0.42,""
"2017-07-21",44,2550,"P024",1,1,189,40.9,2,"",40.9,""
"2017-07-21",44,6119,"P024",1,1,0,0.001,1,"",0,""
"2017-07-21",45,43,"P024",1,1,1,0.022,1,"",0.022,""
"2017-07-21",45,63,"P024",1,1,3,0.038,1,"",0.038,"Only 3; one half body"
"2017-07-21",45,70,"P024",1,1,4,1.14,1,"",1.14,""
"2017-07-21",45,143,"P024",1,1,1,0.008,1,"",0.008,""
"2017-07-21",45,2539,"P024",1,1,2,0.1,1,"",0.1,""
"2017-07-21",45,2550,"P024",1,1,27,7.45,1,"",7.45,""
"2017-07-21",46,2539,"P024",1,1,8,1.1,1,"",1.1,""
"2017-07-21",46,2550,"P024",1,1,99,17.7,1,"",17.7,""
"2017-07-21",46,8500,"P024",1,1,0,0.21,1,"",0,""
"2017-07-21",46,9300,"P024",1,1,0,0.13,1,"",0,""
"2017-07-21",47,42,"P024",1,1,3,0.497,1,"",0.497,""
"2017-07-21",47,43,"P024",1,1,14,1.32,1,"",1.32,""
"2017-07-21",47,204,"P024",1,1,2,0.843,1,"",0.843,""
"2017-07-21",47,2550,"P024",1,1,25,9.83,1,"",9.83,""
"2017-07-21",47,8500,"P024",1,1,0,0.55,1,"",0,""
"2017-07-21",47,9300,"P024",1,1,0,0.24,1,"",0,""
"2017-07-21",48,43,"P024",1,1,132,12.3,1,"",12.3,""
"2017-07-21",48,143,"P024",1,1,1,0.19,1,"",0.19,""
"2017-07-21",48,300,"P024",1,1,1,0.11,1,"",0.11,""
"2017-07-21",48,2550,"P024",1,1,31,15.4,1,"",15.4,""
"2017-07-21",48,6511,"P024",1,1,0,0.02,1,"",0,""
"2017-07-21",48,8500,"P024",1,1,0,0.14,1,"",0,""
"2017-07-21",49,43,"P024",1,1,68,7.21,1,"",7.21,""
"2017-07-21",49,63,"P024",1,1,361,5.26,2,"",2.93,""
"2017-07-21",49,303,"P024",1,1,1,0.015,1,"",0.015,""
"2017-07-21",49,2513,"P024",1,1,2,0.387,1,"",0.387,""
"2017-07-21",49,2550,"P024",1,1,28,11.7,1,"",11.7,""
"2017-07-21",49,4000,"P024",1,1,0,0,1,"",0,""
"2017-07-21",49,6100,"P024",1,1,0,0.001,1,"",0,""
"2017-07-21",49,8500,"P024",1,1,0,0.38,1,"",0,""
"2017-07-21",49,9300,"P024",1,1,0,0.52,1,"",0,""
"2017-07-22",50,12,"P024",1,1,1,0.13,1,"",0.13,""
"2017-07-22",50,43,"P024",1,1,22,0.88,1,"",0.88,""
"2017-07-22",50,63,"P024",1,1,89,1.14,1,"",1.14,""
"2017-07-22",50,70,"P024",1,1,1,0.16,1,"",0.16,""
"2017-07-22",50,122,"P024",1,1,3,0.13,1,"",0.13,""
"2017-07-22",50,143,"P024",1,1,1,0.04,1,"",0.04,""
"2017-07-22",50,2417,"P024",1,1,0,0.006,1,"",0,""
"2017-07-22",50,2550,"P024",1,1,19,12.7,1,"",12.7,""
"2017-07-22",50,6100,"P024",1,1,0,0.001,1,"",0,""
"2017-07-22",50,8500,"P024",1,1,0,1.62,1,"",0,""
"2017-07-22",50,9300,"P024",1,1,0,0.4,1,"",0,""
"2017-07-22",51,43,"P024",1,1,53,1.66,2,"",1.66,""
"2017-07-22",51,60,"P024",1,1,2,0.003,1,"",0.003,""
"2017-07-22",51,251,"P024",1,1,17,0.024,1,"",0.024,""
"2017-07-22",51,2417,"P024",1,1,0,0,1,"",0,""
"2017-07-22",52,43,"P024",1,1,46,1.64,1,"",1.64,""
"2017-07-22",52,63,"P024",1,1,22,0.33,1,"",0.33,""
"2017-07-22",52,143,"P024",1,1,3,0.14,1,"",0.14,""
"2017-07-22",52,2417,"P024",1,1,0,0.013,1,"",0,""
"2017-07-22",52,2513,"P024",1,1,1,0.06,1,"",0.06,""
"2017-07-22",52,2550,"P024",1,1,28,13.5,1,"",13.5,""
"2017-07-22",52,6100,"P024",1,1,0,0.04,1,"",0,""
"2017-07-22",52,8500,"P024",1,1,0,0.04,1,"",0,""
"2017-07-22",53,43,"P024",1,1,49,2.35,1,"",2.35,""
"2017-07-22",53,63,"P024",1,1,97,1.87,1,"",1.87,""
"2017-07-22",53,122,"P024",1,1,6,0.098,1,"",0.098,""
"2017-07-22",53,251,"P024",1,1,387,0.918,2,"",0.197,""
"2017-07-22",53,2550,"P024",1,1,16,11.1,1,"",11.1,""
"2017-07-22",53,6100,"P024",1,1,0,0.001,1,"",0,""
"2017-07-22",53,6119,"P024",1,1,0,0.002,1,"",0,""
"2017-07-22",53,8300,"P024",1,1,0,0.25,1,"",0,""
"2017-07-22",54,43,"P024",1,1,19,1.08,1,"",1.08,""
"2017-07-22",54,60,"P024",1,1,1,0.001,1,"",0.001,""
"2017-07-22",54,143,"P024",1,1,4,0.39,1,"",0.39,""
"2017-07-22",54,630,"P024",1,1,1,0.011,1,"",0.011,""
"2017-07-22",54,2417,"P024",1,1,0,0.5,1,"",0,""
"2017-07-22",54,2513,"P024",1,1,3,0.29,1,"",0.29,""
"2017-07-22",54,2550,"P024",1,1,3,3.64,1,"",3.64,""
"2017-07-22",54,3100,"P024",1,1,0,0.001,1,"",0,""
"2017-07-22",54,4351,"P024",1,1,0,0.001,1,"",0,""
"2017-07-22",54,6100,"P024",1,1,0,0.041,1,"",0,""
"2017-07-22",55,43,"P024",1,1,25,0.792,1,"",0.792,""
"2017-07-22",55,63,"P024",1,1,2,0.024,1,"",0.024,""
"2017-07-22",55,122,"P024",1,1,2,0.058,1,"",0.058,""
"2017-07-22",55,251,"P024",1,1,4,0.017,1,"",0.017,""
"2017-07-22",55,2417,"P024",1,1,0,0.25,1,"",0,""
"2017-07-22",55,2513,"P024",1,1,3,0.427,1,"",0.427,""
"2017-07-22",55,2550,"P024",1,1,6,3.02,1,"",3.02,""
"2017-07-22",55,6100,"P024",1,1,0,0.38,1,"",0,""
"2017-07-22",55,6119,"P024",1,1,0,0.003,1,"",0,""
"2017-07-23",56,10,"P024",1,1,2,0.07,1,"",0.07,""
"2017-07-23",56,43,"P024",1,1,106,2.8,1,"",2.8,""
"2017-07-23",56,63,"P024",1,1,843,16.9,3,"",4.87,""
"2017-07-23",56,118,"P024",1,1,2,0.27,1,"",0.27,""
"2017-07-23",56,122,"P024",1,1,48,1.98,1,"",1.98,""
"2017-07-23",56,251,"P024",1,1,7,0.014,1,"",0.014,""
"2017-07-23",56,2417,"P024",1,1,0,0.004,1,"",0,""
"2017-07-23",56,2513,"P024",1,1,1,0.11,1,"",0.11,""
"2017-07-23",56,2550,"P024",1,1,10,6.32,1,"",6.32,""
"2017-07-23",56,6110,"P024",1,1,0,0.005,1,"",0,""
"2017-07-23",56,8300,"P024",1,1,0,0.33,1,"",0,""
"2017-07-23",56,9300,"P024",1,1,0,0.05,1,"",0,""
"2017-07-23",57,43,"P024",1,1,4,0.08,1,"",0.08,""
"2017-07-23",57,63,"P024",1,1,2,0.04,1,"",0.04,""
"2017-07-23",57,251,"P024",1,1,1,0.001,1,"",0.001,""
"2017-07-23",57,630,"P024",1,1,1,0.077,1,"",0.077,""
"2017-07-23",57,2417,"P024",1,1,0,0,1,"",0,""
"2017-07-23",57,2513,"P024",1,1,10,1.49,1,"",1.49,""
"2017-07-23",57,3100,"P024",1,1,0,0.42,1,"",0,""
"2017-07-23",57,4351,"P024",1,1,0,0.006,1,"",0,""
"2017-07-23",58,43,"P024",1,1,45,1.15,1,"",1.15,""
"2017-07-23",58,60,"P024",1,1,13,0.048,1,"",0.048,""
"2017-07-23",58,63,"P024",1,1,603,12.8,3,"",4.12,""
"2017-07-23",58,122,"P024",1,1,15,0.69,1,"",0.69,""
"2017-07-23",58,251,"P024",1,1,7,0.006,1,"",0.006,""
"2017-07-23",58,2417,"P024",1,1,0,0.008,1,"",0,""
"2017-07-23",58,2513,"P024",1,1,2,0.32,1,"",0.32,""
"2017-07-23",58,2550,"P024",1,1,16,5.8,1,"",5.8,""
"2017-07-23",58,8300,"P024",1,1,0,0.19,1,"",0,""
"2017-07-23",59,43,"P024",1,1,2,0.14,1,"",0.14,""
"2017-07-23",59,63,"P024",1,1,1,0.024,1,"",0.024,""
"2017-07-23",59,143,"P024",1,1,2,0.32,1,"",0.32,""
"2017-07-23",59,630,"P024",1,1,1,0.09,1,"",0.09,""
"2017-07-23",59,2417,"P024",1,1,0,0.002,1,"",0,""
"2017-07-23",59,2513,"P024",1,1,5,0.79,1,"",0.79,""
"2017-07-23",59,2550,"P024",1,1,1,0.61,1,"",0.61,""
"2017-07-23",59,3100,"P024",1,1,0,0.006,1,"",0,""
"2017-07-23",59,4351,"P024",1,1,0,0.002,1,"",0,""
"2017-07-23",59,8600,"P024",1,1,0,0.05,1,"",0,""
"2017-07-23",60,43,"P024",1,1,5,0.299,1,"",0.299,""
"2017-07-23",60,114,"P024",1,1,1,0.013,1,"",0.013,""
"2017-07-23",60,2417,"P024",1,1,0,0.002,1,"",0,""
"2017-07-23",60,2513,"P024",1,1,26,4.71,1,"",4.71,""
"2017-07-23",60,2550,"P024",1,1,2,0.755,1,"",0.755,""
"2017-07-23",60,3100,"P024",1,1,0,0.06,1,"",0,""
"2017-07-23",60,4351,"P024",1,1,0,0,1,"",0,""
"2017-07-23",60,6718,"P024",1,1,0,0.005,1,"",0,""
"2017-07-23",60,8500,"P024",1,1,0,0.187,1,"",0,""
"2017-07-23",61,2417,"P024",1,1,0,0.001,1,"",0,""
"2017-07-23",61,2513,"P024",1,1,15,2.49,1,"",2.49,""
"2017-07-23",61,2550,"P024",1,1,1,0.59,1,"",0.59,""
"2017-07-23",61,3100,"P024",1,1,0,0.074,1,"",0,""
"2017-07-23",61,4351,"P024",1,1,0,0.002,1,"",0,""
"2017-07-23",61,8500,"P024",1,1,0,0.064,1,"",0,""
"2017-07-23",62,43,"P024",1,1,9,0.37,1,"",0.37,""
"2017-07-23",62,60,"P024",1,1,153,0.28,1,"",0.28,""
"2017-07-23",62,63,"P024",1,1,3,0.04,1,"",0.04,""
"2017-07-23",62,251,"P024",1,1,2,0.001,1,"",0.001,""
"2017-07-23",62,2417,"P024",1,1,0,0.001,1,"",0,""
"2017-07-23",62,2550,"P024",1,1,9,5.21,1,"",5.21,""
"2017-07-24",63,43,"P024",1,1,4,0.067,1,"",0.067,""
"2017-07-24",63,60,"P024",1,1,5,0.014,1,"",0.014,""
"2017-07-24",63,143,"P024",1,1,2,0.055,1,"",0.055,""
"2017-07-24",63,251,"P024",1,1,4,0.007,1,"",0.007,""
"2017-07-24",63,2417,"P024",1,1,0,0,1,"",0,""
"2017-07-24",63,2513,"P024",1,1,18,3.16,1,"",3.16,""
"2017-07-24",63,2550,"P024",1,1,6,2.86,1,"",2.86,""
"2017-07-24",63,3100,"P024",1,1,0,1.23,1,"",0,"Tube worms"
"2017-07-24",63,4351,"P024",1,1,0,0.008,1,"",0,""
"2017-07-24",63,8500,"P024",1,1,0,0.028,1,"",0,""
"2017-07-24",64,43,"P024",1,1,6,0.178,1,"",0.178,""
"2017-07-24",64,60,"P024",1,1,1583,5,3,"",0.78,""
"2017-07-24",64,63,"P024",1,1,24,0.306,1,"",0.306,""
"2017-07-24",64,70,"P024",1,1,32,5.89,1,"",5.89,""
"2017-07-24",64,251,"P024",1,1,6,0.004,1,"",0.004,""
"2017-07-24",64,630,"P024",1,1,1,0.01,1,"",0.01,""
"2017-07-24",64,2417,"P024",1,1,0,0.006,1,"",0,""
"2017-07-24",64,2550,"P024",1,1,8,3.05,1,"",3.05,""
"2017-07-24",64,3100,"P024",1,1,0,0.192,1,"",0,"tube worms in mud"
"2017-07-24",64,8500,"P024",1,1,0,0.322,1,"",0,""
"2017-07-24",65,43,"P024",1,1,4,0.119,1,"",0.119,""
"2017-07-24",65,60,"P024",1,1,91,0.362,2,"",0.362,""
"2017-07-24",65,62,"P024",1,1,6,0.76,1,"",0.76,""
"2017-07-24",65,63,"P024",1,1,50,1.1,1,"",1.1,""
"2017-07-24",65,251,"P024",1,1,6,0.006,1,"",0.006,""
"2017-07-24",65,2550,"P024",1,1,13,6.62,1,"",6.62,""
"2017-07-24",65,4511,"P024",1,1,1,0.053,1,"",0.053,""
"2017-07-24",65,8500,"P024",1,1,0,0.116,1,"",0,""
"2017-07-24",66,43,"P024",1,1,10,0.277,1,"",0.277,""
"2017-07-24",66,60,"P024",1,1,58,0.24,1,"",0.24,""
"2017-07-24",66,63,"P024",1,1,13,0.19,1,"",0.19,""
"2017-07-24",66,251,"P024",1,1,10,0.013,1,"",0.013,""
"2017-07-24",66,2212,"P024",1,1,0,0.001,1,"",0,""
"2017-07-24",66,2550,"P024",1,1,10,3.95,1,"",3.95,""
"2017-07-24",66,8500,"P024",1,1,0,0.09,1,"",0,""
"2017-07-24",67,43,"P024",1,1,11,0.376,1,"",0.376,""
"2017-07-24",67,60,"P024",1,1,275,12.9,1,"",12.9,""
"2017-07-24",67,63,"P024",1,1,39,0.533,1,"",0.533,""
"2017-07-24",67,251,"P024",1,1,5,0.001,1,"",0.001,""
"2017-07-24",67,2550,"P024",1,1,152,60.9,3,"",60.9,""
"2017-07-24",68,12,"P024",1,1,1,0.17,1,"",0.17,""
"2017-07-24",68,17,"P024",1,1,5,0.628,1,"",0.628,""
"2017-07-24",68,43,"P024",1,1,294,7.71,1,"",7.71,""
"2017-07-24",68,60,"P024",1,1,36,5.04,1,"",5.04,""
"2017-07-24",68,63,"P024",1,1,181,3.8,1,"",3.8,""
"2017-07-24",68,122,"P024",1,1,2,0.047,2,"",0.047,""
"2017-07-24",68,300,"P024",1,1,1,0.229,1,"",0.229,""
"2017-07-24",68,2550,"P024",1,1,134,50.7,3,"",50.7,""
"2017-07-24",68,8500,"P024",1,1,0,0.308,1,"",0,""
"2017-07-24",69,40,"P024",1,1,2,0.03,1,"",0.03,""
"2017-07-24",69,43,"P024",1,1,10,0.395,1,"",0.395,""
"2017-07-24",69,62,"P024",1,1,6,0.786,1,"",0.786,""
"2017-07-24",69,63,"P024",1,1,18,0.375,1,"",0.375,""
"2017-07-24",69,251,"P024",1,1,5,0.009,1,"",0.009,""
"2017-07-24",69,300,"P024",1,1,1,0.081,1,"",0.081,""
"2017-07-24",69,2212,"P024",1,1,0,0.075,1,"",0,""
"2017-07-24",69,2417,"P024",1,1,0,0.091,1,"",0,""
"2017-07-24",69,2550,"P024",1,1,28,10.5,1,"",10.5,""
"2017-07-24",69,8300,"P024",1,1,0,0,1,"",0,""
"2017-07-24",69,8600,"P024",1,1,0,0.001,1,"",0,""
"2017-07-25",70,43,"P024",1,1,13,0.375,1,"",0.375,""
"2017-07-25",70,143,"P024",1,1,1,0.19,1,"",0.19,""
"2017-07-25",70,2550,"P024",1,1,274,56.8,3,"",56.8,""
"2017-07-25",70,9300,"P024",1,1,0,0,1,"",0,""
"2017-07-25",71,43,"P024",1,1,88,2.99,1,"",2.99,""
"2017-07-25",71,60,"P024",1,1,54,2.2,1,"",2.2,""
"2017-07-25",71,62,"P024",1,1,1,0.043,1,"",0.043,""
"2017-07-25",71,63,"P024",1,1,240,5.46,3,"",3.96,""
"2017-07-25",71,122,"P024",1,1,3,0.109,1,"",0.109,""
"2017-07-25",71,143,"P024",1,1,1,0.018,1,"",0.018,""
"2017-07-25",71,2550,"P024",1,1,288,87.8,5,"",68.7,""
"2017-07-25",71,2990,"P024",1,1,0,0.09,1,"",0,""
"2017-07-25",71,4000,"P024",1,1,0,0.08,1,"",0,""
"2017-07-25",71,6119,"P024",1,1,0,0.005,1,"",0,""
"2017-07-25",71,8300,"P024",1,1,0,0.37,1,"",0,""
"2017-07-25",71,8600,"P024",1,1,0,0.022,1,"",0,""
"2017-07-25",71,9300,"P024",1,1,0,0.33,1,"",0,""
"2017-07-26",74,43,"P024",1,1,50,1.39,2,"",1.39,""
"2017-07-26",74,60,"P024",1,1,2,0.008,1,"",0.008,""
"2017-07-26",74,63,"P024",1,1,97,2.78,2,"",2.78,""
"2017-07-26",74,118,"P024",1,1,3,0.399,1,"",0.399,""
"2017-07-26",74,122,"P024",1,1,1,0.105,1,"",0.105,""
"2017-07-26",74,251,"P024",1,1,1,0.001,1,"",0.001,""
"2017-07-26",74,300,"P024",1,1,1,0.089,1,"",0.089,""
"2017-07-26",74,622,"P024",1,1,1,0.018,1,"",0.018,""
"2017-07-26",74,2513,"P024",1,1,3,0.45,1,"",0.45,""
"2017-07-26",74,2550,"P024",1,1,227,74.1,4,"",62,""
"2017-07-26",74,6118,"P024",1,1,0,0.001,1,"",0,""
"2017-07-26",74,8600,"P024",1,1,0,0.869,1,"",0,""
"2017-07-26",74,9200,"P024",1,1,0,0.155,1,"",0,""
"2017-07-26",75,43,"P024",1,1,10,0.704,1,"",0.704,""
"2017-07-26",75,63,"P024",1,1,90,1.12,2,"",1.06,""
"2017-07-26",75,143,"P024",1,1,1,0.046,1,"",0.046,""
"2017-07-26",75,2417,"P024",1,1,0,0.001,1,"",0,""
"2017-07-26",75,2513,"P024",1,1,2,0.304,1,"",0.304,""
"2017-07-26",75,2550,"P024",1,1,201,72.4,4,"",62.7,""
"2017-07-26",75,6110,"P024",1,1,0,0.036,1,"",0,""
"2017-07-26",75,6119,"P024",1,1,0,0.002,1,"",0,""
"2017-07-26",75,8300,"P024",1,1,0,0.199,1,"",0,""
"2017-07-26",75,8600,"P024",1,1,0,0.2,1,"",0,""
"2017-07-26",75,9300,"P024",1,1,0,0.892,1,"",0,""
"2017-07-26",75,9303,"P024",1,1,0,0.25,1,"",0,""
"2017-07-26",76,43,"P024",1,1,206,2.82,1,"",2.82,""
"2017-07-26",76,60,"P024",1,1,1,0.011,1,"",0.011,""
"2017-07-26",76,63,"P024",1,1,163,2.49,2,"",2.49,""
"2017-07-26",76,70,"P024",1,1,6,1.33,1,"",1.33,""
"2017-07-26",76,118,"P024",1,1,1,0.117,1,"",0.117,""
"2017-07-26",76,122,"P024",1,1,2,0.076,1,"",0.076,""
"2017-07-26",76,2417,"P024",1,1,0,0.012,1,"",0,""
"2017-07-26",76,2513,"P024",1,1,1,0.035,1,"",0.035,""
"2017-07-26",76,2521,"P024",1,1,1,0.005,1,"",0.005,""
"2017-07-26",76,2550,"P024",1,1,237,82.8,4,"",65.3,""
"2017-07-26",76,6110,"P024",1,1,0,0.049,1,"",0,""
"2017-07-26",76,8300,"P024",1,1,0,0.221,1,"",0,""
"2017-07-26",76,8500,"P024",1,1,0,0.061,1,"",0,""
"2017-07-26",76,8600,"P024",1,1,0,1.1,1,"",0,""
"2017-07-26",76,9200,"P024",1,1,0,0.012,1,"",0,""
"2017-07-26",76,9300,"P024",1,1,0,0.455,1,"",0,""
"2017-07-26",76,9303,"P024",1,1,0,0.23,1,"",0,""
"2017-07-26",77,43,"P024",1,1,68,3.24,1,"",3.24,""
"2017-07-26",77,60,"P024",1,1,1,0.107,1,"",0.107,""
"2017-07-26",77,62,"P024",1,1,43,5.8,1,"",5.8,""
"2017-07-26",77,63,"P024",1,1,41,1.34,1,"",1.34,""
"2017-07-26",77,70,"P024",1,1,1,0.268,1,"",0.268,""
"2017-07-26",77,251,"P024",1,1,4,0.011,1,"",0.011,""
"2017-07-26",77,300,"P024",1,1,1,0.082,1,"",0.082,""
"2017-07-26",77,2212,"P024",1,1,0,0.007,1,"",0,""
"2017-07-26",77,2417,"P024",1,1,0,0.006,1,"",0,""
"2017-07-26",77,2513,"P024",1,1,1,0.186,1,"",0.186,""
"2017-07-26",77,2550,"P024",1,1,52,16.9,1,"",16.9,""
"2017-07-26",77,4000,"P024",1,1,0,0.491,1,"",0,""
"2017-07-26",77,4332,"P024",1,1,0,0.159,1,"",0,""
"2017-07-26",77,6110,"P024",1,1,0,0.01,1,"",0,""
"2017-07-26",77,6211,"P024",1,1,0,0.001,1,"",0,""
"2017-07-26",77,8600,"P024",1,1,0,21.6,1,"",0,""
"2017-07-26",77,9300,"P024",1,1,0,0.078,1,"",0,""
"2017-07-26",78,30,"P024",1,1,1,3.48,1,"",3.48,""
"2017-07-26",78,40,"P024",1,1,1,0.003,1,"",0.003,""
"2017-07-26",78,43,"P024",1,1,24,0.952,1,"",0.952,""
"2017-07-26",78,60,"P024",1,1,32,2.49,1,"",2.49,""
"2017-07-26",78,62,"P024",1,1,3,0.368,1,"",0.368,""
"2017-07-26",78,63,"P024",1,1,91,2.16,1,"",2.16,""
"2017-07-26",78,70,"P024",1,1,1,0.326,1,"",0.326,""
"2017-07-26",78,251,"P024",1,1,3,0.003,1,"",0.003,""
"2017-07-26",78,2212,"P024",1,1,0,0.004,1,"",0,""
"2017-07-26",78,2550,"P024",1,1,122,33.9,2,"",33.9,""
"2017-07-26",78,8600,"P024",1,1,0,0.67,1,"",0,""
"2017-07-26",78,9303,"P024",1,1,0,0.118,1,"",0,""
"2017-07-26",79,60,"P024",1,1,2,0.324,1,"",0.324,""
"2017-07-26",79,63,"P024",1,1,1,0.026,1,"",0.026,""
"2017-07-26",79,118,"P024",1,1,2,0.16,1,"",0.16,""
"2017-07-26",79,251,"P024",1,1,1,0.001,1,"",0.001,""
"2017-07-26",79,340,"P024",1,1,6,0.006,1,"",0.006,""
"2017-07-26",79,2212,"P024",1,1,0,0.015,1,"",0,""
"2017-07-26",79,2417,"P024",1,1,0,0.004,1,"",0,""
"2017-07-26",79,2513,"P024",1,1,1,0.001,1,"",0.001,""
"2017-07-26",79,2550,"P024",1,1,6,1.21,1,"",1.21,""
"2017-07-26",79,5100,"P024",1,1,0,0.001,1,"",0,""
"2017-07-26",79,6110,"P024",1,1,0,0.001,1,"",0,""
"2017-07-26",79,8300,"P024",1,1,0,0.012,1,"",0,""
"2017-07-26",79,8600,"P024",1,1,0,0.763,1,"",0,""
"2017-07-27",80,12,"P024",1,1,2,0.013,1,"",0.013,""
"2017-07-27",80,42,"P024",1,1,3,0.33,1,"",0.33,""
"2017-07-27",80,43,"P024",1,1,18,1.19,2,"",1.19,""
"2017-07-27",80,63,"P024",1,1,11,0.173,1,"",0.173,""
"2017-07-27",80,143,"P024",1,1,1,0.037,1,"",0.037,""
"2017-07-27",80,300,"P024",1,1,1,0.464,1,"",0.464,""
"2017-07-27",80,2212,"P024",1,1,0,0.016,1,"",0,""
"2017-07-27",80,2417,"P024",1,1,0,0.002,1,"",0,""
"2017-07-27",80,2513,"P024",1,1,5,0.804,1,"",0.804,""
"2017-07-27",80,2550,"P024",1,1,106,24.9,2,"",24.9,""
"2017-07-27",80,8500,"P024",1,1,0,0.06,1,"",0,""
"2017-07-27",81,43,"P024",1,1,3,0.285,1,"",0.285,""
"2017-07-27",81,251,"P024",1,1,2,0.002,1,"",0.002,""
"2017-07-27",81,2212,"P024",1,1,0,0.001,1,"",0,""
"2017-07-27",81,2417,"P024",1,1,0,0.001,1,"",0,""
"2017-07-27",81,2550,"P024",1,1,15,3.05,1,"",3.05,""
"2017-07-27",81,3100,"P024",1,1,0,0.001,1,"",0,""
"2017-07-27",82,40,"P024",1,1,7,1.14,1,"",1.14,""
"2017-07-27",82,42,"P024",1,1,1,0.066,1,"",0.066,""
"2017-07-27",82,43,"P024",1,1,17,1.95,1,"",1.95,""
"2017-07-27",82,60,"P024",1,1,2,0.004,1,"",0.004,""
"2017-07-27",82,300,"P024",1,1,4,0.795,1,"",0.795,""
"2017-07-27",82,623,"P024",1,1,1,0.002,1,"",0.002,""
"2017-07-27",82,2212,"P024",1,1,0,0.147,1,"",0,""
"2017-07-27",82,2417,"P024",1,1,0,0.006,1,"",0,""
"2017-07-27",82,2513,"P024",1,1,1,0.367,1,"",0.367,""
"2017-07-27",82,2550,"P024",1,1,3,1.05,1,"",1.05,""
"2017-07-27",82,8500,"P024",1,1,0,0,1,"",0,""
"2017-07-27",82,9303,"P024",1,1,0,0.018,1,"",0,""
"2017-07-27",82,9630,"P024",1,1,0,0.068,1,"",0,""
"2017-07-27",83,40,"P024",1,1,2,0.178,1,"",0.178,""
"2017-07-27",83,43,"P024",1,1,5,0.488,1,"",0.488,""
"2017-07-27",83,62,"P024",1,1,1,0.095,1,"",0.095,""
"2017-07-27",83,63,"P024",1,1,1,0.013,1,"",0.013,""
"2017-07-27",83,300,"P024",1,1,1,0.086,1,"",0.086,""
"2017-07-27",83,301,"P024",1,1,1,0.837,1,"",0.837,""
"2017-07-27",83,2417,"P024",1,1,0,0.001,1,"",0,""
"2017-07-27",83,2550,"P024",1,1,45,9.26,1,"",9.26,""
"2017-07-27",83,8600,"P024",1,1,0,0.005,1,"",0,""
"2017-07-27",83,9303,"P024",1,1,0,0.033,1,"",0,""
"2017-07-27",84,40,"P024",1,1,20,1.15,1,"",1.15,""
"2017-07-27",84,43,"P024",1,1,1,0.246,1,"",0.246,""
"2017-07-27",84,300,"P024",1,1,1,0.077,1,"",0.077,""
"2017-07-27",84,340,"P024",1,1,1,0.001,1,"",0.001,""
"2017-07-27",84,2212,"P024",1,1,0,0.008,1,"",0,""
"2017-07-27",84,2411,"P024",1,1,0,0.075,1,"",0,""
"2017-07-27",84,2550,"P024",1,1,3,0.941,1,"",0.941,""
"2017-07-27",84,4511,"P024",1,1,1,0.063,1,"",0.063,""
"2017-07-27",84,6215,"P024",1,1,0,0,1,"",0,""
"2017-07-27",84,9303,"P024",1,1,0,0.03,1,"",0,""
"2017-07-27",85,40,"P024",1,1,10,0.966,1,"",0.966,""
"2017-07-27",85,623,"P024",1,1,1,0.001,1,"",0.001,""
"2017-07-27",85,1820,"P024",1,1,0,0.004,1,"",0,"Tunicate? frozen   -  comment: identified as a tunicate from the Ascidiidae family by R. Bernier (19 September 2018)"
"2017-07-27",85,2212,"P024",1,1,0,0.012,1,"",0,""
"2017-07-27",85,2411,"P024",1,1,0,0.055,1,"",0,""
"2017-07-27",85,2550,"P024",1,1,3,1.2,1,"",1.2,""
"2017-07-27",85,6215,"P024",1,1,0,0.025,1,"",0,""
"2017-07-27",85,9303,"P024",1,1,0,0.156,1,"",0,""
"2017-07-27",85,9630,"P024",1,1,0,0.095,1,"",0,""
"2017-07-27",86,40,"P024",1,1,8,0.794,1,"",0.794,""
"2017-07-27",86,2212,"P024",1,1,0,0.004,1,"",0,""
"2017-07-27",86,2411,"P024",1,1,0,0.039,1,"",0,""
"2017-07-27",86,2526,"P024",1,1,12,7.54,1,"",7.54,""
"2017-07-27",86,2550,"P024",1,1,2,0.805,1,"",0.805,""
"2017-07-27",86,6115,"P024",1,1,0,0.195,1,"",0,""
"2017-07-27",86,6215,"P024",1,1,0,0.01,1,"",0,""
"2017-07-27",87,40,"P024",1,1,13,2.67,1,"",2.67,""
"2017-07-27",87,43,"P024",1,1,1,0.179,1,"",0.179,""
"2017-07-27",87,2212,"P024",1,1,0,0.005,1,"",0,""
"2017-07-27",87,2411,"P024",1,1,0,0.022,1,"",0,""
"2017-07-27",87,2526,"P024",1,1,27,9.87,1,"",9.87,""
"2017-07-27",87,6115,"P024",1,1,0,0.222,1,"",0,""
"2017-07-27",87,6215,"P024",1,1,0,0.006,1,"",0,""
"2017-07-27",87,8500,"P024",1,1,0,0.188,1,"",0,""
"2017-07-28",88,12,"P024",1,1,1,0.006,1,"",0.006,""
"2017-07-28",88,42,"P024",1,1,1,0.138,1,"",0.138,""
"2017-07-28",88,43,"P024",1,1,37,2.15,1,"",2.15,""
"2017-07-28",88,60,"P024",1,1,32,2.95,1,"",2.95,""
"2017-07-28",88,62,"P024",1,1,1,0.13,1,"",0.13,""
"2017-07-28",88,63,"P024",1,1,10,0.256,2,"",0.256,""
"2017-07-28",88,70,"P024",1,1,3,0.545,1,"",0.545,""
"2017-07-28",88,122,"P024",1,1,1,0.006,1,"",0.006,""
"2017-07-28",88,301,"P024",1,1,1,1.24,1,"",1.24,""
"2017-07-28",88,2550,"P024",1,1,376,76.3,4,"",65.4,""
"2017-07-28",88,6119,"P024",1,1,0,0.001,1,"",0,""
"2017-07-28",89,10,"P024",1,1,1,0.031,1,"",0.031,""
"2017-07-28",89,40,"P024",1,1,17,0.794,1,"",0.794,""
"2017-07-28",89,42,"P024",1,1,2,0.065,1,"",0.065,""
"2017-07-28",89,43,"P024",1,1,13,2.26,1,"",2.26,""
"2017-07-28",89,251,"P024",1,1,1,0.019,1,"",0.019,""
"2017-07-28",89,2212,"P024",1,1,0,0.001,1,"",0,""
"2017-07-28",89,2550,"P024",1,1,10,2.92,1,"",2.92,""
"2017-07-28",89,3100,"P024",1,1,0,0.001,1,"",0,""
"2017-07-28",89,9303,"P024",1,1,0,0.024,1,"",0,""
"2017-07-28",90,12,"P024",1,1,2,0.011,1,"",0.011,""
"2017-07-28",90,42,"P024",1,1,7,0.632,2,"",0.632,""
"2017-07-28",90,43,"P024",1,1,121,17.7,2,"",17.7,""
"2017-07-28",90,204,"P024",1,1,3,2.02,1,"",2.02,""
"2017-07-28",90,2550,"P024",1,1,522,156,7,"",66,""
"2017-07-28",91,40,"P024",1,1,29,4.64,1,"",4.64,""
"2017-07-28",91,42,"P024",1,1,2,0.161,1,"",0.161,""
"2017-07-28",91,43,"P024",1,1,33,3.25,1,"",3.25,""
"2017-07-28",91,2212,"P024",1,1,0,0.004,1,"",0,""
"2017-07-28",91,2550,"P024",1,1,3,2.8,1,"",2.8,""
"2017-07-28",91,6215,"P024",1,1,0,0.016,1,"",0,""
"2017-07-28",91,8500,"P024",1,1,0,0.069,1,"",0,""
"2017-07-28",91,9303,"P024",1,1,0,0.033,1,"",0,""
"2017-07-28",92,40,"P024",1,1,10,1.93,1,"",1.93,""
"2017-07-28",92,2411,"P024",1,1,0,0.013,1,"",0,""
"2017-07-28",92,2526,"P024",1,1,10,3.15,1,"",3.15,""
"2017-07-28",92,2550,"P024",1,1,1,0.553,1,"",0.553,""
"2017-07-28",92,4000,"P024",1,1,0,0.18,1,"",0,""
"2017-07-28",92,6115,"P024",1,1,0,0.155,1,"",0,""
"2017-07-28",92,6121,"P024",1,1,0,0.314,1,"",0,""
"2017-07-28",92,6123,"P024",1,1,0,0.273,1,"",0,""
"2017-07-28",92,6215,"P024",1,1,0,0.038,1,"",0,""
"2017-07-28",92,9303,"P024",1,1,0,0.005,1,"",0,""
"2017-07-28",93,40,"P024",1,1,22,5.32,1,"",5.32,""
"2017-07-28",93,43,"P024",1,1,2,0.285,1,"",0.285,""
"2017-07-28",93,300,"P024",1,1,1,0.106,1,"",0.106,""
"2017-07-28",93,2526,"P024",1,1,1,0.271,1,"",0.271,""
"2017-07-28",93,2550,"P024",1,1,1,0.398,1,"",0.398,""
"2017-07-28",93,6215,"P024",1,1,0,0.007,1,"",0,""
"2017-07-28",94,40,"P024",1,1,6,0.341,1,"",0.341,""
"2017-07-28",94,42,"P024",1,1,1,0.058,1,"",0.058,""
"2017-07-28",94,43,"P024",1,1,8,1.11,1,"",1.11,""
"2017-07-28",94,251,"P024",1,1,1,0.016,1,"",0.016,""
"2017-07-28",94,622,"P024",1,1,1,0.004,1,"",0.004,""
"2017-07-28",94,2212,"P024",1,1,0,0.008,1,"",0,""
"2017-07-28",94,2417,"P024",1,1,0,0.001,1,"",0,""
"2017-07-28",94,2550,"P024",1,1,84,19.5,1,"",19.5,""
"2017-07-28",94,9303,"P024",1,1,0,0.009,1,"",0,""
"2017-07-29",95,12,"P024",1,1,1,0.011,1,"",0.011,""
"2017-07-29",95,42,"P024",1,1,1,0.041,1,"",0.041,""
"2017-07-29",95,43,"P024",1,1,21,1.01,2,"",1.01,""
"2017-07-29",95,62,"P024",1,1,1,0.144,1,"",0.144,""
"2017-07-29",95,63,"P024",1,1,21,0.607,1,"",0.607,""
"2017-07-29",95,122,"P024",1,1,1,0.098,1,"",0.098,""
"2017-07-29",95,251,"P024",1,1,1,0.02,1,"",0.02,""
"2017-07-29",95,2550,"P024",1,1,336,66.1,3,"",66.1,""
"2017-07-29",95,6119,"P024",1,1,0,0.001,1,"",0,""
"2017-07-29",95,8300,"P024",1,1,0,0,2,"",0,""
"2017-07-29",95,9400,"P024",1,1,0,0.09,1,"",0,""
"2017-07-29",96,40,"P024",1,1,2,0.751,1,"",0.751,""
"2017-07-29",96,2212,"P024",1,1,0,0.019,1,"",0,""
"2017-07-29",96,2213,"P024",1,1,0,0.002,1,"",0,""
"2017-07-29",96,2411,"P024",1,1,0,0.007,1,"",0,""
"2017-07-29",96,2521,"P024",1,1,3,0.029,1,"",0.029,""
"2017-07-29",96,2526,"P024",1,1,4,2.06,1,"",2.06,""
"2017-07-29",96,2550,"P024",1,1,1,0.321,1,"",0.321,""
"2017-07-29",96,8300,"P024",1,1,0,0.151,1,"",0,""
"2017-07-29",97,40,"P024",1,1,8,1.26,1,"",1.26,""
"2017-07-29",97,622,"P024",1,1,1,0.022,1,"",0.022,""
"2017-07-29",97,2212,"P024",1,1,0,0.008,1,"",0,""
"2017-07-29",97,2411,"P024",1,1,0,0.01,1,"",0,""
"2017-07-29",97,2526,"P024",1,1,12,5.46,1,"",5.46,""
"2017-07-29",97,4000,"P024",1,1,0,0.06,1,"",0,""
"2017-07-29",97,4230,"P024",1,1,0,0.022,1,"",0,""
"2017-07-29",97,6121,"P024",1,1,0,6.25,1,"",0,""
"2017-07-29",97,6123,"P024",1,1,0,0.18,1,"",0,""
"2017-07-29",97,9303,"P024",1,1,0,0.025,1,"",0,""
"2017-07-29",98,10,"P024",1,1,1,0.094,1,"",0.094,""
"2017-07-29",98,40,"P024",1,1,2,0.072,1,"",0.072,""
"2017-07-29",98,43,"P024",1,1,1,0.122,1,"",0.122,""
"2017-07-29",98,340,"P024",1,1,1,0.004,1,"",0.004,""
"2017-07-29",98,2212,"P024",1,1,0,0.042,1,"",0,""
"2017-07-29",98,2411,"P024",1,1,0,0.014,1,"",0,""
"2017-07-29",98,2526,"P024",1,1,8,3.65,1,"",3.65,""
"2017-07-29",98,2550,"P024",1,1,2,0.975,1,"",0.975,""
"2017-07-29",98,6121,"P024",1,1,0,0.116,1,"",0,""
"2017-07-29",100,40,"P024",1,1,5,0.501,1,"",0.501,""
"2017-07-29",100,43,"P024",1,1,2,0.134,1,"",0.134,""
"2017-07-29",100,2513,"P024",1,1,1,0.114,1,"",0.114,""
"2017-07-29",100,2550,"P024",1,1,3,1.08,1,"",1.08,""
"2017-07-29",100,9303,"P024",1,1,0,0.076,1,"",0,""
"2017-07-30",101,40,"P024",1,1,1,0.007,1,"",0.007,""
"2017-07-30",101,43,"P024",1,1,147,7.99,1,"",7.99,""
"2017-07-30",101,63,"P024",1,1,55,1.38,1,"",1.38,""
"2017-07-30",101,122,"P024",1,1,9,0.34,1,"",0.34,""
"2017-07-30",101,251,"P024",1,1,4,0.037,1,"",0.037,""
"2017-07-30",101,622,"P024",1,1,1,0.025,1,"",0.025,""
"2017-07-30",101,2513,"P024",1,1,1,0.221,1,"",0.221,""
"2017-07-30",101,2550,"P024",1,1,229,49.3,3,"",49.3,""
"2017-07-30",101,6119,"P024",1,1,0,0.001,1,"",0,""
"2017-07-30",101,8300,"P024",1,1,0,0.003,1,"",0,""
"2017-07-30",101,9303,"P024",1,1,0,0.012,1,"",0,""
"2017-07-30",101,9400,"P024",1,1,0,0.021,1,"",0,""
"2017-07-30",102,12,"P024",1,1,1,0.153,1,"",0.153,""
"2017-07-30",102,40,"P024",1,1,6,0.224,1,"",0.224,""
"2017-07-30",102,43,"P024",1,1,49,4.19,1,"",4.19,""
"2017-07-30",102,63,"P024",1,1,1,0.042,1,"",0.042,""
"2017-07-30",102,251,"P024",1,1,4,0.006,1,"",0.006,""
"2017-07-30",102,300,"P024",1,1,4,0.679,1,"",0.679,""
"2017-07-30",102,320,"P024",1,1,1,1.48,1,"",1.48,""
"2017-07-30",102,622,"P024",1,1,1,0.018,1,"",0.018,""
"2017-07-30",102,2212,"P024",1,1,0,0.01,1,"",0,""
"2017-07-30",102,2550,"P024",1,1,156,38.7,2,"",38.7,""
"2017-07-30",103,40,"P024",1,1,9,0.886,1,"",0.886,""
"2017-07-30",103,43,"P024",1,1,2,0.157,1,"",0.157,""
"2017-07-30",103,300,"P024",1,1,1,0.071,1,"",0.071,""
"2017-07-30",103,340,"P024",1,1,1,0.002,1,"",0.002,""
"2017-07-30",103,622,"P024",1,1,1,0.039,1,"",0.039,""
"2017-07-30",103,2212,"P024",1,1,0,0.132,1,"",0,""
"2017-07-30",103,2411,"P024",1,1,0,0.033,1,"",0,""
"2017-07-30",103,2513,"P024",1,1,6,1.11,1,"",1.11,""
"2017-07-30",103,3100,"P024",1,1,0,0.001,1,"",0,""
"2017-07-30",103,4000,"P024",1,1,0,0.032,1,"",0,""
"2017-07-30",103,4511,"P024",1,1,1,0.106,1,"",0.106,""
"2017-07-30",103,6215,"P024",1,1,0,0,1,"",0,""
"2017-07-30",103,8500,"P024",1,1,0,0.016,1,"",0,""
"2017-07-30",103,9303,"P024",1,1,0,0.054,1,"",0,""
"2017-07-30",104,10,"P024",1,1,2,0.381,2,"",0.381,""
"2017-07-30",104,43,"P024",1,1,18,2.02,1,"",2.02,""
"2017-07-30",104,122,"P024",1,1,90,4.19,1,"",4.19,""
"2017-07-30",104,251,"P024",1,1,1,0.016,1,"",0.016,""
"2017-07-30",104,320,"P024",1,1,1,1.13,1,"",1.13,""
"2017-07-30",104,2550,"P024",1,1,15,4.34,1,"",4.34,""
"2017-07-30",104,3500,"P024",1,1,0,0.002,1,"",0,""
"2017-07-30",104,4332,"P024",1,1,0,0.2,1,"",0,""
"2017-07-30",104,6110,"P024",1,1,0,0.002,1,"",0,""
"2017-07-30",104,6119,"P024",1,1,0,0.002,1,"",0,""
"2017-07-30",104,6400,"P024",1,1,0,0.196,1,"",0,""
"2017-07-30",104,8300,"P024",1,1,0,0.066,1,"",0,""
"2017-07-30",104,9200,"P024",1,1,0,0.409,1,"",0,""
"2017-07-30",104,9303,"P024",1,1,0,5.18,1,"",0,""
"2017-07-30",105,40,"P024",1,1,1,0.056,1,"",0.056,""
"2017-07-30",105,43,"P024",1,1,7,0.386,1,"",0.386,""
"2017-07-30",105,60,"P024",1,1,2,0.012,1,"",0.012,""
"2017-07-30",105,300,"P024",1,1,1,0.067,1,"",0.067,""
"2017-07-30",105,2212,"P024",1,1,0,0.009,1,"",0,""
"2017-07-30",105,2513,"P024",1,1,5,1.06,1,"",1.06,""
"2017-07-30",105,2550,"P024",1,1,116,25.9,2,"",25.9,""
"2017-07-30",105,9630,"P024",1,1,0,0.148,1,"",0,""
"2017-07-30",106,40,"P024",1,1,1,0.008,1,"",0.008,""
"2017-07-30",106,43,"P024",1,1,20,0.701,2,"",0.701,""
"2017-07-30",106,60,"P024",1,1,3,0.035,1,"",0.035,""
"2017-07-30",106,63,"P024",1,1,3,0.075,1,"",0.075,""
"2017-07-30",106,251,"P024",1,1,34,0.109,2,"",0.109,""
"2017-07-30",106,300,"P024",1,1,1,0.112,1,"",0.112,""
"2017-07-30",106,2212,"P024",1,1,0,0.04,1,"",0,""
"2017-07-30",106,2417,"P024",1,1,0,0.004,1,"",0,""
"2017-07-30",106,2513,"P024",1,1,1,0.258,1,"",0.258,""
"2017-07-30",106,2550,"P024",1,1,467,110,5,"",65.2,""
"2017-07-30",106,9303,"P024",1,1,0,0.128,1,"",0,""
"2017-07-31",107,10,"P024",1,1,9,0.498,1,"",0.498,""
"2017-07-31",107,43,"P024",1,1,423,13.9,4,"",8.88,""
"2017-07-31",107,60,"P024",1,1,6,0.535,1,"",0.535,""
"2017-07-31",107,63,"P024",1,1,7,0.201,1,"",0.201,""
"2017-07-31",107,122,"P024",1,1,24,1.77,1,"",1.77,""
"2017-07-31",107,2550,"P024",1,1,135,39.6,3,"",39.6,""
"2017-07-31",108,40,"P024",1,1,3,0.108,1,"",0.108,""
"2017-07-31",108,43,"P024",1,1,13,0.962,1,"",0.962,""
"2017-07-31",108,2212,"P024",1,1,0,0.069,1,"",0,""
"2017-07-31",108,2513,"P024",1,1,2,0.346,1,"",0.346,""
"2017-07-31",108,2550,"P024",1,1,62,21.4,2,"",21.4,""
"2017-07-31",108,8500,"P024",1,1,0,0.11,1,"",0,""
"2017-07-31",108,9303,"P024",1,1,0,0.039,1,"",0,""
"2017-07-31",109,40,"P024",1,1,7,0.393,1,"",0.393,""
"2017-07-31",109,43,"P024",1,1,1,0.366,1,"",0.366,""
"2017-07-31",109,623,"P024",1,1,1,0.001,1,"",0.001,""
"2017-07-31",109,2212,"P024",1,1,0,0.03,1,"",0,""
"2017-07-31",109,2411,"P024",1,1,0,0.014,1,"",0,""
"2017-07-31",109,2513,"P024",1,1,8,1.38,1,"",1.38,""
"2017-07-31",109,2550,"P024",1,1,1,0.347,1,"",0.347,""
"2017-07-31",109,9303,"P024",1,1,0,0.021,1,"",0,""
"2017-07-31",110,43,"P024",1,1,44,2.31,1,"",2.31,""
"2017-07-31",110,63,"P024",1,1,41,0.993,1,"",0.993,""
"2017-07-31",110,251,"P024",1,1,3,0.005,2,"",0.005,""
"2017-07-31",110,2212,"P024",1,1,0,0.052,1,"",0,""
"2017-07-31",110,2513,"P024",1,1,12,2.26,1,"",2.26,""
"2017-07-31",110,2550,"P024",1,1,105,34.8,2,"",34.8,""
"2017-07-31",110,4000,"P024",1,1,0,0.054,1,"",0,""
"2017-07-31",110,9303,"P024",1,1,0,0.017,1,"",0,""
"2017-07-31",111,40,"P024",1,1,3,0.218,1,"",0.218,""
"2017-07-31",111,42,"P024",1,1,2,0.359,1,"",0.359,""
"2017-07-31",111,43,"P024",1,1,3,0.273,1,"",0.273,""
"2017-07-31",111,2212,"P024",1,1,0,0.029,1,"",0,""
"2017-07-31",111,2550,"P024",1,1,23,7.19,1,"",7.19,""
"2017-07-31",111,6718,"P024",1,1,0,0.151,1,"",0,""
"2017-07-31",112,40,"P024",1,1,2,0.171,1,"",0.171,""
"2017-07-31",112,43,"P024",1,1,12,0.869,1,"",0.869,""
"2017-07-31",112,60,"P024",1,1,1,0.002,1,"",0.002,""
"2017-07-31",112,63,"P024",1,1,1,0.016,1,"",0.016,""
"2017-07-31",112,251,"P024",1,1,2,0.003,1,"",0.003,""
"2017-07-31",112,300,"P024",1,1,1,0.116,1,"",0.116,""
"2017-07-31",112,2212,"P024",1,1,0,0.001,1,"",0,""
"2017-07-31",112,2417,"P024",1,1,0,0.001,1,"",0,""
"2017-07-31",112,2513,"P024",1,1,4,0.541,1,"",0.541,""
"2017-07-31",112,2550,"P024",1,1,54,13.1,1,"",13.1,""
"2017-08-02",113,12,"P024",1,1,5,0.449,1,"",0.449,""
"2017-08-02",113,43,"P024",1,1,32,1.23,1,"",1.23,""
"2017-08-02",113,63,"P024",1,1,3,0.025,1,"",0.025,""
"2017-08-02",113,143,"P024",1,1,1,0.025,1,"",0.025,""
"2017-08-02",113,2550,"P024",1,1,256,67.4,3,"",67.4,""
"2017-08-02",114,12,"P024",1,1,1,0.098,1,"",0.098,""
"2017-08-02",114,42,"P024",1,1,1,0.015,1,"",0.015,""
"2017-08-02",114,43,"P024",1,1,142,4.67,2,"",4.67,""
"2017-08-02",114,60,"P024",1,1,132,4.67,1,"",4.67,""
"2017-08-02",114,62,"P024",1,1,1,0.152,1,"",0.152,""
"2017-08-02",114,63,"P024",1,1,102,1.66,2,"",1.66,""
"2017-08-02",114,70,"P024",1,1,1,0.159,1,"",0.159,""
"2017-08-02",114,122,"P024",1,1,27,0.878,1,"",0.878,""
"2017-08-02",114,204,"P024",1,1,1,0.376,1,"",0.376,""
"2017-08-02",114,622,"P024",1,1,1,0.019,1,"",0.019,""
"2017-08-02",114,2550,"P024",1,1,301,76.6,4,"",66.5,""
"2017-08-02",115,12,"P024",1,1,1,0.011,1,"",0.011,""
"2017-08-02",115,43,"P024",1,1,56,2.71,1,"",2.71,""
"2017-08-02",115,60,"P024",1,1,254,6.94,4,"",6.94,""
"2017-08-02",115,63,"P024",1,1,179,2.86,2,"",2.84,""
"2017-08-02",115,143,"P024",1,1,2,0.187,1,"",0.187,""
"2017-08-02",115,2212,"P024",1,1,0,0.001,1,"",0,""
"2017-08-02",115,2417,"P024",1,1,0,0.001,1,"",0,""
"2017-08-02",115,2513,"P024",1,1,1,0.166,1,"",0.166,""
"2017-08-02",115,2550,"P024",1,1,229,66,3,"",66,""
"2017-08-02",115,4511,"P024",1,1,1,0.123,1,"",0.123,""
"2017-09-03",3,43,"P329",1,5,0,0.836,1,"",0.836,""
"2017-09-03",3,62,"P329",1,5,0,0.073,1,"",0.073,""
"2017-09-03",3,70,"P329",1,5,0,8.39,1,"",8.39,""
"2017-09-03",3,143,"P329",1,5,0,0.2,1,"",0.2,""
"2017-09-03",3,251,"P329",1,5,0,0.016,1,"",0.016,""
"2017-09-03",3,2550,"P329",1,5,0,0.272,1,"",0.272,""
"2017-09-03",3,6110,"P329",1,5,0,0.025,1,"",0,""
"2017-09-03",3,8600,"P329",1,5,0,0.044,1,"",0,""
"2017-09-03",3,9000,"P329",1,5,0,0.016,1,"",0,""
"2017-09-03",4,12,"P329",1,5,0,0.215,1,"",0.215,""
"2017-09-03",4,43,"P329",1,5,0,0.424,1,"",0.424,""
"2017-09-03",4,60,"P329",1,5,0,0.018,1,"",0.018,""
"2017-09-03",4,62,"P329",1,5,0,0.102,1,"",0.102,""
"2017-09-03",4,63,"P329",1,5,0,0.012,1,"",0.012,""
"2017-09-03",4,70,"P329",1,5,0,0.51,1,"",0.51,""
"2017-09-03",4,143,"P329",1,5,0,0.302,1,"",0.302,""
"2017-09-03",4,251,"P329",1,5,0,0.006,1,"",0.006,""
"2017-09-03",4,630,"P329",1,5,0,0.025,1,"",0.025,""
"2017-09-03",4,2513,"P329",1,5,0,0.131,1,"",0.131,""
"2017-09-03",4,2550,"P329",1,5,0,5.05,1,"",5.05,""
"2017-09-05",5,43,"P329",1,5,0,0.033,1,"",0.033,""
"2017-09-05",5,60,"P329",1,5,0,0.017,1,"",0.017,""
"2017-09-05",5,62,"P329",1,5,0,1.54,2,"",1.54,""
"2017-09-05",5,63,"P329",1,5,0,0.178,1,"",0.178,""
"2017-09-05",5,70,"P329",1,5,0,13,1,"",13,""
"2017-09-05",5,2513,"P329",1,5,0,0.1,1,"",0.1,""
"2017-09-05",5,2550,"P329",1,5,0,11.4,1,"",11.4,""
"2017-09-05",6,43,"P329",1,5,0,3.13,1,"",3.13,""
"2017-09-05",6,60,"P329",1,5,0,12.6,1,"",12.6,""
"2017-09-05",6,62,"P329",1,5,0,0.157,1,"",0.157,""
"2017-09-05",6,63,"P329",1,5,0,2.62,1,"",2.62,""
"2017-09-05",6,70,"P329",1,5,0,2.1,1,"",2.1,""
"2017-09-05",6,251,"P329",1,5,0,0.036,1,"",0.036,""
"2017-09-05",6,2550,"P329",1,5,0,68.6,5,"",39.9,""
"2017-09-05",6,6110,"P329",1,5,0,0.008,1,"",0,""
"2017-09-05",6,6125,"P329",1,5,0,0.09,1,"",0,""
"2017-09-05",6,8600,"P329",1,5,0,0.031,1,"",0,""
"2017-09-05",6,8613,"P329",1,5,0,0.203,1,"",0,""
"2017-09-05",6,8621,"P329",1,5,0,0.427,1,"",0,""
"2017-09-05",7,60,"P329",1,5,0,0.562,1,"",0.562,""
"2017-09-05",7,63,"P329",1,5,0,0.03,1,"",0.03,""
"2017-09-05",7,251,"P329",1,5,0,0.006,1,"",0.006,""
"2017-09-05",7,320,"P329",1,5,0,0.143,1,"",0.143,""
"2017-09-05",7,2100,"P329",1,5,0,0.041,1,"",0,""
"2017-09-05",7,2527,"P329",1,5,0,0.008,1,"",0.008,""
"2017-09-05",7,2550,"P329",1,5,0,42,2,"",42,""
"2017-09-05",7,2990,"P329",1,5,0,0.003,1,"",0,""
"2017-09-05",7,8300,"P329",1,5,0,0.385,1,"",0,""
"2017-09-05",8,43,"P329",1,5,0,0.148,1,"",0.148,""
"2017-09-05",8,63,"P329",1,5,0,1.08,1,"",1.08,""
"2017-09-05",8,251,"P329",1,5,0,0.008,1,"",0.008,""
"2017-09-05",8,2100,"P329",1,5,0,0.011,1,"",0,""
"2017-09-05",8,2550,"P329",1,5,0,48.1,4,"",34,""
"2017-09-05",8,8621,"P329",1,5,0,0.034,1,"",0,""
"2017-09-05",9,40,"P329",1,5,0,0.01,1,"",0.01,""
"2017-09-05",9,43,"P329",1,5,0,0.273,1,"",0.273,""
"2017-09-05",9,60,"P329",1,5,0,15.2,1,"",15.2,""
"2017-09-05",9,62,"P329",1,5,0,0.427,2,"",0.427,""
"2017-09-05",9,63,"P329",1,5,0,3.78,1,"",3.78,""
"2017-09-05",9,70,"P329",1,5,0,1.05,1,"",1.05,""
"2017-09-05",9,2100,"P329",1,5,0,0.013,1,"",0,""
"2017-09-05",9,2550,"P329",1,5,0,31.9,2,"",31.9,""
"2017-09-05",9,8621,"P329",1,5,0,0.277,1,"",0,""
"2017-09-06",10,12,"P329",1,5,0,0.184,1,"",0.184,""
"2017-09-06",10,43,"P329",1,5,0,1.5,1,"",1.5,""
"2017-09-06",10,60,"P329",1,5,0,0.441,1,"",0.441,""
"2017-09-06",10,63,"P329",1,5,0,0.162,1,"",0.162,""
"2017-09-06",10,2100,"P329",1,5,0,0.003,1,"",0,""
"2017-09-06",10,2550,"P329",1,5,0,15.1,1,"",15.1,""
"2017-09-06",10,8621,"P329",1,5,0,0.025,1,"",0,""
"2017-09-06",11,40,"P329",1,5,0,0.068,1,"",0.068,""
"2017-09-06",11,2100,"P329",1,5,0,0.098,1,"",0,""
"2017-09-06",11,2550,"P329",1,5,0,1.24,1,"",1.24,""
"2017-09-06",11,6200,"P329",1,5,0,0.002,1,"",0,""
"2017-09-06",12,40,"P329",1,5,0,0.035,1,"",0.035,""
"2017-09-06",12,2100,"P329",1,5,0,0.003,1,"",0,""
"2017-09-06",12,2526,"P329",1,5,0,1.81,1,"",1.81,""
"2017-09-06",12,6200,"P329",1,5,0,0.002,1,"",0,""
"2017-09-06",13,12,"P329",1,5,0,0.65,1,"",0.65,""
"2017-09-06",13,40,"P329",1,5,0,0.01,1,"",0.01,""
"2017-09-06",13,42,"P329",1,5,0,0.165,1,"",0.165,""
"2017-09-06",13,43,"P329",1,5,0,1.99,1,"",1.99,""
"2017-09-06",13,63,"P329",1,5,0,3.25,1,"",3.25,""
"2017-09-06",13,122,"P329",1,5,0,0.082,1,"",0.082,""
"2017-09-06",13,251,"P329",1,5,0,0.004,1,"",0.004,""
"2017-09-06",13,300,"P329",1,5,0,0.183,1,"",0.183,""
"2017-09-06",13,2100,"P329",1,5,0,0.002,1,"",0,""
"2017-09-06",13,2550,"P329",1,5,0,34.1,2,"",34.1,""
"2017-09-06",13,6200,"P329",1,5,0,0.003,1,"",0,""
"2017-09-06",13,9300,"P329",1,5,0,0.11,1,"",0,""
"2017-09-06",14,40,"P329",1,5,0,0.27,1,"",0.27,""
"2017-09-06",14,2550,"P329",1,5,0,0.131,1,"",0.131,""
"2017-09-06",14,6200,"P329",1,5,0,0.002,1,"",0,""
"2017-09-06",14,9300,"P329",1,5,0,0.094,1,"",0,""
"2017-09-06",15,40,"P329",1,5,0,2.42,1,"",2.42,""
"2017-09-06",15,2100,"P329",1,5,0,0.037,1,"",0,""
"2017-09-06",15,2526,"P329",1,5,0,0.965,1,"",0.965,""
"2017-09-06",15,6115,"P329",1,5,0,0.044,1,"",0,""
"2017-09-06",15,8500,"P329",1,5,0,0.465,1,"",0,""
"2017-09-07",16,40,"P329",1,5,0,1.48,1,"",1.48,""
"2017-09-07",16,2526,"P329",1,5,0,0.614,1,"",0.614,""
"2017-09-07",17,12,"P329",1,5,0,0.188,1,"",0.188,""
"2017-09-07",17,40,"P329",1,5,0,0.296,1,"",0.296,""
"2017-09-07",17,60,"P329",1,5,0,1.36,1,"",1.36,""
"2017-09-07",17,118,"P329",1,5,0,1.94,1,"",1.94,""
"2017-09-07",17,340,"P329",1,5,0,0.003,1,"",0.003,""
"2017-09-07",17,1823,"P329",1,5,0,0.599,1,"",0,""
"2017-09-07",17,2100,"P329",1,5,0,0.399,1,"",0,""
"2017-09-07",17,6115,"P329",1,5,0,0.021,1,"",0,""
"2017-09-07",18,40,"P329",1,5,0,0.336,1,"",0.336,""
"2017-09-07",18,1823,"P329",1,5,0,0.219,1,"",0,""
"2017-09-07",18,2100,"P329",1,5,0,0.189,1,"",0,""
"2017-09-07",18,2526,"P329",1,5,0,0.115,1,"",0.115,""
"2017-09-07",18,6115,"P329",1,5,0,0.019,1,"",0,""
"2017-09-07",18,6300,"P329",1,5,0,0.1,1,"",0,""
"2017-09-07",19,40,"P329",1,5,0,0.396,1,"",0.396,""
"2017-09-07",19,60,"P329",1,5,0,0.048,1,"",0.048,""
"2017-09-07",19,63,"P329",1,5,0,0.018,1,"",0.018,""
"2017-09-07",19,301,"P329",1,5,0,1.25,1,"",1.25,""
"2017-09-07",19,2100,"P329",1,5,0,0.027,1,"",0,""
"2017-09-07",19,2526,"P329",1,5,0,0.348,1,"",0.348,""
"2017-09-07",19,2550,"P329",1,5,0,0.37,1,"",0.37,""
"2017-09-07",19,4000,"P329",1,5,0,0.014,1,"",0,""
"2017-09-07",19,6200,"P329",1,5,0,0.001,1,"",0,""
"2017-09-08",20,43,"P329",1,5,0,2.71,1,"",2.71,""
"2017-09-08",20,60,"P329",1,5,0,0.394,1,"",0.394,""
"2017-09-08",20,62,"P329",1,5,0,0.617,1,"",0.617,""
"2017-09-08",20,63,"P329",1,5,0,6.68,2,"",1.32,""
"2017-09-08",20,70,"P329",1,5,0,6.61,1,"",6.61,""
"2017-09-08",20,114,"P329",1,5,0,0.047,1,"",0.047,""
"2017-09-08",20,122,"P329",1,5,0,2.27,1,"",2.27,""
"2017-09-08",20,143,"P329",1,5,0,0.069,1,"",0.069,""
"2017-09-08",20,251,"P329",1,5,0,0.23,1,"",0.23,""
"2017-09-08",20,300,"P329",1,5,0,0.205,1,"",0.205,""
"2017-09-08",20,2550,"P329",1,5,0,19.1,1,"",19.1,""
"2017-09-08",20,8300,"P329",1,5,0,0.076,1,"",0,""
"2017-09-08",20,8621,"P329",1,5,0,0.751,1,"",0,""
"2017-09-09",21,40,"P329",1,5,0,0.012,1,"",0.012,""
"2017-09-09",21,63,"P329",1,5,0,0.01,1,"",0.01,""
"2017-09-09",21,2550,"P329",1,5,0,3.01,1,"",3.01,""
"2017-09-09",21,8500,"P329",1,5,0,1.9,1,"",0,""
"2017-09-09",22,40,"P329",1,5,0,0.016,1,"",0.016,""
"2017-09-09",22,43,"P329",1,5,0,0.167,1,"",0.167,""
"2017-09-09",22,2100,"P329",1,5,0,0.008,1,"",0,""
"2017-09-09",22,6500,"P329",1,5,0,0.019,1,"",0,""
"2017-09-09",23,43,"P329",1,5,0,0.325,1,"",0.325,""
"2017-09-09",23,251,"P329",1,5,0,0.02,1,"",0.02,""
"2017-09-09",23,2550,"P329",1,5,0,22.1,2,"",22.1,""
"2017-09-09",23,6119,"P329",1,5,0,0.002,1,"",0,""
"2017-09-09",23,6713,"P329",1,5,0,0.04,1,"",0,""
"2017-09-09",23,8300,"P329",1,5,0,0.058,1,"",0,""
"2017-09-09",23,8324,"P329",1,5,0,0.062,1,"",0,""
"2017-09-10",24,42,"P329",1,5,0,1.01,1,"",1.01,""
"2017-09-10",24,2100,"P329",1,5,0,0.002,1,"",0,""
"2017-09-10",24,2550,"P329",1,5,0,0.275,1,"",0.275,""
"2017-09-10",25,42,"P329",1,5,0,0.294,1,"",0.294,""
"2017-09-10",25,251,"P329",1,5,0,0.743,1,"",0.743,""
"2017-09-10",25,2550,"P329",1,5,8,58.1,4,"",58.1,""
"2017-09-10",27,42,"P329",1,5,0,0.99,1,"",0.99,""
"2017-09-10",27,251,"P329",1,5,0,0.437,1,"",0.437,""
"2017-09-10",27,300,"P329",1,5,0,0.359,1,"",0.359,""
"2017-09-10",27,610,"P329",1,5,0,0.862,1,"",0.862,""
"2017-09-10",27,2550,"P329",1,5,0,5.22,1,"",5.22,""
"2017-09-11",28,40,"P329",1,5,0,2.44,1,"",2.44,""
"2017-09-11",28,340,"P329",1,5,0,0.004,1,"",0.004,""
"2017-09-11",28,350,"P329",1,5,0,0.019,1,"",0.019,""
"2017-09-11",28,632,"P329",1,5,0,0.009,1,"",0.009,""
"2017-09-11",28,2100,"P329",1,5,0,0.185,1,"",0,""
"2017-09-11",28,9300,"P329",1,5,0,0.348,1,"",0,""
"2017-09-11",28,9999,"P329",1,5,0,0.039,1,"",0,"Codium sp."
"2017-09-11",30,31,"P329",1,5,0,0.346,1,"",0.346,""
"2017-09-11",30,40,"P329",1,5,0,3.41,1,"",3.41,""
"2017-09-11",30,2100,"P329",1,5,0,0.204,1,"",0,""
"2017-09-11",30,2526,"P329",1,5,0,0.341,1,"",0.341,""
"2017-09-11",30,6123,"P329",1,5,0,0.112,1,"",0,""
"2017-09-11",30,9300,"P329",1,5,0,0.725,1,"",0,""
"2017-09-11",30,9999,"P329",1,5,0,0.194,1,"",0,"Codium like sp"
"2017-09-10",27,43,"P329",1,5,0,2.01,1,"",2.01,""
