"date","start.time","cruise","station","stratum","block.number","valid","experiment","distance","duration","longitude.start","longitude.end","latitude.start","latitude.end","card.type","set.number","gear","auxiliary","speed","depth.start","depth.end","wind.direction","wind.force","tide","surface.temperature","bottom.temperature","warp.port","warp.starboard","comment"
"2003-05-16","08:12:00","O320","250",402,3,1,1,0.67,15,6429.3,6427.06,4620.42,4621.14,5,1,13,1,2.5,6,NA,9,9,9,NA,NA,NA,NA,""
"2003-05-16","09:28:00","O320","222",402,3,1,1,0.65,15,6431.27,6431.45,4627.57,4628.22,5,2,13,1,2.5,9,NA,9,9,9,NA,NA,NA,NA,""
"2003-05-16","10:10:00","O320","231",402,3,1,1,0.75,16,6431.46,6431.41,4626.49,4625.74,5,3,13,1,2.5,8,NA,9,9,9,NA,NA,NA,NA,""
"2003-05-16","11:07:00","O320","221",402,3,1,1,0.78,15,6434.82,6435.2,4628.53,4629.27,5,4,13,1,2.5,6,NA,9,9,9,NA,NA,NA,NA,""
"2003-05-16","11:39:00","O320","211",402,3,1,1,0.7,11,6434.08,6433.72,4630.1,4630.76,5,5,13,1,2.5,9,NA,9,9,9,NA,NA,NA,NA,""
"2003-05-16","13:14:00","O320","200",402,3,1,1,0.7,15,6437.07,6437.32,4632.66,4633.34,5,6,13,1,2.5,9,NA,9,9,9,NA,NA,NA,NA,""
"2003-05-16","13:51:00","O320","199",421,1,1,1,0.8,15,6440.09,6440.13,4634.29,4635.09,5,7,13,1,2.5,9,NA,9,9,9,NA,NA,NA,NA,""
"2003-05-16","14:18:00","O320","176",421,1,1,1,0.66,15,6440.13,6440.12,4636.3,4636.97,5,8,13,1,2.5,11,NA,9,9,9,NA,NA,NA,NA,""
"2003-05-17","09:11:00","O320","201",402,3,1,1,0.65,15,6434.27,6434.43,4631.96,4632.61,5,9,13,1,2.5,10,NA,9,9,9,NA,NA,NA,NA,""
"2003-05-17","09:48:00","O320","188",421,1,1,1,0.63,15,6437.2,6437.18,4634.27,4634.69,5,10,13,1,2.5,11,NA,9,9,9,NA,NA,NA,NA,""
"2003-05-17","10:19:00","O320","177",421,1,1,1,0.73,15,6437.29,6437.25,4635.94,4636.67,5,11,13,1,2.5,11,NA,9,9,9,NA,NA,NA,NA,""
"2003-05-17","11:02:00","O320","189",421,1,1,1,0.68,16,6434.51,6434.3,4634.11,4633.44,5,12,13,1,2.5,14,NA,9,9,9,NA,NA,NA,NA,""
"2003-05-17","12:55:00","O320","179",421,1,1,1,0.82,15,6431.63,6432.26,4636.42,4637.13,5,13,13,1,2.5,21,NA,9,9,9,NA,NA,NA,NA,""
"2003-05-17","13:31:00","O320","172",421,2,1,1,0.86,15,6432.02,6432.55,4638.71,4639.5,5,14,13,1,2.5,30,NA,9,9,9,NA,NA,NA,NA,""
"2003-05-17","14:30:00","O320","173",421,2,1,1,0.69,15,6428.29,6429.31,4638.15,4638.15,5,15,13,1,2.5,28,NA,9,9,9,NA,NA,NA,NA,""
"2003-05-18","09:12:00","O320","202",402,3,1,1,0.73,15,6431.35,6431.02,4632.2,4632.92,5,16,13,1,2.5,13,NA,9,9,9,NA,NA,NA,NA,""
"2003-05-18","09:37:00","O320","203",402,3,1,1,0.52,15,6428.76,6428.22,4632.22,4631.85,5,17,13,1,2.5,17,NA,9,9,9,NA,NA,NA,NA,""
"2003-05-18","10:13:00","O320","204",402,3,1,1,0.59,15,6426.11,6426.78,4632.09,4632.47,5,18,13,1,2.5,20,NA,9,9,9,NA,NA,NA,NA,""
"2003-05-18","10:49:00","O320","192",402,3,1,1,0.72,15,6425.99,6426.84,4634.01,4634.46,5,19,13,1,2.5,25,NA,9,9,9,NA,NA,NA,NA,""
"2003-05-18","11:27:00","O320","181",402,3,1,1,0.74,15,6426.34,6427.13,4636.24,4636.76,5,20,13,1,2.5,24,NA,9,9,9,NA,NA,NA,NA,""
"2003-05-18","13:21:00","O320","182",402,3,1,1,0.59,15,6423.22,6422.41,4636.03,4635.8,5,21,13,1,2.5,9,NA,9,9,9,NA,NA,NA,NA,""
"2003-05-18","14:00:00","O320","174",402,3,1,1,0.67,15,6420.25,6419.99,4634.07,4633.42,5,22,13,1,2.5,16,NA,9,9,9,NA,NA,NA,NA,""
"2003-05-18","14:32:00","O320","206",402,3,1,1,0.81,15,6420.23,6420.6,4631.96,4631.19,5,23,13,1,2.5,13,NA,9,9,9,NA,NA,NA,NA,""
"2003-05-19","08:03:00","O320","240",402,3,1,1,0.66,15,6431.43,6431.32,4623.99,4624.66,5,24,13,1,2.5,9,NA,9,9,9,NA,NA,NA,NA,""
"2003-05-19","08:36:00","O320","241",402,3,1,1,0.71,15,6428.58,6428.37,4624.25,4624.96,5,25,13,1,2.5,10,NA,9,9,9,NA,NA,NA,NA,""
"2003-05-19","09:03:00","O320","232",402,3,1,1,0.68,15,6428.5,6428.64,4625.88,4626.57,5,26,13,1,2.5,11,NA,9,9,9,NA,NA,NA,NA,""
"2003-05-19","09:32:00","O320","223",402,3,1,1,0.62,15,6428.5,6428.4,4627.89,4628.51,5,27,13,1,2.5,7,NA,9,9,9,NA,NA,NA,NA,""
"2003-05-19","10:08:00","O320","214",402,3,1,1,0.67,15,6425.97,6425.59,4630.14,4630.77,5,28,13,1,2.5,14,NA,9,9,9,NA,NA,NA,NA,""
"2003-05-19","10:40:00","O320","215",402,3,1,1,0.88,15,6423.29,6422.37,4630.16,4629.53,5,29,13,1,2.5,20,NA,9,9,9,NA,NA,NA,NA,""
"2003-05-19","11:11:00","O320","225",402,3,1,1,0.84,15,6422.98,6423.13,4628.01,4627.16,5,30,13,1,2.5,17,NA,9,9,9,NA,NA,NA,NA,""
"2003-05-19","13:05:00","O320","232",402,3,1,1,0.67,15,6426.27,6426.12,4626.06,4626.72,5,31,13,1,2.5,13,NA,9,9,9,NA,NA,NA,NA,""
"2003-05-19","13:44:00","O320","242",402,3,1,1,0.66,14,6426.05,6426.05,4624.17,4623.5,5,32,13,1,2.5,12,NA,9,9,9,NA,NA,NA,NA,""
"2003-05-19","14:15:00","O320","251",402,3,1,1,0.68,15,6426.02,6426.07,4621.96,4621.27,5,33,13,1,2.5,13,NA,9,9,9,NA,NA,NA,NA,""
"2003-05-19","14:43:00","O320","265",402,3,1,1,0.66,15,6426.09,6426.17,4620.07,4619.41,5,34,13,1,2.5,11,NA,9,9,9,NA,NA,NA,NA,""
"2003-05-19","15:25:00","O320","266",402,3,1,1,0.69,15,6423.1,6423.29,4619.78,4619.1,5,35,13,1,2.5,14,NA,9,9,9,NA,NA,NA,NA,""
"2003-05-19","16:01:00","O320","279",402,3,1,1,0.6,15,6426.15,6426.35,4617.83,4617.24,5,36,13,1,2.5,9,NA,9,9,9,NA,NA,NA,NA,""
"2003-05-19","16:37:00","O320","278",402,3,1,1,0.67,15,6429.13,6429.23,4617.77,4617.1,5,37,13,1,2.5,6,NA,9,9,9,NA,NA,NA,NA,""
"2003-05-20","09:10:00","O320","207",402,3,1,1,0.7,15,6417.55,6418.19,4632.32,4632.89,5,38,13,1,2.5,17,NA,9,9,9,NA,NA,NA,NA,""
"2003-05-20","09:41:00","O320","195",402,3,1,1,0.71,15,6417.56,6418.2,4634.26,4634.84,5,39,13,1,2.5,18,NA,9,9,9,NA,NA,NA,NA,""
"2003-05-20","10:15:00","O320","184",402,3,1,1,0.71,15,6416.48,6415.45,4635.98,4635.78,5,40,13,1,2.5,6,NA,9,9,9,NA,NA,NA,NA,""
"2003-05-20","10:55:00","O320","186",402,3,1,1,0.75,15,6411.17,6410.54,4635.71,4635.09,5,41,13,1,2.5,6,NA,9,9,9,NA,NA,NA,NA,""
"2003-05-20","11:25:00","O320","198",402,3,1,1,0.66,15,6409.82,6409.54,4633.7,4633.06,5,42,13,1,2.5,7,NA,9,9,9,NA,NA,NA,NA,""
"2003-05-20","13:13:00","O320","210",402,3,1,1,0.69,25,6408.9,6409.52,4631.68,4631.11,5,43,13,1,2.5,10,NA,9,9,9,NA,NA,NA,NA,""
"2003-05-20","13:47:00","O320","209",402,3,1,1,0.74,5,6411.55,6412.27,4632.09,4632.66,5,44,13,1,2.5,13,NA,9,9,9,NA,NA,NA,NA,""
"2003-05-20","14:32:00","O320","218",402,3,1,1,0.74,18,6414.23,6413.83,4629.76,4629.06,5,45,13,1,2.5,14,NA,9,9,9,NA,NA,NA,NA,""
"2003-05-21","08:13:00","O320","253",402,3,1,1,0.73,15,6420.26,6420.53,4622.18,4622.9,5,46,13,1,2.5,14,NA,9,9,9,NA,NA,NA,NA,""
"2003-05-21","08:43:00","O320","244",402,3,1,1,0.74,15,6420.31,6420.66,4624.34,4625.04,5,47,13,1,2.5,18,NA,9,9,9,NA,NA,NA,NA,""
"2003-05-21","09:13:00","O320","235",402,3,1,1,0.64,15,6420.16,6420.31,4626.45,4627.09,5,48,13,1,2.5,18,NA,9,9,9,NA,NA,NA,NA,""
"2003-05-21","10:33:00","O320","228",402,3,1,1,0.73,16,6414.32,6414.36,4628.3,4629.09,5,49,13,1,2.5,15,NA,9,9,9,NA,NA,NA,NA,""
"2003-05-21","11:15:00","O320","219",402,3,1,1,0.68,15,6411.25,6411.36,4630.39,4631.07,5,50,13,1,2.5,13,NA,9,9,9,NA,NA,NA,NA,""
"2003-05-21","11:55:00","O320","220",402,3,1,1,0.75,15,6408.99,6409.13,4629.5,4628.81,5,51,13,1,2.5,10,NA,9,9,9,NA,NA,NA,NA,""
"2003-05-23","07:44:00","O320","280",402,3,1,1,0.52,16,6422.63,6422.02,4618.06,4618.38,5,52,13,1,2.5,12,NA,9,9,9,NA,NA,NA,NA,""
"2003-05-23","08:18:00","O320","281",402,3,1,1,0.66,15,6419.78,6418.86,4617.96,4617.7,5,53,13,1,2.5,12,NA,9,9,9,NA,NA,NA,NA,""
"2003-05-23","08:58:00","O320","268",402,3,1,1,0.8,17,6417.47,6418.09,4620.28,4620.97,5,54,13,1,2.5,16,NA,9,9,9,NA,NA,NA,NA,""
"2003-05-23","09:49:00","O320","283",402,3,1,1,0.65,15,6414.29,6413.35,4617.97,4617.76,5,55,13,1,2.5,15,NA,9,9,9,NA,NA,NA,NA,""
"2003-05-23","10:27:00","O320","270",402,3,1,1,0.71,15,6411.43,6410.88,4620.06,4620.67,5,56,13,1,2.5,16,NA,9,9,9,NA,7.4,NA,NA,""
"2003-05-23","10:58:00","O320","256",402,3,1,1,0.64,15,6411.54,6411.95,4622.14,4622.72,5,57,13,1,2.5,13,NA,9,9,9,NA,7,NA,NA,""
"2003-05-23","11:31:00","O320","246",402,3,1,1,0.68,15,6414.27,6415.11,4623.94,4624.33,5,58,13,1,2.5,14,NA,9,9,9,NA,6.4,NA,NA,""
"2003-05-23","13:32:00","O320","238",402,3,1,1,0.76,15,6411.43,6411.43,4626.18,4626.95,5,59,13,1,2.5,13,NA,9,9,9,NA,6.3,NA,NA,""
"2003-05-23","14:10:00","O320","230",402,3,1,1,0.73,16,6408.54,6408.44,4628.32,4629.06,5,60,13,1,2.5,8,NA,9,9,9,NA,7.4,NA,NA,""
"2003-05-24","08:05:00","O320","296",402,3,1,1,0.73,15,6419.25,6418.07,4615.99,4615.83,5,61,13,1,2.5,10,NA,9,9,9,NA,7.7,NA,NA,""
"2003-05-24","08:35:00","O320","297",402,3,1,1,0.63,15,6416.71,6415.78,4615.94,4615.84,5,62,13,1,2.5,9,NA,9,9,9,NA,7.7,NA,NA,""
"2003-05-24","09:03:00","O320","298",402,3,1,1,0.52,15,6413.93,6413.16,4616.06,4615.96,5,63,13,1,2.5,13,NA,9,9,9,NA,7.6,NA,NA,""
"2003-05-24","09:41:00","O320","284",402,3,1,1,0.68,15,6411.19,6410.58,4617.86,4617.31,5,64,13,1,2.5,20,NA,9,9,9,NA,6.9,NA,NA,""
"2003-05-24","10:18:00","O320","300",402,3,1,1,0.64,15,6408,6407.29,4615.72,4615.28,5,65,13,1,2.5,15,NA,9,9,9,NA,7.1,NA,NA,""
"2003-05-24","10:53:00","O320","310",402,3,1,1,0.59,16,6408.31,6407.68,4613.66,4613.23,5,66,13,1,2.5,11,NA,9,9,9,NA,8,NA,NA,""
"2003-05-24","11:28:00","O320","B-1",402,3,1,1,0.67,15,6405.32,6404.32,4612,4611.99,5,67,13,1,2.5,8,NA,9,9,9,NA,8.5,NA,NA,""
"2003-05-24","13:21:00","O320","312",402,3,1,1,0.77,15,6402.32,6401.16,4614,4613.94,5,68,13,1,2.5,15,NA,9,9,9,NA,7.3,NA,NA,""
"2003-05-24","14:16:00","O320","288",402,3,1,1,0.75,15,6400.1,6359.68,4618.01,4618.71,5,69,13,1,2.5,15,NA,9,9,9,NA,8.5,NA,NA,""
"2003-05-24","14:58:00","O320","274",402,3,1,1,0.82,18,6359.71,6358.48,4620.23,4620.18,5,70,13,1,2.5,11,NA,9,9,9,NA,9.1,NA,NA,""
"2003-05-25","07:24:00","O320","262",402,3,1,1,0.71,15,6354.3,6355.18,4622,4622.4,5,71,13,1,2.5,4,NA,9,9,9,NA,10.3,NA,NA,""
"2003-05-25","07:55:00","O320","261",402,3,1,1,0.73,15,6357.32,6358.33,4621.99,4621.2,5,72,13,1,2.5,7,NA,9,9,9,NA,9.3,NA,NA,""
"2003-05-25","08:38:00","O320","275",402,3,1,1,0.77,15,6358.27,6359.42,4620.03,4620.06,5,73,13,1,2.5,9,NA,9,9,9,NA,8.6,NA,NA,""
"2003-05-25","09:23:00","O320","259",402,3,1,1,0.82,15,6403.86,6405.08,4621.88,4621.87,5,74,13,1,2.5,8,NA,9,9,9,NA,9.9,NA,NA,""
"2003-05-25","09:58:00","O320","258",402,3,1,1,0.61,15,6406.38,6406.51,4621.56,4620.95,5,75,13,1,2.5,8,NA,9,9,9,NA,8.8,NA,NA,""
"2003-05-25","10:37:00","O320","272",402,3,1,1,0.6,15,6405.19,6404.29,4619.97,4619.87,5,76,13,1,2.5,13,NA,9,9,9,NA,8.9,NA,NA,""
"2003-05-25","11:16:00","O320","286",402,3,1,1,0.72,15,6405.52,6406.03,4618.22,4617.59,5,77,13,1,2.5,18,NA,9,9,9,NA,7.4,NA,NA,""
"2003-05-25","13:26:00","O320","301",402,3,1,1,0.67,15,6405.53,6404.74,4615.75,4615.34,5,78,13,1,2.5,12,NA,9,9,9,NA,7.6,NA,NA,""
"2003-05-25","14:37:00","O320","322",402,3,1,1,0.25,6,6353.41,6352.79,4611.83,4611.49,5,79,13,1,2.5,11,NA,9,9,9,NA,8.8,NA,NA,""
"2003-05-25","15:09:00","O320","323",402,3,1,1,0.67,15,6350.76,6349.79,4612.06,4612.27,5,80,13,1,2.5,11,NA,9,9,9,NA,7.8,NA,NA,""
"2003-05-25","15:47:00","O320","316",402,3,1,1,0.81,15,6350.5,6349.76,4614.25,4614.89,5,81,13,1,2.5,22,NA,9,9,9,NA,7.2,NA,NA,""
"2003-05-26","07:24:00","O320","277",402,3,1,1,0.83,16,6351.55,6352.26,4619.88,4619.19,5,82,13,1,2.5,9,NA,9,9,9,NA,7.9,NA,NA,""
"2003-05-26","08:33:00","O320","307",402,3,1,1,0.7,15,6345.17,6344.53,4615.94,4615.37,5,83,13,1,2.5,16,NA,9,9,9,NA,7.7,NA,NA,""
"2003-05-26","09:14:00","O320","308",402,3,1,1,0.8,17,6348.11,6349.3,4615.97,4615.86,5,84,13,1,2.5,25,NA,9,9,9,NA,7.3,NA,NA,""
"2003-05-26","09:52:00","O320","317",402,3,1,1,0.66,17,6348.2,6347.72,4614.02,4613.44,5,85,13,1,2.5,26,NA,9,9,9,NA,7.3,NA,NA,""
"2003-05-26","11:06:00","O320","290",402,3,1,1,0.74,20,6354.59,6355.2,4618.16,4618.18,5,86,13,1,2.5,19,NA,9,9,9,NA,8,NA,NA,""
"2003-05-26","11:43:00","O320","304",402,3,1,1,0.72,15,6357.3,6358.19,4616.3,4615.89,5,87,13,1,2.5,16,NA,9,9,9,NA,7.9,NA,NA,""
"2003-05-26","13:30:00","O320","314",402,3,1,1,0.7,16,6357.67,6358.71,4613.92,4613.79,5,88,13,1,2.5,17,NA,9,9,9,NA,7.8,NA,NA,""
"2003-05-26","14:11:00","O320","312",402,3,1,1,0.54,15,6403.02,6403.83,4613.98,4614.04,5,89,13,1,2.5,15,NA,9,9,9,NA,7.6,NA,NA,""
"2003-07-18","11:31:00","O341","67",421,1,1,1,0.66,16,6443.06,6442.82,4657.79,4657.14,5,1,16,1,2.5,20,NA,9,9,9,NA,NA,NA,NA,""
"2003-07-18","12:09:00","O341","82",421,1,1,1,0.63,15,6440.19,6439.35,4656.02,4655.82,5,2,16,1,2.5,19,NA,9,9,9,NA,NA,NA,NA,""
"2003-07-18","13:30:00","O341","94",421,1,1,1,0.63,15,6442.79,6443.55,4654.21,4653.24,5,3,16,1,2.5,17,NA,9,9,9,NA,NA,NA,NA,""
"2003-07-18","14:09:00","O341","107",421,1,1,1,0.62,16,6445.84,6446.52,4652.15,4651.73,5,4,16,1,2.5,12,NA,9,9,9,NA,NA,NA,NA,""
"2003-07-19","15:13:00","O341","79",421,1,1,1,0.51,13,6448.59,6449.11,4656,4655.69,5,5,16,1,2.5,9,NA,9,9,9,NA,10,NA,NA,""
"2003-07-19","15:48:00","O341","92",421,1,1,1,0.62,17,6448.38,6448.57,4654.33,4653.71,5,6,16,1,2.5,11,NA,9,9,9,NA,9.8,NA,NA,""
"2003-07-20","07:18:00","O341","119",421,1,1,1,0.64,15,6445.83,6446.31,4649.85,4650.41,5,7,16,1,2.5,18,NA,9,9,9,NA,6.8,NA,NA,""
"2003-07-20","08:08:00","O341","105",421,1,1,1,0.62,15,6451.25,6451.36,4652.27,4651.65,5,8,16,1,2.5,7,NA,9,9,9,NA,10.7,NA,NA,""
"2003-07-20","09:05:00","O341","249",421,1,1,1,0.69,16,6451.47,6451.36,4650.49,4649.79,5,9,16,1,2.5,12,NA,9,9,9,NA,8.8,NA,NA,""
"2003-07-20","09:42:00","O341","130",421,1,1,1,0.63,16,6448.76,6448.21,4648.24,4647.73,5,10,16,1,2.5,13,NA,9,9,9,NA,7.6,NA,NA,""
"2003-07-20","10:33:00","O341","120",421,1,1,1,0.72,15,6442.96,6442.34,4649.66,4650.26,5,11,16,1,2.5,21,NA,9,9,9,NA,6.7,NA,NA,""
"2003-07-20","11:37:00","O341","96",421,1,1,1,0.61,14,6437.6,6437.33,4654.59,4654,5,12,16,1,2.5,25,NA,9,9,9,NA,5.7,NA,NA,""
"2003-07-20","13:00:00","O341","110",421,1,1,1,0.59,15,6437.08,6437.29,4652.71,4652.13,5,13,16,1,2.5,26,NA,9,9,9,NA,5.3,NA,NA,""
"2003-07-20","13:41:00","O341","123",421,1,1,1,0.68,15,6434.59,6434.18,4650.36,4649.73,5,14,16,1,2.5,25,NA,9,9,9,NA,5,NA,NA,""
"2003-07-20","14:25:00","O341","145",421,1,1,1,0.64,15,6434.34,6434.23,4646.29,4645.65,5,15,16,1,2.5,21,NA,9,9,9,NA,5.6,NA,NA,""
"2003-07-20","15:08:00","O341","152",421,1,1,1,0.63,17,6436.8,6437.56,4643.76,4644.13,5,16,16,1,2.5,18,NA,9,9,9,NA,6.6,NA,NA,""
"2003-07-20","15:53:00","O341","150",421,1,1,1,0.62,15,6442.55,6443.39,4643.87,4643.14,5,17,16,1,2.5,15,NA,9,9,9,NA,6.9,NA,NA,""
"2003-07-20","16:28:00","O341","141",421,1,1,1,0.58,14,6445.91,6446.39,4645.92,4646.45,5,18,16,1,2.5,16,NA,9,9,9,NA,7.6,NA,NA,""
"2003-07-20","17:08:00","O341","132",421,1,1,1,0.64,15,6443.66,6442.9,4648.2,4647.8,5,19,16,1,2.5,19,NA,9,9,9,NA,6.9,NA,NA,""
"2003-07-21","07:30:00","O341","158",421,1,1,1,0.52,15,6440.05,6440.04,4642.42,4641.89,5,20,16,1,2.5,16,NA,9,9,9,NA,8.3,NA,NA,""
"2003-07-21","08:12:00","O341","164",421,1,1,1,0.63,15,6437.26,6437.23,4640.38,4639.74,5,21,16,1,2.5,16,NA,9,9,9,NA,9.2,NA,NA,""
"2003-07-21","08:53:00","O341","165",421,1,1,1,0.61,17,6434.39,6434.58,4640.71,4640.1,5,22,16,1,2.5,16,NA,9,9,9,NA,7.6,NA,NA,""
"2003-07-21","09:29:00","O341","171",421,1,1,1,0.62,15,6434.36,6434.51,4638.3,4637.67,5,23,16,1,2.5,14,NA,9,9,9,NA,10.2,NA,NA,""
"2003-07-21","10:24:00","O341","169",421,1,1,1,0.7,21,6439.9,6439.89,4638.5,4637.79,5,24,16,1,2.5,13,NA,9,9,9,NA,12.4,NA,NA,""
"2003-07-21","10:56:00","O341","176",429,1,1,1,0.59,15,6439.85,6439.81,4636.32,4635.73,5,25,16,1,2.5,12,NA,9,9,9,NA,13,NA,NA,""
"2003-07-21","11:32:00","O341","188",429,1,1,1,0.68,15,6437.31,6436.89,4634.3,4633.67,5,26,16,1,2.5,9,NA,9,9,9,NA,13.5,NA,NA,""
"2003-07-21","13:23:00","O341","189",421,1,1,1,0.61,15,6434.36,6434.34,4634.19,4633.57,5,27,16,1,2.5,15,NA,9,9,9,NA,11.3,NA,NA,""
"2003-07-21","13:57:00","O341","201",402,3,1,1,0.69,18,6434.41,6434.03,4632.18,4631.53,5,28,16,1,2.5,7,NA,9,9,9,NA,14.1,NA,NA,""
"2003-07-23","07:44:00","O341","278",402,3,1,1,0.64,15,6429.04,6429.06,4618.32,4618.97,5,29,16,1,2.5,6,NA,9,9,9,NA,17.9,NA,NA,""
"2003-07-23","08:26:00","O341","265",402,3,1,1,0.61,13,6425.96,6426.75,4619.79,4620.39,5,30,16,1,2.5,10,NA,9,9,9,NA,17.2,NA,NA,""
"2003-07-23","09:01:00","O341","250",402,3,1,1,0.63,17,6429,6429.29,4621.86,4622.42,5,31,16,1,2.5,7,NA,9,9,9,NA,17.4,NA,NA,""
"2003-07-23","09:35:00","O341","241",402,3,1,1,0.69,15,6428.57,6428.73,4623.74,4624.43,5,32,16,1,2.5,10,NA,9,9,9,NA,16.5,NA,NA,""
"2003-07-23","10:11:00","O341","231",402,3,1,1,0.69,15,6431.28,6431.65,4625.76,4626.41,5,33,16,1,2.5,7,NA,9,9,9,NA,17.8,NA,NA,""
"2003-07-23","11:17:00","O341","221",402,3,1,1,0.62,16,6433.93,6434.21,4627.74,4628.34,5,34,16,1,2.5,6,NA,9,9,9,NA,19.4,NA,NA,""
"2003-07-23","11:48:00","O341","211",402,3,1,1,0.62,15,6434.28,6434.43,4629.62,4630.19,5,35,16,1,2.5,8,NA,9,9,9,NA,18.2,NA,NA,""
"2003-07-23","13:47:00","O341","200",421,1,1,1,0.64,15,6436.87,6437.36,4631.56,4632.11,5,36,16,1,2.5,10,NA,9,9,9,NA,13.2,NA,NA,""
"2003-07-23","14:25:00","O341","199",421,1,1,1,0.63,15,6440.03,6440.4,4633.69,4634.28,5,37,16,1,2.5,9,NA,9,9,9,NA,12,NA,NA,""
"2003-07-24","07:36:00","O341","280",402,3,1,1,0.61,16,6422.81,6423.32,4617.74,4618.25,5,38,16,1,2.5,11,NA,9,9,9,NA,17.9,NA,NA,""
"2003-07-24","08:18:00","O341","266",402,3,1,1,0.61,16,6422.81,6423.42,4619.77,4620.22,5,39,16,1,2.5,14,NA,9,9,9,NA,15.9,NA,NA,""
"2003-07-24","09:02:00","O341","253",402,3,1,1,0.72,15,6420.37,6419.89,4621.79,4622.44,5,40,16,1,2.5,12,NA,9,9,9,NA,16.8,NA,NA,""
"2003-07-24","09:34:00","O341","244",402,3,1,1,0.71,15,6419.93,6420.4,4623.74,4624.33,5,41,16,1,2.5,17,NA,9,9,9,NA,14.1,NA,NA,""
"2003-07-24","10:05:00","O341","235",402,3,1,1,0.63,15,6420.81,6420.06,4625.73,4626.14,5,42,16,1,2.5,16,NA,9,9,9,NA,12.2,NA,NA,""
"2003-07-24","10:45:00","O341","225",402,3,1,1,0.64,15,6422.78,6423.53,4627.91,4628.3,5,43,16,1,2.5,13,NA,9,9,9,NA,10.7,NA,NA,""
"2003-07-24","11:24:00","O341","223",402,3,1,1,0.58,15,6425.94,6426.32,4626.29,4625.76,5,44,16,1,2.5,11,NA,9,9,9,NA,14.6,NA,NA,""
"2003-07-24","12:05:00","O341","212",402,3,1,1,0.56,12,6428.29,6428.66,4627.81,4628.32,5,45,16,1,2.5,11,NA,9,9,9,NA,17.4,NA,NA,""
"2003-07-24","13:59:00","O341","203",402,3,1,1,0.63,15,6428.6,6428.48,4631.73,4632.36,5,46,16,1,2.5,15,NA,9,9,9,NA,9.5,NA,NA,""
"2003-07-24","14:32:00","O341","204",402,3,1,1,0.65,15,6426.46,6425.53,4632.13,4631.93,5,47,16,1,2.5,16,NA,9,9,9,NA,9.1,NA,NA,""
"2003-07-25","08:55:00","O341","192",402,3,1,1,0.71,15,6425.85,6426.21,4633.74,4634.37,5,48,16,1,2.5,22,NA,9,9,9,NA,6.9,NA,NA,""
"2003-07-25","09:32:00","O341","181",402,2,1,1,0.68,15,6426.1,6426.6,4636.08,4636.68,5,49,16,1,2.5,22,NA,9,9,9,NA,7.6,NA,NA,""
"2003-07-25","10:17:00","O341","182",402,3,1,1,0.66,16,6423.6,6422.76,4636.21,4635.86,5,50,16,1,2.5,10,NA,9,9,9,NA,19.7,NA,NA,""
"2003-07-25","11:27:00","O341","185",402,3,1,1,0.59,15,6414.64,6413.95,4636.18,4635.81,5,51,16,1,2.5,6,NA,9,9,9,NA,20.3,NA,NA,""
"2003-07-25","13:48:00","O341","206",402,3,1,1,0.64,17,6420.25,6419.93,4632.31,4631.7,5,52,16,1,2.5,20,NA,9,9,9,NA,9.5,NA,NA,""
"2003-07-25","14:30:00","O341","217",402,3,1,1,0.65,15,6417.25,6417.06,4630.39,4629.74,5,53,16,1,2.5,18,NA,9,9,9,NA,10.5,NA,NA,""
"2003-07-27","09:22:00","O341","209",402,3,1,1,0.62,15,6411.49,6411.24,4631.83,4632.42,5,54,16,1,2.5,12,NA,9,9,9,NA,19.5,NA,NA,""
"2003-07-27","10:03:00","O341","198",402,3,1,1,0.63,17,6410.47,6409.79,4634.39,4633.95,5,55,16,1,2.5,7,NA,9,9,9,NA,20.3,NA,NA,""
"2003-07-27","10:52:00","O341","220",402,3,1,1,0.62,16,6408.88,6409.14,4630.38,4629.78,5,56,16,1,2.5,9,NA,9,9,9,NA,19.7,NA,NA,""
"2003-07-27","11:30:00","O341","229",402,3,1,1,0.63,15,6411.39,6411.45,4628.34,4627.76,5,57,16,1,2.5,11,NA,9,9,9,NA,18.1,NA,NA,""
"2003-07-27","12:03:00","O341","238",402,3,1,1,0.68,15,6411.42,6411.57,4626.38,4625.7,5,58,16,1,2.5,1,NA,9,9,9,NA,12.5,NA,NA,""
"2003-07-27","13:40:00","O341","296",402,3,1,1,0.6,15,6414.52,6413.81,4624.47,4624.11,5,59,16,1,2.5,15,NA,9,9,9,NA,14.7,NA,NA,""
"2003-07-27","14:27:00","O341","256",402,3,1,1,0.59,15,6412.02,6412.43,4622.2,4621.68,5,60,16,1,2.5,13,NA,9,9,9,NA,16.7,NA,NA,""
"2003-07-27","15:02:00","O341","270",402,3,1,1,0.68,21,6411.27,6411.36,4620.38,4619.2,5,61,16,1,2.5,16,NA,9,9,9,NA,17.5,NA,NA,""
"2003-07-27","15:40:00","O341","283",402,3,1,1,0.61,15,6413.93,6414.83,4618.35,4618.46,5,62,16,1,2.5,14,NA,9,9,9,NA,16,NA,NA,""
"2003-07-29","09:30:00","O341","179",421,1,1,1,0.66,15,6431.3,6431.55,4635.72,4636.32,5,63,16,1,2.5,21,NA,9,9,9,NA,8,NA,NA,""
"2003-07-29","10:14:00","O341","173",421,2,1,1,0.59,15,6428.46,6428.62,4637.63,4638.22,5,64,16,1,2.5,20,NA,9,9,9,NA,6,NA,NA,""
"2003-07-29","11:00:00","O341","163",421,2,1,1,0.61,15,6426.24,6425.77,4641.74,4642.27,5,65,16,1,2.5,13,NA,9,9,9,NA,8.4,NA,NA,""
"2003-07-29","11:43:00","O341","148",421,2,1,1,0.67,15,6426.03,6425.97,4645.65,4646.32,5,66,16,1,2.5,22,NA,9,9,9,NA,4.9,NA,NA,""
"2003-07-29","13:32:00","O341","149",421,2,1,1,0.66,15,6423.07,6422.31,4646.42,4646.41,5,67,16,1,2.5,10,NA,9,9,9,NA,16.3,NA,NA,""
"2003-07-29","14:16:00","O341","139",421,2,1,1,0.62,15,6423.23,6422.58,4647.91,4648.36,5,68,16,1,2.5,15,NA,9,9,9,NA,11.8,NA,NA,""
"2003-07-29","15:27:00","O341","129",421,2,1,1,0.75,15,6417.39,6416.7,4649.61,4650.22,5,69,16,1,2.5,13,NA,9,9,9,NA,17.1,NA,NA,""
"2003-07-29","16:10:00","O341","103",421,2,1,1,0.6,15,6417.35,6417.1,4653.81,4654.39,5,70,16,1,2.5,22,NA,9,9,9,NA,6.3,NA,NA,""
"2003-07-29","16:55:00","O341","90",421,2,1,1,0.61,19,6417.47,6416.89,4655.87,4656.35,5,71,16,1,2.5,26,NA,9,9,9,NA,3.9,NA,NA,""
"2003-07-30","06:45:00","O341","78",421,2,1,1,0.48,13,6411.84,6411.28,4657.22,4658.02,5,72,16,1,2.5,22,NA,9,9,9,NA,4.1,NA,NA,""
"2003-07-30","07:57:00","O341","64",421,2,1,1,0.58,14,6408.56,6408.5,4659.63,4700.21,5,73,16,1,2.5,21,NA,9,9,9,NA,4.1,NA,NA,""
"2003-07-30","08:36:00","O341","47",421,2,1,1,0.75,18,6411.25,6411.74,4701.86,4702.22,5,74,16,1,2.5,34,NA,9,9,9,NA,1.9,NA,NA,""
"2003-07-30","09:15:00","O341","62",421,2,1,1,0.7,15,6414.09,6414.68,4700.23,4659.65,5,75,16,1,2.5,33,NA,9,9,9,NA,2.3,NA,NA,""
"2003-07-30","10:04:00","O341","45",421,2,1,1,0.64,17,6416.8,6417.4,4702.3,4701.79,5,76,16,1,2.5,39,NA,9,9,9,NA,1.9,NA,NA,""
"2003-07-30","10:42:00","O341","60",421,2,1,1,0.65,15,6419.87,6420.5,4700.16,4659.81,5,77,16,1,2.5,35,NA,9,9,9,NA,2.4,NA,NA,""
"2003-07-30","11:20:00","O341","74",421,2,1,1,0.65,15,6422.97,6423.69,4658.18,4657.73,5,78,16,1,2.5,34,NA,9,9,9,NA,2.4,NA,NA,""
"2003-07-30","13:26:00","O341","57",421,2,1,1,0.56,15,6428.31,6428.79,4700.32,4659.86,5,79,16,1,2.5,33,NA,9,9,9,NA,2.8,NA,NA,""
"2003-07-30","14:14:00","O341","70",421,1,1,1,0.65,16,6433.95,6434.6,4658.45,4658.02,5,80,16,1,2.5,27,NA,9,9,9,NA,4.2,NA,NA,""
"2003-07-30","15:00:00","O341","71",421,2,1,1,0.59,15,6431.46,6431.39,4658.46,4657.87,5,81,16,1,2.5,30,NA,9,9,9,NA,3.7,NA,NA,""
"2003-07-30","15:19:00","O341","114",421,2,1,1,0.56,15,6424.98,6425.62,4652.81,4652.43,5,82,16,1,2.5,29,NA,9,9,9,NA,3.5,NA,NA,""
"2003-07-30","15:41:00","O341","86",421,2,0,3,0.63,15,6428.6,6428.45,4656.27,4655.64,5,83,16,1,2.5,34,NA,9,9,9,NA,3,NA,NA,""
"2003-07-30","16:45:00","O341","101",421,2,1,1,0.54,15,6423.16,6423.09,4654.54,4654,5,84,16,1,2.5,29,NA,9,9,9,NA,3.8,NA,NA,""
"2003-07-31","06:51:00","O341","124",421,2,1,1,0.63,16,6431.3,6431.6,4650.23,4649.63,5,85,16,1,2.5,28,NA,9,9,9,NA,4.1,NA,NA,""
"2003-07-31","07:35:00","O341","137",421,2,1,1,0.72,15,6428.51,6428.84,4648.06,4647.36,5,86,16,1,2.5,25,NA,9,9,9,NA,4.6,NA,NA,""
"2003-07-31","08:15:00","O341","155",421,2,1,1,0.67,15,6428.45,6428.46,4644.37,4643.7,5,87,16,1,2.5,20,NA,9,9,9,NA,5.8,NA,NA,""
"2003-07-31","08:53:00","O341","161",421,2,1,1,0.78,17,6431.44,6431.42,4642.16,4641.38,5,88,16,1,2.5,25,NA,9,9,9,NA,5.8,NA,NA,""
"2003-07-31","10:18:00","O341","151",421,1,1,1,0.6,14,6440.52,6439.94,4644.23,4643.76,5,89,16,1,2.5,16,NA,9,9,9,NA,6.9,NA,NA,""
"2003-07-31","11:30:00","O341","172",421,1,1,1,0.67,15,6431.53,6431.01,4638.98,4638.39,5,90,16,1,2.5,32,NA,9,9,9,NA,7.3,NA,NA,""
"2003-07-31","14:06:00","O341","268",421,3,1,1,0.61,15,6417.53,6417.21,4620.35,4619.77,5,91,16,1,2.5,16,NA,9,9,9,NA,13.7,NA,NA,""
"2003-07-31","14:43:00","O341","281",421,3,1,1,0.58,15,6419.93,6420.75,4618.27,4618.08,5,92,16,1,2.5,12,NA,9,9,9,NA,14.3,NA,NA,""
"2003-08-01","08:00:00","O341","296",402,3,1,1,0.66,15,6420.57,6419.58,4616.01,4616.02,5,100,16,1,2.5,9,NA,9,9,9,NA,16.6,NA,NA,""
"2003-08-01","08:38:00","O341","298",402,3,1,1,0.6,16,6414.85,6413.94,4616.01,4615.99,5,101,16,1,2.5,11,NA,9,9,9,NA,16.4,NA,NA,""
"2003-08-01","09:22:00","O341","310",402,3,1,1,0.61,14,6408.59,6407.77,4614.14,4613.85,5,102,16,1,2.5,13,NA,9,9,9,NA,17.8,NA,NA,""
"2003-08-01","09:53:00","O341","B-1",402,3,1,1,0.7,15,6406.28,6405.29,4612.1,4611.86,5,103,16,1,2.5,8,NA,9,9,9,NA,19.2,NA,NA,""
"2003-08-01","10:30:00","O341","313",402,3,1,1,0.57,15,6402.71,6403.21,4613.67,4614.13,5,104,16,1,2.5,14,NA,9,9,9,NA,18.3,NA,NA,""
"2003-08-01","11:07:00","O341","301",402,3,1,1,0.62,1,6405.58,6406.24,4615.76,4616.2,5,105,16,1,2.5,1,NA,9,9,9,NA,17.3,NA,NA,""
"2003-08-01","11:43:00","O341","285",402,3,1,1,0.59,15,6408.17,6408.63,4617.79,4618.3,5,106,16,1,2.5,14,NA,9,9,9,NA,16.4,NA,NA,""
"2003-08-01","13:13:00","O341","272",402,3,1,1,0.65,15,6405.34,6406.08,4619.74,4620.17,5,107,16,1,2.5,13,NA,9,9,9,NA,18.6,NA,NA,""
"2003-08-01","14:05:00","O341","258",402,3,1,1,0.58,16,6406.35,6405.6,4622.3,4622,5,108,16,1,2.5,9,NA,9,9,9,NA,20.6,NA,NA,""
"2003-08-01","14:57:00","O341","174",402,3,1,1,0.51,13,6400.72,6400.04,4620.07,4619.83,5,109,16,1,2.5,9,NA,9,9,9,NA,19.7,NA,NA,""
"2003-08-01","15:41:00","O341","261",402,3,1,1,0.67,16,6358.24,6357.24,4621.94,4621.99,5,110,16,1,2.5,6,NA,9,9,9,NA,20.3,NA,NA,""
"2003-08-02","07:09:00","O341","277",402,3,1,1,0.54,15,6351.84,6351.02,4620,4620.02,5,112,16,1,2.5,8,NA,9,9,9,NA,18.7,NA,NA,""
"2003-08-02","07:52:00","O341","291",402,3,1,1,0.67,15,6353.76,6354.75,4618.04,4617.94,5,113,16,1,2.5,16,NA,9,9,9,NA,17.5,NA,NA,""
"2003-08-02","08:32:00","O341","304",402,3,1,1,0.7,15,6357.38,6356.44,4616.17,4615.44,5,114,16,1,2.5,16,NA,9,9,9,NA,17.3,NA,NA,""
"2003-08-02","09:08:00","O341","314",402,3,1,1,0.57,16,6356.59,6357.43,4614.01,4613.92,5,115,16,1,2.5,20,NA,9,9,9,NA,18,NA,NA,""
"2003-08-02","09:54:00","O341","321",402,3,1,1,0.52,15,6352.67,6351.9,4611.96,4611.92,5,116,16,1,2.5,12,NA,9,9,9,NA,17.8,NA,NA,""
"2003-08-02","10:17:00","O341","323",402,3,1,1,0.69,14,6351.3,6350.26,4612.01,4612.05,5,117,16,1,2.5,12,NA,9,9,9,NA,17.5,NA,NA,""
"2003-08-02","10:44:00","O341","324",402,3,1,1,0.71,17,6348.61,6347.57,4611.94,4611.79,5,118,16,1,2.5,15,NA,9,9,9,NA,17,NA,NA,""
"2003-08-02","11:43:00","O341","316",402,3,1,1,0.71,15,6350.74,6349.82,4613.73,4613.37,5,119,16,1,2.5,16,NA,9,9,9,NA,16.8,NA,NA,""
"2003-08-02","14:54:00","O341","192",402,3,1,1,0.65,15,6348.98,6348.31,4616.17,4615.7,5,120,16,1,2.5,10,NA,9,9,9,NA,16.9,NA,NA,""
"2003-08-02","15:30:00","O341","318",402,3,1,1,0.61,15,6346.07,6345.31,4614.28,4613.94,5,121,16,1,2.5,24,NA,9,9,9,NA,16.1,NA,NA,""
"2003-08-02","16:05:00","O341","319",402,3,1,1,0.55,15,6342.86,6342.08,4613.97,4613.79,5,122,16,1,2.5,14,NA,9,9,9,NA,15.6,NA,NA,""
"2003-08-02","17:25:00","O341","334",402,5,1,1,0.56,15,6331.93,6331.1,4610.09,4609.98,5,123,16,1,2.5,7,NA,9,9,9,NA,16.3,NA,NA,""
"2003-08-02","18:30:00","O341","340",402,5,1,1,0.55,15,6336.74,6337.2,4607.89,4608.36,5,124,16,1,2.5,21,NA,9,9,9,NA,10.6,NA,NA,""
"2003-08-02","19:14:00","O341","331",402,3,1,1,0.55,14,6342.1,6342.67,4609.71,4610.11,5,125,16,1,2.5,20,NA,9,9,9,NA,12.6,NA,NA,""
"2003-08-03","06:39:00","O341","338",402,3,1,1,0.6,15,6343.24,6342.35,4607.73,4607.68,5,126,16,1,2.5,15,NA,9,9,9,NA,16.1,NA,NA,""
"2003-08-03","07:14:00","O341","355",402,5,1,1,0.44,15,6340.29,6339.78,4606.29,4605.68,5,127,16,1,2.5,14,NA,9,9,9,NA,14.5,NA,NA,""
"2003-08-03","07:47:00","O341","374",402,5,1,1,0.57,15,6337.45,6336.63,4600.26,4600.11,5,128,16,1,2.5,14,NA,9,9,9,NA,14,NA,NA,""
"2003-08-03","08:31:00","O341","392",402,5,1,1,0.59,15,6339.79,6340.41,4602.11,4601.68,5,129,16,1,2.5,9,NA,9,9,9,NA,17.9,NA,NA,""
"2003-08-03","09:13:00","O341","372",402,5,1,1,0.6,15,6342.33,6343.03,4604.13,4603.75,5,130,16,1,2.5,8,NA,9,9,9,NA,17.1,NA,NA,""
"2003-08-03","09:47:00","O341","370",402,5,1,1,0.75,19,6346.44,6347.4,4603.1,4602.7,5,131,16,1,2.5,8,NA,9,9,9,NA,18.4,NA,NA,""
"2003-08-03","10:25:00","O341","388",402,5,1,1,0.61,16,6350.35,6350.27,4602.34,4601.23,5,132,16,1,2.5,7,NA,9,9,9,NA,18.6,NA,NA,""
"2003-08-03","11:36:00","O341","408",402,5,1,1,0.61,16,6348.85,6348.19,4600.27,4559.85,5,133,16,1,2.5,8,NA,9,9,9,NA,16.9,NA,NA,""
"2003-08-03","13:09:00","O341","410",402,5,1,1,0.55,15,6343.63,6343.28,4600.06,4600.22,5,134,16,1,2.5,11,NA,9,9,9,NA,16.7,NA,NA,""
"2003-08-03","13:44:00","O341","430",402,5,1,1,0.66,5,6343.09,6343.13,4558.28,4557.62,5,135,16,1,2.5,13,NA,9,9,9,NA,13.6,NA,NA,""
"2003-08-03","14:20:00","O341","450",402,5,0,3,NA,9,6345.63,6345.49,4556.41,4556.14,5,136,16,1,2.5,12,NA,9,9,9,NA,NA,NA,NA,""
"2003-08-03","15:22:00","O341","452",402,5,1,1,0.51,13,6339.86,6339.09,4556.03,4556.04,5,137,16,1,2.5,14,NA,9,9,9,NA,11.9,NA,NA,""
"2003-08-03","15:54:00","O341","432",402,5,1,1,0.66,16,6337.7,6336.82,4557.86,4558.16,5,138,16,1,2.5,14,NA,9,9,9,NA,12.4,NA,NA,""
"2003-08-04","07:55:00","O341","367",402,5,1,1,0.74,15,6333.83,6334.43,4603.75,4604.37,5,139,16,1,2.5,17,NA,9,9,9,NA,10.9,NA,NA,""
"2003-08-04","08:31:00","O341","358",402,5,1,1,0.57,15,6332.11,6331.31,4606.05,4606.25,5,140,16,1,2.5,17,NA,9,9,9,NA,11.4,NA,NA,""
"2003-08-04","09:05:00","O341","343",402,5,1,1,0.66,15,6328.92,6327.94,4608.05,4607.95,5,141,16,1,2.5,10,NA,9,9,9,NA,14.9,NA,NA,""
"2003-08-04","09:40:00","O341","355",402,5,1,1,0.55,15,6327.72,6328.53,4609.38,4610.02,5,142,16,1,2.5,8,NA,9,9,9,NA,17.5,NA,NA,""
"2003-08-07","10:21:00","O341","415",432,5,1,1,0.7,17,6327.87,6328.51,4600.44,4559.87,5,143,16,1,2.5,20,NA,9,9,9,NA,12.3,NA,NA,""
"2003-08-07","11:00:00","O341","434",432,5,1,1,0.76,18,6330.94,6331.64,4558.18,4557.57,5,144,16,1,2.5,17,NA,9,9,9,NA,12.6,NA,NA,""
"2003-08-07","11:37:00","O341","454",432,5,1,1,0.73,15,6334.13,6334.82,4556.12,4555.54,5,145,16,1,2.5,14,NA,9,9,9,NA,13.9,NA,NA,""
"2003-08-07","13:25:00","O341","473",432,5,1,1,0.78,10,6338.01,6339.17,4554.17,4554.3,5,146,16,1,2.5,8,NA,9,9,9,NA,19.7,NA,NA,""
"2003-08-07","14:50:00","O341","477",432,5,1,1,0.67,16,6325.85,6324.84,4554.08,4554.07,5,147,16,1,2.5,15,NA,9,9,9,NA,13.4,NA,NA,""
"2003-08-07","15:27:00","O341","457",432,5,1,1,0.83,15,6325.63,6326.21,4555.99,4556.72,5,148,16,1,2.5,16,NA,9,9,9,NA,11.4,NA,NA,""
"2003-08-08","08:43:00","O341","459",432,5,1,1,0.66,17,6319.94,6318.98,4556.04,4556.2,5,149,16,1,2.5,22,NA,9,9,9,NA,10.3,NA,NA,""
"2003-08-08","09:53:00","O341","493",432,5,1,1,0.62,15,6319.13,6318.62,4550.84,4550.31,5,150,16,1,2.5,16,NA,9,9,9,NA,13.2,NA,NA,""
"2003-08-08","10:22:00","O341","506",432,5,1,1,0.76,15,6319.81,6320.9,4550.04,4550.04,5,151,16,1,2.5,13,NA,9,9,9,NA,15.4,NA,NA,""
"2003-08-08","11:40:00","O341","481",432,5,1,1,0.84,18,6314.31,6313.87,4553.9,4554.69,5,152,16,1,2.5,21,NA,9,9,9,NA,11.3,NA,NA,""
"2003-08-08","13:28:00","O341","496",432,5,1,1,0.74,14,6311.56,6310.97,4552.35,4551.71,5,153,16,1,2.5,19,NA,9,9,9,NA,12.5,NA,NA,""
"2003-08-08","14:43:00","O341","484",432,5,1,1,0.76,15,6305.44,6305.32,4553.98,4554.74,5,154,16,1,2.5,28,NA,9,9,9,NA,11.1,NA,NA,""
"2003-08-09","08:06:00","O341","384",432,5,1,1,0.68,15,6308.49,6308.82,4603.95,4603.3,5,155,16,1,2.5,15,NA,9,9,9,NA,16.8,NA,NA,""
"2003-08-09","08:44:00","O341","403",432,5,1,1,0.69,15,6308.26,6307.74,4601.81,4601.21,5,156,16,1,2.5,24,NA,9,9,9,NA,12,NA,NA,""
"2003-08-09","09:37:00","O341","383",432,5,1,1,0.71,15,6311.41,6312.24,4604.05,4604.5,5,157,16,1,2.5,15,NA,9,9,9,NA,16.4,NA,NA,""
"2003-08-09","10:22:00","O341","363",432,5,1,1,0.65,15,6317.09,6317.09,4605.94,4605.28,5,158,16,1,2.5,16,NA,9,9,9,NA,17.9,NA,NA,""
"2003-08-09","10:59:00","O341","346",432,5,1,1,0.57,12,6320.51,6321.36,4607.81,4607.77,5,159,16,1,2.5,11,NA,9,9,9,NA,18.3,NA,NA,""
"2003-08-09","11:31:00","O341","361",432,5,1,1,0.51,10,6323.1,6323.4,4606.26,4605.78,5,160,16,1,2.5,16,NA,9,9,9,NA,16.9,NA,NA,""
"2003-08-09","13:39:00","O341","381",432,5,1,1,0.73,15,6317.33,6316.4,4603.96,4603.57,5,161,16,1,2.5,15,NA,9,9,9,NA,18.7,NA,NA,""
"2003-08-09","14:30:00","O341","418",432,5,1,1,0.78,15,6320.21,6320.93,4559.76,4559.33,5,162,16,1,2.5,21,NA,9,9,9,NA,12.4,NA,NA,""
"2003-08-10","08:08:00","O341","405",432,5,1,1,0.6,15,6306.03,6306.03,4601.99,4601.99,5,163,16,1,2.5,19,NA,9,9,9,NA,12,NA,NA,""
"2003-08-10","08:40:00","O341","423",432,5,1,1,0.77,15,6305.61,6305.73,4559.91,4559.14,5,164,16,1,2.5,26,NA,9,9,9,NA,12,NA,NA,""
"2003-08-10","09:59:00","O341","440",432,5,1,1,0.68,15,6314.17,6315.18,4557.91,4557.95,5,165,16,1,2.5,26,NA,9,9,9,NA,11.4,NA,NA,""
"2003-08-10","10:17:00","O341","442",432,5,1,1,0.65,16,6308.47,6309.4,4558.07,4557.86,5,166,16,1,2.5,24,NA,9,9,9,NA,10.7,NA,NA,""
"2003-08-10","10:47:00","O341","420",432,5,1,1,0.68,6,6311.39,6310.83,4600.15,4600.72,5,167,16,1,2.5,15,NA,9,9,9,NA,14.6,NA,NA,""
"2003-08-10","11:45:00","O341","400",432,5,1,1,0.66,15,6317.29,6318.28,4601.9,4601.97,5,168,16,1,2.5,20,NA,9,9,9,NA,12.9,NA,NA,""
"2003-08-10","14:49:00","O341","367",432,5,1,1,0.56,15,6305.78,6305.05,4605.46,4605.74,5,169,16,1,2.5,8,NA,9,9,9,NA,18.1,NA,NA,""
"2003-08-12","08:35:00","O341","444",432,5,1,1,0.72,16,6303,6302.73,4557.95,4557.25,5,170,16,1,2.5,24,NA,9,9,9,NA,11.7,NA,NA,""
"2003-08-12","09:13:00","O341","445",432,6,1,1,0.63,15,6300.08,6259.55,4558.06,4558.59,5,171,16,1,2.5,21,NA,9,9,9,NA,12.5,NA,NA,""
"2003-08-12","09:52:00","O341","427",432,6,1,1,0.69,15,6256.36,6255.61,4559.41,4558.93,5,172,16,1,2.5,14,NA,9,9,9,NA,13.7,NA,NA,""
"2003-08-12","10:23:00","O341","447",432,6,1,1,0.7,15,6254.66,6254.41,4558.08,4557.39,5,173,16,1,2.5,14,NA,9,9,9,NA,12,NA,NA,""
"2003-08-12","11:09:00","O341","467",432,6,1,1,0.65,15,6257.84,6258.78,4555.96,4555.76,5,174,16,1,2.5,25,NA,9,9,9,NA,11.4,NA,NA,""
"2003-08-12","11:39:00","O341","486",432,6,1,1,0.69,15,6259.92,6300.24,4554.3,4553.65,5,175,16,1,2.5,33,NA,9,9,9,NA,9.8,NA,NA,""
"2003-08-12","13:36:00","O341","512",432,6,1,1,0.71,15,6302.74,6303.04,4550.04,4549.36,5,176,16,1,2.5,16,NA,9,9,9,NA,14.7,NA,NA,""
"2003-08-12","14:20:00","O341","501",432,6,1,1,0.79,15,6259.95,6258.84,4551.73,4552,5,177,16,1,2.5,30,NA,9,9,9,NA,9.9,NA,NA,""
"2003-08-13","07:30:00","O341","985",432,6,1,1,0.66,15,6230.42,6229.48,4541.91,4541.82,5,178,16,1,2.5,16,NA,9,9,9,NA,14,NA,NA,""
"2003-08-13","09:00:00","O341","978",432,6,1,1,0.59,15,6229.12,6228.39,4542.93,4543.28,5,179,16,1,2.5,19,NA,9,9,9,NA,12.9,NA,NA,""
"2003-08-13","09:23:00","O341","986",432,6,1,1,0.7,15,6231.21,6231.26,4541.94,4542.93,5,180,16,1,2.5,17,NA,9,9,9,NA,17.5,NA,NA,""
"2003-08-13","10:12:00","O341","968",432,6,1,1,0.85,15,6228.77,6228.34,4550.27,4551.07,5,181,16,1,2.5,18,NA,9,9,9,NA,11,NA,NA,""
"2003-08-13","10:32:00","O341","954",432,6,1,1,0.63,15,6230.15,6231.54,4552,4552.11,5,182,16,1,2.5,24,NA,9,9,9,NA,19.9,NA,NA,""
"2003-08-13","11:02:00","O341","955",432,6,1,1,0.62,15,6229.46,6228.52,4552.13,4552.1,5,183,16,1,2.5,27,NA,9,9,9,NA,7.6,NA,NA,""
"2003-08-13","11:37:00","O341","941",432,6,1,1,0.63,15,6225.94,6225.39,4554.02,4554.52,5,184,16,1,2.5,35,NA,9,9,9,NA,3.5,NA,NA,""
"2003-08-13","13:16:00","O341","942",432,6,1,1,0.59,15,6223.32,6222.9,4553.88,4553.35,5,185,16,1,2.5,35,NA,9,9,9,NA,4.1,NA,NA,""
"2003-08-13","14:01:00","O341","971",432,6,1,1,0.64,15,6220.34,6219.9,4550.06,4549.48,5,186,16,1,2.5,27,NA,9,9,9,NA,5.6,NA,NA,""
"2003-08-13","15:15:00","O341","989",432,6,1,1,0.57,15,6223.12,6223.79,4546.12,4545.76,5,187,16,1,2.5,25,NA,9,9,9,NA,11.4,NA,NA,""
"2003-08-14","07:55:00","O341","950",432,6,1,1,0.64,15,6242.96,6243.79,4547.89,4548.22,5,188,16,1,2.5,19,NA,9,9,9,NA,11.8,NA,NA,""
"2003-08-14","08:34:00","O341","518",432,6,1,1,0.76,16,6246.92,6248.05,4549.83,4549.94,5,189,16,1,2.5,26,NA,9,9,9,NA,7.7,NA,NA,""
"2003-08-14","09:11:00","O341","524",432,6,1,1,0.71,15,6249.27,6250.34,4548.02,4548.09,5,190,16,1,2.5,23,NA,9,9,9,NA,10.1,NA,NA,""
"2003-08-14","09:49:00","O341","516",432,6,1,1,0.66,15,6251.98,6252.86,4550.02,4550.34,5,191,16,1,2.5,39,NA,9,9,9,NA,8.4,NA,NA,""
"2003-08-14","11:11:00","O341","522",432,6,1,1,0.63,15,6254.56,6253.65,4549.81,4549.64,5,192,16,1,2.5,32,NA,9,9,9,NA,9.5,NA,NA,""
"2003-08-14","13:11:00","O341","514",432,6,1,1,0.67,15,6257.72,6258.67,4549.99,4550.23,5,193,16,1,2.5,24,NA,9,9,9,NA,10,NA,NA,""
"2003-08-14","13:59:00","O341","488",432,6,1,1,0.65,16,6257.44,6256.87,4553.77,4554.3,5,194,16,1,2.5,29,NA,9,9,9,NA,9.6,NA,NA,""
"2003-08-14","14:45:00","O341","490",432,6,1,1,0.7,16,6251.29,6250.3,4553.94,4553.2,5,195,16,1,2.5,21,NA,9,9,9,NA,9.2,NA,NA,""
"2003-08-15","08:03:00","O341","934",432,6,1,1,0.63,15,6237.19,6237,4549.67,4549.95,5,196,16,1,2.5,19,NA,9,9,9,NA,18.5,NA,NA,""
"2003-08-15","09:00:00","O341","923",432,6,1,1,0.63,15,6240.14,6241.02,4551.8,4552.04,5,197,16,1,2.5,17,NA,9,9,9,NA,12.8,NA,NA,""
"2003-08-15","09:40:00","O341","896",432,6,1,1,0.72,15,6242.99,6243.99,4553.9,4554.28,5,198,16,1,2.5,51,NA,9,9,9,NA,7.2,NA,NA,""
"2003-08-15","10:28:00","O341","199",432,6,1,1,0.63,15,6240.64,6239.77,4555.96,4556.22,5,199,16,1,2.5,33,NA,9,9,9,NA,6.7,NA,NA,""
"2003-08-15","11:01:00","O341","873",435,6,1,1,0.53,14,6237.77,6237,4556.09,4555.74,5,200,16,1,2.5,35,NA,9,9,9,NA,6,NA,NA,""
"2003-08-15","11:43:00","O341","899",432,5,1,1,0.72,15,6233.2,6232.28,4554.71,4554.33,5,201,16,1,2.5,35,NA,9,9,9,NA,7,NA,NA,""
"2003-08-15","13:38:00","O341","875",432,2,1,1,0.67,15,6230.26,6229.31,4556.03,4556.23,5,202,16,1,2.5,53,NA,9,9,9,NA,4.7,NA,NA,""
"2003-08-15","14:12:00","O341","850",432,6,1,1,0.64,15,6228.87,6228.07,4557.97,4558.34,5,203,16,1,2.5,37,NA,9,9,9,NA,7.5,NA,NA,""
"2003-08-15","14:53:00","O341","877",432,6,1,1,0.66,15,6225.95,6225.55,4555.7,4555.09,5,204,16,1,2.5,38,NA,9,9,9,NA,3.7,NA,NA,""
"2003-07-25","12:07:00","O341","195",402,3,1,1,0.57,15,6416.8,6417.54,4634.26,4633.96,5,251,16,1,2.5,7,NA,9,9,9,NA,19.4,NA,NA,""
"2003-07-15","14:20:00","O341","279",402,3,1,1,0.59,15,6426.03,6426.18,4618.2,4617.61,5,301,16,1,2.5,9,NA,9,9,9,NA,NA,NA,NA,""
"2003-07-15","15:19:00","O341","267",402,3,1,1,0.63,16,6420.19,6420.53,4619.92,4620.52,5,302,16,1,2.5,13,NA,9,9,9,NA,NA,NA,NA,""
"2003-07-16","15:52:00","O341","252",402,3,1,1,0.56,14,6423,6423.31,4621.86,4622.38,5,303,16,1,2.5,14,NA,9,9,9,NA,NA,NA,NA,""
"2003-08-07","09:41:00","O341","397",402,5,1,1,0.5,15,6325.49,6325.1,4601.95,4602.38,5,342,16,1,2.5,21,NA,9,9,9,NA,NA,NA,NA,""
"2003-07-31","14:50:00","O341","128",421,1,1,1,0.67,16,6420.53,6419.91,4649.25,4650.62,5,368,16,1,2.5,18,NA,9,9,9,NA,6.2,NA,NA,""
"2003-10-17","07:58:00","O365","278",402,3,1,1,0.6,15,6428.94,6428.57,4618.45,4617.9,5,1,13,1,2.5,6,NA,9,9,9,NA,NA,NA,NA,""
"2003-10-17","09:02:00","O365","251",402,3,1,1,0.55,15,6425.92,6425.15,4622.4,4622.22,5,2,13,1,2.5,12,NA,9,9,9,NA,NA,NA,NA,""
"2003-10-18","07:09:00","O365","279",402,3,1,1,0.65,17,6426.34,6425.38,4618.19,4618.28,5,3,13,1,2.5,8,NA,9,9,9,NA,NA,NA,NA,""
"2003-10-18","07:48:00","O365","265",402,3,1,1,0.6,15,6426.55,6425.7,4620.02,4620.22,5,4,13,1,2.5,10,NA,9,9,9,NA,NA,NA,NA,""
"2003-10-18","08:34:00","O365","250",402,3,1,1,0.65,16,6429.44,6428.46,4622.07,4622.13,5,5,13,1,2.5,7,NA,9,9,9,NA,NA,NA,NA,""
"2003-10-18","09:21:00","O365","240",402,3,1,1,0.71,16,6431.97,6430.84,4624.08,4624.17,5,6,13,1,2.5,10,NA,9,9,9,NA,NA,NA,NA,""
"2003-10-18","09:57:00","O365","231",402,3,1,1,0.64,15,6431.4,6431.41,4625.64,4626.29,5,7,13,1,2.5,9,NA,9,9,9,NA,NA,NA,NA,""
"2003-10-18","10:39:00","O365","221",402,3,1,1,0.61,16,6434.32,6434.3,4627.59,4628.21,5,8,13,1,2.5,7,NA,9,9,9,NA,NA,NA,NA,""
"2003-10-18","11:18:00","O365","211",402,3,1,1,0.65,16,6432.95,6432.28,4630.4,4630.87,5,9,13,1,2.5,12,NA,9,9,9,NA,NA,NA,NA,""
"2003-10-18","11:52:00","O365","201",402,3,1,1,0.55,15,6434.02,6434.17,4631.78,4632.32,5,10,13,1,2.5,8,NA,9,9,9,NA,NA,NA,NA,""
"2003-10-18","13:17:00","O365","202",402,3,1,1,0.59,16,6431.33,6431.54,4631.59,4632.17,5,11,13,1,2.5,12,NA,9,9,9,NA,NA,NA,NA,""
"2003-10-18","13:50:00","O365","203",402,3,1,1,0.69,14,6428.9,6428.18,4632.18,4631.68,5,12,13,1,2.5,14,NA,9,9,9,NA,NA,NA,NA,""
"2003-10-18","14:20:00","O365","214",402,3,1,1,0.7,15,6426.34,6425.71,4630.18,4629.62,5,13,13,1,2.5,15,NA,9,9,9,NA,NA,NA,NA,""
"2003-10-18","14:54:00","O365","223",402,3,1,1,0.67,15,6427.32,6427.89,4628.16,4627.6,5,14,13,1,2.5,12,NA,9,9,9,NA,NA,NA,NA,""
"2003-10-18","15:22:00","O365","232",402,3,1,1,0.64,15,6428.47,6428.55,4626.3,4625.65,5,15,13,1,2.5,12,NA,9,9,9,NA,NA,NA,NA,""
"2003-10-20","07:20:00","O365","280",402,3,1,1,0.64,17,6423.51,6422.55,4618.12,4618.09,5,16,13,1,2.5,12,NA,9,9,9,NA,NA,NA,NA,""
"2003-10-20","07:52:00","O365","281",402,3,1,1,0.61,16,6420.39,6419.47,4618.06,4617.94,5,17,13,1,2.5,13,NA,9,9,9,NA,NA,NA,NA,""
"2003-10-20","08:45:00","O365","283",402,3,1,1,0.52,12,6414.55,6414.38,4617.62,4618.13,5,18,13,1,2.5,15,NA,9,9,9,NA,NA,NA,NA,""
"2003-10-21","08:22:00","O365","241",402,3,1,1,0.75,16,6428.69,6428.26,4623.91,4624.61,5,19,13,1,2.5,10,NA,9,9,9,NA,NA,NA,NA,""
"2003-10-21","09:02:00","O365","242",402,3,1,1,0.63,16,6426.32,6425.5,4624.24,4623.92,5,20,13,1,2.5,11,NA,9,9,9,NA,NA,NA,NA,""
"2003-10-21","09:45:00","O365","233",402,3,1,1,0.78,15,6426.17,6426.21,4625.85,4626.64,5,21,13,1,2.5,12,NA,9,9,9,NA,NA,NA,NA,""
"2003-10-21","10:13:00","O365","225",402,3,1,1,0.76,16,6426.07,6426,4627.83,4628.59,5,23,13,1,2.5,12,NA,9,9,9,NA,NA,NA,NA,""
"2003-10-21","10:53:00","O365","215",402,3,1,1,0.75,16,6423.26,6423.18,4629.77,4630.53,5,24,13,1,2.5,15,NA,9,9,9,NA,NA,NA,NA,""
"2003-10-21","11:28:00","O365","204",402,3,1,1,0.78,16,6425.49,6426.1,4631.88,4632.48,5,25,13,1,2.5,18,NA,9,9,9,NA,NA,NA,NA,""
"2003-10-21","12:00:00","O365","192",402,3,1,1,0.69,15,6426.11,6426.09,4633.95,4634.64,5,26,13,1,2.5,25,NA,9,9,9,NA,NA,NA,NA,""
"2003-10-21","13:20:00","O365","182",402,3,1,1,0.62,16,6423.14,6422.33,4636.07,4635.76,5,27,13,1,2.5,10,NA,9,9,9,NA,NA,NA,NA,""
"2003-10-21","13:56:00","O365","194",402,3,1,1,0.66,16,6420.53,6419.62,4634.24,4633.97,5,28,13,1,2.5,13,NA,9,9,9,NA,NA,NA,NA,""
"2003-10-21","14:38:00","O365","206",402,3,1,1,0.75,16,6420.33,6419.99,4632.16,4631.44,5,29,13,1,2.5,21,NA,9,9,9,NA,NA,NA,NA,""
"2003-10-24","08:01:00","O365","296",402,3,1,1,0.63,16,6421.02,6420.08,4616.06,4616.09,5,30,13,1,2.5,10,NA,9,9,9,NA,NA,NA,NA,""
"2003-10-24","08:34:00","O365","297",402,3,1,1,0.55,14,6417.55,6416.76,4615.83,4616,5,31,13,1,2.5,10,NA,9,9,9,NA,NA,NA,NA,""
"2003-10-24","09:01:00","O365","298",402,3,1,1,0.58,15,6414.91,6414.08,4615.9,4616.06,5,32,13,1,2.5,12,NA,9,9,9,NA,NA,NA,NA,""
"2003-10-24","09:37:00","O365","284",402,3,1,1,0.56,16,6411.55,6410.86,4617.89,4618.22,5,33,13,1,2.5,14,NA,9,9,9,NA,NA,NA,NA,""
"2003-10-24","10:11:00","O365","270",402,3,1,1,0.76,17,6411.41,6411.56,4619.98,4620.74,5,34,13,1,2.5,20,NA,9,9,9,NA,NA,NA,NA,""
"2003-10-25","07:37:00","O365","266",402,3,1,1,0.63,15,6423.35,6422.42,4619.96,4619.82,5,35,13,1,2.5,15,NA,9,9,9,NA,NA,NA,NA,""
"2003-10-25","08:25:00","O365","268",402,3,1,1,0.67,15,6416.65,6416.4,4619.53,4620.19,5,36,13,1,2.5,15,NA,9,9,9,NA,NA,NA,NA,""
"2003-10-26","08:33:00","O365","253",402,3,1,1,0.56,13,6421.1,6420.27,4621.62,4621.74,5,37,13,1,2.5,13,NA,9,9,9,NA,NA,NA,NA,""
"2003-10-26","10:11:00","O365","244",402,3,1,1,0.65,15,6420.05,6420.08,4624.05,4624.7,5,38,13,1,2.5,20,NA,9,9,9,NA,NA,NA,NA,""
"2003-10-26","10:37:00","O365","235",402,3,1,1,0.65,15,6420.14,6420.03,4625.64,4626.29,5,39,13,1,2.5,22,NA,9,9,9,NA,NA,NA,NA,""
"2003-10-26","11:01:00","O365","218",402,3,1,1,0.75,15,6414.44,6414.35,4629.68,4630.44,5,40,13,1,2.5,17,NA,9,9,9,NA,NA,NA,NA,""
"2003-10-26","11:32:00","O365","228",402,3,1,1,0.68,14,6414.53,6414.41,4627.94,4628.61,5,41,13,1,2.5,17,NA,9,9,9,NA,NA,NA,NA,""
"2003-10-26","11:40:00","O365","207",402,3,1,1,0.67,15,6417.45,6417.61,4631.53,4632.2,5,42,13,1,2.5,20,NA,9,9,9,NA,NA,NA,NA,""
"2003-10-29","12:01:00","O365","184",402,3,1,1,0.61,15,6416.57,6415.67,4635.96,4635.85,5,43,13,1,2.5,6,NA,9,9,9,NA,NA,NA,NA,""
"2003-10-29","13:28:00","O365","196",402,3,1,1,0.65,15,6414.1,6413.12,4634.03,4633.98,5,44,13,1,2.5,10,NA,9,9,9,NA,NA,NA,NA,""
"2003-10-29","14:08:00","O365","186",402,3,1,1,0.63,15,6411.33,6411.3,4635.89,4635.3,5,45,13,1,2.5,7,NA,9,9,9,NA,NA,NA,NA,""
"2003-10-29","14:41:00","O365","198",402,3,1,1,0.64,15,6409.76,6409.04,4633.76,4633.33,5,46,13,1,2.5,8,NA,9,9,9,NA,NA,NA,NA,""
"2003-10-29","15:15:00","O365","210",402,3,1,1,0.64,15,6408.82,6409.36,4631.84,4631.3,5,47,13,1,2.5,10,NA,9,9,9,NA,NA,NA,NA,""
"2003-10-29","15:45:00","O365","220",402,3,1,1,0.58,16,6409.07,6409.36,4629.88,4629.33,5,48,13,1,2.5,12,NA,9,9,9,NA,NA,NA,NA,""
"2003-10-29","16:17:00","O365","230",402,3,1,1,0.58,15,6408.51,6408.69,4628.01,4627.44,5,49,13,1,2.5,10,NA,9,9,9,NA,NA,NA,NA,""
"2003-10-29","16:54:00","O365","238",402,3,1,1,0.58,15,6411.37,6411.52,4625.95,4625.4,5,50,13,1,2.5,14,NA,9,9,9,NA,NA,NA,NA,""
"2003-10-29","17:32:00","O365","246",402,3,1,1,0.57,15,6413.83,6413.24,4624.04,4623.47,5,51,13,1,2.5,16,NA,9,9,9,NA,NA,NA,NA,""
"2003-10-29","18:12:00","O365","256",402,3,1,1,0.7,15,6411.41,6411.8,4622.03,4621.38,5,52,13,1,2.5,14,NA,9,9,9,NA,NA,NA,NA,""
"2003-10-31","08:49:00","O365","300",402,3,1,1,0.61,16,6407.53,6408.44,4615.92,4615.94,5,53,13,1,2.5,14,NA,9,9,9,NA,NA,NA,NA,""
"2003-10-31","09:28:00","O365","310",402,3,1,1,0.66,15,6408.21,6407.22,4614,4613.96,5,54,13,1,2.5,14,NA,9,9,9,NA,NA,NA,NA,""
"2003-10-31","10:08:00","O365","B-1",402,3,1,1,0.65,15,6405.49,6404.51,4611.98,4611.94,5,55,13,1,2.5,8,NA,9,9,9,NA,NA,NA,NA,""
"2003-10-31","10:50:00","O365","312",402,3,1,1,0.77,20,6402.87,6401.88,4613.94,4613.55,5,56,13,1,2.5,15,NA,9,9,9,NA,NA,NA,NA,""
"2003-10-31","13:25:00","O365","301",402,3,1,1,0.73,19,6405.84,6405.52,4615.93,4616.63,5,57,13,1,2.5,14,NA,9,9,9,NA,NA,NA,NA,""
"2003-10-31","14:15:00","O365","286",402,3,1,1,0.71,15,6405.97,6406.77,4618.4,4618.86,5,58,13,1,2.5,18,NA,9,9,9,NA,NA,NA,NA,""
"2003-10-31","14:49:00","O365","272",402,3,1,1,0.54,16,6405.67,6404.86,4619.92,4619.93,5,59,13,1,2.5,14,NA,9,9,9,NA,NA,NA,NA,""
"2003-10-31","15:30:00","O365","258",402,3,1,1,0.7,15,6405.85,6404.81,4622.01,4622.03,5,60,13,1,2.5,10,NA,9,9,9,NA,NA,NA,NA,""
"2003-10-31","16:03:00","O365","259",402,3,1,1,0.54,15,6402.93,6402.35,4621.83,4621.45,5,61,13,1,2.5,9,NA,9,9,9,NA,NA,NA,NA,""
