"date","tow.number","tow.id","species","number.caught","weight.caught","presence","comment"
"1997-07-09",1,"POS001",10,1,0,1,""
"1997-07-09",1,"POS001",505,5,0,1,""
"1997-07-09",1,"POS001",598,2,0,1,""
"1997-07-09",1,"POS001",6100,2,0,1,""
"1997-07-09",2,"POS002",40,23,0,1,""
"1997-07-09",2,"POS002",313,15,0,1,""
"1997-07-09",2,"POS002",2220,0,0,1,""
"1997-07-09",2,"POS002",4210,0,0,1,""
"1997-07-09",2,"POS002",6110,0,0,1,""
"1997-07-09",2,"POS002",6200,0,0,1,""
"1997-07-10",1,"POS003",10,1,0,1,""
"1997-07-10",1,"POS003",40,1,0,1,""
"1997-07-10",1,"POS003",313,4,0,1,""
"1997-07-10",1,"POS003",598,3,0,1,""
"1997-07-10",1,"POS003",2220,0,0,1,""
"1997-07-10",1,"POS003",6200,0,0,1,""
"1997-07-10",1,"POS003",6400,0,0,1,""
"1997-07-10",2,"POS004",10,7,0,1,""
"1997-07-10",2,"POS004",23,5,0,1,""
"1997-07-10",2,"POS004",40,9,0,1,""
"1997-07-10",2,"POS004",50,0,0,1,""
"1997-07-10",2,"POS004",202,3,0,1,""
"1997-07-10",2,"POS004",598,2,0,1,""
"1997-07-10",2,"POS004",2220,0,0,1,""
"1997-07-10",2,"POS004",4210,0,0,1,""
"1997-07-10",2,"POS004",4320,0,0,1,""
"1997-07-10",2,"POS004",6100,0,0,1,""
"1997-07-10",2,"POS004",6200,0,0,1,""
"1997-07-10",2,"POS004",6300,0,0,1,""
"1997-07-10",2,"POS004",6400,0,0,1,""
"1997-07-10",3,"POS005",40,20,0,1,""
"1997-07-10",3,"POS005",313,4,0,1,""
"1997-07-10",3,"POS005",505,1,0,1,""
"1997-07-10",3,"POS005",598,3,0,1,""
"1997-07-10",3,"POS005",2220,0,0,1,""
"1997-07-10",3,"POS005",2520,2,0,1,""
"1997-07-10",3,"POS005",4521,1,0,1,""
"1997-07-10",3,"POS005",6100,0,0,1,""
"1997-07-10",3,"POS005",6300,0,0,1,""
"1997-07-10",3,"POS005",6400,0,0,1,""
"1997-07-10",4,"POS006",10,2,0,1,""
"1997-07-10",4,"POS006",40,27,0,1,""
"1997-07-10",4,"POS006",64,1,0,1,""
"1997-07-10",4,"POS006",313,31,0,1,""
"1997-07-10",4,"POS006",505,2,0,1,""
"1997-07-10",4,"POS006",598,1,0,1,""
"1997-07-10",4,"POS006",2220,0,0,1,""
"1997-07-10",4,"POS006",4210,0,0,1,""
"1997-07-10",4,"POS006",6100,0,0,1,""
"1997-07-10",4,"POS006",6300,0,0,1,""
"1997-07-10",4,"POS006",6400,0,0,1,""
"1997-07-10",4,"POS006",6500,0,0,1,""
"1997-07-10",4,"POS006",8300,0,0,1,""
"1997-07-10",6,"POS008",313,47,0,1,""
"1997-07-10",6,"POS008",501,2,0,1,""
"1997-07-10",6,"POS008",505,1,0,1,""
"1997-07-10",6,"POS008",598,7,0,1,""
"1997-07-10",6,"POS008",2220,0,0,1,""
"1997-07-10",6,"POS008",2520,62,0,1,""
"1997-07-10",6,"POS008",4210,0,0,1,""
"1997-07-10",6,"POS008",4310,0,0,1,""
"1997-07-10",6,"POS008",6100,0,0,1,""
"1997-07-10",6,"POS008",6300,0,0,1,""
"1997-07-10",6,"POS008",6400,0,0,1,""
"1997-07-10",6,"POS008",6500,0,0,1,""
"1997-07-10",8,"POS010",43,1,0,1,""
"1997-07-10",8,"POS010",1823,0,0,1,""
"1997-07-10",8,"POS010",6100,0,0,1,""
"1997-07-10",8,"POS010",6400,0,0,1,""
"1997-07-10",9,"POS011",10,1,0,1,""
"1997-07-10",9,"POS011",40,11,0,1,""
"1997-07-10",9,"POS011",313,4,0,1,""
"1997-07-10",9,"POS011",505,1,0,1,""
"1997-07-10",9,"POS011",2220,0,0,1,""
"1997-07-10",9,"POS011",2520,12,0,1,""
"1997-07-10",9,"POS011",4210,0,0,1,""
"1997-07-10",9,"POS011",6100,0,0,1,""
"1997-07-10",9,"POS011",6400,0,0,1,""
"1997-07-10",9,"POS011",6500,0,0,1,""
"1997-07-10",10,"POS012",40,17,0,1,""
"1997-07-10",10,"POS012",598,2,0,1,""
"1997-07-10",10,"POS012",2220,0,0,1,""
"1997-07-10",10,"POS012",2520,9,0,1,""
"1997-07-10",10,"POS012",4210,0,0,1,""
"1997-07-10",10,"POS012",4320,4,0,1,""
"1997-07-10",10,"POS012",6100,0,0,1,""
"1997-07-10",10,"POS012",6300,0,0,1,""
"1997-07-10",10,"POS012",6400,0,0,1,""
"1997-07-10",10,"POS012",6500,0,0,1,""
"1997-07-10",11,"POS013",40,7,0,1,""
"1997-07-10",11,"POS013",2220,0,0,1,""
"1997-07-10",11,"POS013",2520,10,0,1,""
"1997-07-10",11,"POS013",4210,0,0,1,""
"1997-07-10",11,"POS013",4320,1,0,1,""
"1997-07-10",11,"POS013",6100,0,0,1,""
"1997-07-10",11,"POS013",6300,0,0,1,""
"1997-07-10",11,"POS013",6400,0,0,1,""
"1997-07-10",11,"POS013",6500,0,0,1,""
"1997-07-10",11,"POS013",8600,0,0,1,""
"1997-07-10",12,"POS014",40,23,0,1,""
"1997-07-10",12,"POS014",313,11,0,1,""
"1997-07-10",12,"POS014",340,3,0,1,""
"1997-07-10",12,"POS014",2220,0,0,1,""
"1997-07-10",12,"POS014",4320,0,0,1,""
"1997-07-10",12,"POS014",6100,0,0,1,""
"1997-07-10",12,"POS014",6300,0,0,1,""
"1997-07-10",12,"POS014",6400,0,0,1,""
"1997-07-10",12,"POS014",6500,0,0,1,""
"1997-07-11",1,"POS015",10,6,0,1,""
"1997-07-11",1,"POS015",40,47,0,1,""
"1997-07-11",1,"POS015",340,3,0,1,""
"1997-07-11",1,"POS015",2220,0,0,1,""
"1997-07-11",1,"POS015",6100,0,0,1,""
"1997-07-11",1,"POS015",6400,0,0,1,""
"1997-07-11",2,"POS016",10,2,0,1,""
"1997-07-11",2,"POS016",40,100,0,1,""
"1997-07-11",2,"POS016",313,3,0,1,""
"1997-07-11",2,"POS016",598,1,0,1,""
"1997-07-11",2,"POS016",2220,0,0,1,""
"1997-07-11",2,"POS016",6100,0,0,1,""
"1997-07-11",2,"POS016",6300,0,0,1,""
"1997-07-11",2,"POS016",6400,0,0,1,""
"1997-07-11",2,"POS016",6500,0,0,1,""
"1997-07-11",3,"POS017",40,37,0,1,""
"1997-07-11",3,"POS017",41,2,0,1,""
"1997-07-11",3,"POS017",340,11,0,1,""
"1997-07-11",3,"POS017",598,6,0,1,""
"1997-07-11",3,"POS017",2220,0,0,1,""
"1997-07-11",3,"POS017",4320,2,0,1,""
"1997-07-11",3,"POS017",6100,0,0,1,""
"1997-07-11",3,"POS017",6300,0,0,1,""
"1997-07-11",3,"POS017",6400,0,0,1,""
"1997-07-11",3,"POS017",6500,0,0,1,""
"1997-07-11",3,"POS017",8600,0,0,1,""
"1997-07-11",4,"POS018",10,2,0,1,""
"1997-07-11",4,"POS018",40,42,0,1,""
"1997-07-11",4,"POS018",505,4,0,1,""
"1997-07-11",4,"POS018",598,1,0,1,""
"1997-07-11",4,"POS018",801,2,0,1,""
"1997-07-11",4,"POS018",2220,0,0,1,""
"1997-07-11",4,"POS018",2520,14,0,1,""
"1997-07-11",4,"POS018",4210,0,0,1,""
"1997-07-11",4,"POS018",4300,0,0,1,""
"1997-07-11",4,"POS018",6100,0,0,1,""
"1997-07-11",4,"POS018",6400,0,0,1,""
"1997-07-11",4,"POS018",6500,0,0,1,""
"1997-07-11",5,"POS019",40,17,0,1,""
"1997-07-11",5,"POS019",313,8,0,1,""
"1997-07-11",5,"POS019",2220,0,0,1,""
"1997-07-11",5,"POS019",4210,0,0,1,""
"1997-07-11",5,"POS019",4320,2,0,1,""
"1997-07-11",5,"POS019",6100,0,0,1,""
"1997-07-11",6,"POS020",10,4,0,1,""
"1997-07-11",6,"POS020",40,61,0,1,""
"1997-07-11",6,"POS020",41,3,0,1,""
"1997-07-11",6,"POS020",501,3,0,1,""
"1997-07-11",6,"POS020",598,1,0,1,""
"1997-07-11",6,"POS020",2220,0,0,1,""
"1997-07-11",6,"POS020",4210,0,0,1,""
"1997-07-11",6,"POS020",6400,0,0,1,""
"1997-07-11",6,"POS020",8600,0,0,1,""
"1997-07-11",7,"POS021",10,16,0,1,""
"1997-07-11",7,"POS021",40,50,0,1,""
"1997-07-11",7,"POS021",505,1,0,1,""
"1997-07-11",7,"POS021",598,3,0,1,""
"1997-07-11",7,"POS021",2220,0,0,1,""
"1997-07-11",7,"POS021",2520,3,0,1,""
"1997-07-11",7,"POS021",4210,0,0,1,""
"1997-07-11",7,"POS021",6100,0,0,1,""
"1997-07-11",7,"POS021",6400,0,0,1,""
"1997-07-11",7,"POS021",8600,0,0,1,""
"1997-07-11",8,"POS022",10,8,0,1,""
"1997-07-11",8,"POS022",40,50,0,1,""
"1997-07-11",8,"POS022",505,5,0,1,""
"1997-07-11",8,"POS022",801,2,0,1,""
"1997-07-11",8,"POS022",2220,0,0,1,""
"1997-07-11",8,"POS022",2520,6,0,1,""
"1997-07-11",8,"POS022",4210,0,0,1,""
"1997-07-11",8,"POS022",6100,0,0,1,""
"1997-07-11",8,"POS022",6400,0,0,1,""
"1997-07-11",9,"POS023",10,7,0,1,""
"1997-07-11",9,"POS023",40,19,0,1,""
"1997-07-11",9,"POS023",41,2,0,1,""
"1997-07-11",9,"POS023",50,1,0,1,""
"1997-07-11",9,"POS023",64,1,0,1,""
"1997-07-11",9,"POS023",598,3,0,1,""
"1997-07-11",9,"POS023",2220,0,0,1,""
"1997-07-11",9,"POS023",2520,5,0,1,""
"1997-07-11",9,"POS023",4210,0,0,1,""
"1997-07-11",9,"POS023",4310,1,0,1,""
"1997-07-11",9,"POS023",6100,0,0,1,""
"1997-07-11",9,"POS023",6300,0,0,1,""
"1997-07-11",9,"POS023",8600,0,0,1,""
"1997-07-11",10,"POS024",10,2,0,1,""
"1997-07-11",10,"POS024",23,2,0,1,""
"1997-07-11",10,"POS024",35,1,0,1,""
"1997-07-11",10,"POS024",40,19,0,1,""
"1997-07-11",10,"POS024",41,5,0,1,""
"1997-07-11",10,"POS024",50,3,0,1,""
"1997-07-11",10,"POS024",202,1,0,1,""
"1997-07-11",10,"POS024",501,2,0,1,""
"1997-07-11",10,"POS024",2220,0,0,1,""
"1997-07-11",10,"POS024",2520,12,0,1,""
"1997-07-11",10,"POS024",4210,0,0,1,""
"1997-07-11",10,"POS024",4320,3,0,1,""
"1997-07-11",10,"POS024",6100,0,0,1,""
"1997-07-11",10,"POS024",6300,0,0,1,""
"1997-07-11",10,"POS024",6500,0,0,1,""
"1997-07-12",1,"POS025",10,1,0,1,""
"1997-07-12",1,"POS025",40,33,0,1,""
"1997-07-12",1,"POS025",340,19,0,1,""
"1997-07-12",1,"POS025",505,10,0,1,""
"1997-07-12",1,"POS025",598,1,0,1,""
"1997-07-12",1,"POS025",2220,0,0,1,""
"1997-07-12",1,"POS025",4210,0,0,1,""
"1997-07-12",1,"POS025",4300,0,0,1,""
"1997-07-12",1,"POS025",6100,0,0,1,""
"1997-07-12",1,"POS025",6300,0,0,1,""
"1997-07-12",1,"POS025",8300,0,0,1,""
"1997-07-12",2,"POS026",10,2,0,1,""
"1997-07-12",2,"POS026",40,7,0,1,""
"1997-07-12",2,"POS026",41,2,0,1,""
"1997-07-12",2,"POS026",202,1,0,1,""
"1997-07-12",2,"POS026",313,6,0,1,""
"1997-07-12",2,"POS026",2220,0,0,1,""
"1997-07-12",2,"POS026",4210,0,0,1,""
"1997-07-12",2,"POS026",6100,0,0,1,""
"1997-07-12",2,"POS026",6300,0,0,1,""
"1997-07-12",3,"POS027",10,1,0,1,""
"1997-07-12",3,"POS027",23,1,0,1,""
"1997-07-12",3,"POS027",40,12,0,1,""
"1997-07-12",3,"POS027",64,1,0,1,""
"1997-07-12",3,"POS027",202,2,0,1,""
"1997-07-12",3,"POS027",340,7,0,1,""
"1997-07-12",3,"POS027",598,3,0,1,""
"1997-07-12",3,"POS027",2220,0,0,1,""
"1997-07-12",3,"POS027",4210,0,0,1,""
"1997-07-12",3,"POS027",4310,0,0,1,""
"1997-07-12",3,"POS027",6100,0,0,1,""
"1997-07-12",4,"POS028",10,4,0,1,""
"1997-07-12",4,"POS028",40,21,0,1,""
"1997-07-12",4,"POS028",41,2,0,1,""
"1997-07-12",4,"POS028",202,2,0,1,""
"1997-07-12",4,"POS028",313,10,0,1,""
"1997-07-12",4,"POS028",598,3,0,1,""
"1997-07-12",4,"POS028",6100,0,0,1,""
"1997-07-12",4,"POS028",6400,0,0,1,""
"1997-07-12",5,"POS029",10,3,0,1,""
"1997-07-12",5,"POS029",35,1,0,1,""
"1997-07-12",5,"POS029",40,38,0,1,""
"1997-07-12",5,"POS029",41,4,0,1,""
"1997-07-12",5,"POS029",64,0,0,1,""
"1997-07-12",5,"POS029",313,4,0,1,""
"1997-07-12",5,"POS029",505,5,0,1,""
"1997-07-12",5,"POS029",598,5,0,1,""
"1997-07-12",5,"POS029",2220,0,0,1,""
"1997-07-12",5,"POS029",4320,2,0,1,""
"1997-07-12",5,"POS029",6100,0,0,1,""
"1997-07-12",5,"POS029",6300,0,0,1,""
"1997-07-12",5,"POS029",6400,0,0,1,""
"1997-07-12",6,"POS030",40,3,0,1,""
"1997-07-12",6,"POS030",64,20,0,1,""
"1997-07-12",6,"POS030",505,25,0,1,""
"1997-07-12",6,"POS030",598,3,0,1,""
"1997-07-12",6,"POS030",2220,0,0,1,""
"1997-07-12",6,"POS030",4210,0,0,1,""
"1997-07-12",6,"POS030",4300,0,0,1,""
"1997-07-12",6,"POS030",4320,3,0,1,""
"1997-07-12",6,"POS030",6100,0,0,1,""
"1997-07-12",6,"POS030",6400,0,0,1,""
"1997-07-12",6,"POS030",8600,0,0,1,""
"1997-07-12",7,"POS031",40,3,0,1,""
"1997-07-12",7,"POS031",505,7,0,1,""
"1997-07-12",7,"POS031",598,1,0,1,""
"1997-07-12",7,"POS031",2220,0,0,1,""
"1997-07-12",7,"POS031",2520,32,0,1,""
"1997-07-12",7,"POS031",4320,1,0,1,""
"1997-07-12",7,"POS031",6100,0,0,1,""
"1997-07-12",7,"POS031",6300,0,0,1,""
"1997-07-12",7,"POS031",6400,0,0,1,""
"1997-07-12",8,"POS032",10,3,0,1,""
"1997-07-12",8,"POS032",40,32,0,1,""
"1997-07-12",8,"POS032",41,3,0,1,""
"1997-07-12",8,"POS032",313,3,0,1,""
"1997-07-12",8,"POS032",505,23,0,1,""
"1997-07-12",8,"POS032",598,6,0,1,""
"1997-07-12",8,"POS032",2220,0,0,1,""
"1997-07-12",8,"POS032",4210,0,0,1,""
"1997-07-12",8,"POS032",4320,1,0,1,""
"1997-07-12",8,"POS032",6100,0,0,1,""
"1997-07-12",8,"POS032",6400,0,0,1,""
"1997-07-13",2,"POS034",10,9,0,1,""
"1997-07-13",2,"POS034",40,16,0,1,""
"1997-07-13",2,"POS034",50,1,0,1,""
"1997-07-13",2,"POS034",505,3,0,1,""
"1997-07-13",2,"POS034",598,2,0,1,""
"1997-07-13",2,"POS034",2220,0,0,1,""
"1997-07-13",2,"POS034",2520,11,0,1,""
"1997-07-13",2,"POS034",4210,0,0,1,""
"1997-07-13",2,"POS034",6100,0,0,1,""
"1997-07-13",2,"POS034",6300,0,0,1,""
"1997-07-13",2,"POS034",8600,0,0,1,""
"1997-07-13",3,"POS035",10,17,0,1,""
"1997-07-13",3,"POS035",40,64,0,1,""
"1997-07-13",3,"POS035",41,3,0,1,""
"1997-07-13",3,"POS035",64,2,0,1,""
"1997-07-13",3,"POS035",505,4,0,1,""
"1997-07-13",3,"POS035",598,5,0,1,""
"1997-07-13",3,"POS035",2220,0,0,1,""
"1997-07-13",3,"POS035",2520,5,0,1,""
"1997-07-13",3,"POS035",4210,0,0,1,""
"1997-07-13",3,"POS035",4300,0,0,1,""
"1997-07-13",3,"POS035",6400,0,0,1,""
"1997-07-13",5,"POS037",10,1,0,1,""
"1997-07-13",5,"POS037",40,14,0,1,""
"1997-07-13",5,"POS037",313,2,0,1,""
"1997-07-13",5,"POS037",598,2,0,1,""
"1997-07-13",5,"POS037",2220,0,0,1,""
"1997-07-13",5,"POS037",4210,0,0,1,""
"1997-07-13",5,"POS037",6100,0,0,1,""
"1997-07-13",5,"POS037",6400,0,0,1,""
"1997-07-13",6,"POS038",10,1,0,1,""
"1997-07-13",6,"POS038",40,18,0,1,""
"1997-07-13",6,"POS038",505,2,0,1,""
"1997-07-13",6,"POS038",2220,0,0,1,""
"1997-07-13",6,"POS038",2520,5,0,1,""
"1997-07-13",6,"POS038",4210,0,0,1,""
"1997-07-13",6,"POS038",6100,0,0,1,""
"1997-07-13",6,"POS038",6400,0,0,1,""
"1997-07-13",6,"POS038",6500,0,0,1,""
"1997-07-13",6,"POS038",8300,0,0,1,""
"1997-07-13",7,"POS039",10,2,0,1,""
"1997-07-13",7,"POS039",40,150,0,1,""
"1997-07-13",7,"POS039",505,3,0,1,""
"1997-07-13",7,"POS039",2220,0,0,1,""
"1997-07-13",7,"POS039",2520,5,0,1,""
"1997-07-13",7,"POS039",6100,0,0,1,""
"1997-07-13",7,"POS039",6300,0,0,1,""
"1997-07-13",7,"POS039",6400,0,0,1,""
"1997-07-13",7,"POS039",6500,0,0,1,""
"1997-07-13",8,"POS040",40,16,0,1,""
"1997-07-13",8,"POS040",50,1,0,1,""
"1997-07-13",8,"POS040",598,2,0,1,""
"1997-07-13",8,"POS040",2220,0,0,1,""
"1997-07-13",8,"POS040",2520,7,0,1,""
"1997-07-13",8,"POS040",6100,0,0,1,""
"1997-07-13",8,"POS040",6400,50,0,1,""
"1997-07-13",9,"POS041",10,1,0,1,""
"1997-07-13",9,"POS041",40,100,0,1,""
"1997-07-13",9,"POS041",313,3,0,1,""
"1997-07-13",9,"POS041",505,3,0,1,""
"1997-07-13",9,"POS041",598,4,0,1,""
"1997-07-13",9,"POS041",2220,0,0,1,""
"1997-07-13",9,"POS041",2520,10,0,1,""
"1997-07-13",9,"POS041",4210,0,0,1,""
"1997-07-13",9,"POS041",6100,0,0,1,""
"1997-07-13",9,"POS041",6400,0,0,1,""
"1997-07-13",9,"POS041",6500,0,0,1,""
"1997-07-13",10,"POS042",40,75,0,1,""
"1997-07-13",10,"POS042",505,3,0,1,""
"1997-07-13",10,"POS042",598,1,0,1,""
"1997-07-13",10,"POS042",4310,0,0,1,""
"1997-07-13",10,"POS042",6400,0,0,1,""
"1997-07-13",10,"POS042",6500,0,0,1,""
"1997-07-13",10,"POS042",9300,0,0,1,""
"1997-07-13",11,"POS043",10,5,0,1,""
"1997-07-13",11,"POS043",40,150,0,1,""
"1997-07-13",11,"POS043",313,5,0,1,""
"1997-07-13",11,"POS043",598,1,0,1,""
"1997-07-13",11,"POS043",2220,0,0,1,""
"1997-07-13",11,"POS043",2520,3,0,1,""
"1997-07-13",11,"POS043",4210,0,0,1,""
"1997-07-13",11,"POS043",6300,0,0,1,""
"1997-07-13",11,"POS043",6400,0,0,1,""
"1997-07-13",11,"POS043",6500,0,0,1,""
"1997-07-13",12,"POS044",10,12,0,1,""
"1997-07-13",12,"POS044",40,150,0,1,""
"1997-07-13",12,"POS044",313,15,0,1,""
"1997-07-13",12,"POS044",598,3,0,1,""
"1997-07-13",12,"POS044",2220,0,0,1,""
"1997-07-13",12,"POS044",6100,0,0,1,""
"1997-07-13",12,"POS044",6400,0,0,1,""
"1997-07-13",12,"POS044",6500,0,0,1,""
"1997-07-13",13,"POS045",10,2,0,1,""
"1997-07-13",13,"POS045",43,150,0,1,""
"1997-07-13",13,"POS045",50,9,0,1,""
"1997-07-13",13,"POS045",505,7,0,1,""
"1997-07-13",13,"POS045",598,4,0,1,""
"1997-07-13",13,"POS045",2220,0,0,1,""
"1997-07-13",13,"POS045",2520,27,0,1,""
"1997-07-13",13,"POS045",4210,0,0,1,""
"1997-07-13",13,"POS045",6100,0,0,1,""
"1997-07-13",13,"POS045",6300,0,0,1,""
"1997-07-13",13,"POS045",8300,0,0,1,""
"1997-07-13",14,"POS046",10,7,0,1,""
"1997-07-13",14,"POS046",23,1,0,1,""
"1997-07-13",14,"POS046",43,50,0,1,""
"1997-07-13",14,"POS046",313,11,0,1,""
"1997-07-13",14,"POS046",598,3,0,1,""
"1997-07-13",14,"POS046",2220,0,0,1,""
"1997-07-13",14,"POS046",2520,22,0,1,""
"1997-07-13",14,"POS046",4210,0,0,1,""
"1997-07-13",14,"POS046",6100,0,0,1,""
"1997-07-13",14,"POS046",6300,0,0,1,""
"1997-07-13",14,"POS046",8600,0,0,1,""
"1997-07-13",15,"POS047",10,11,0,1,""
"1997-07-13",15,"POS047",43,67,0,1,""
"1997-07-13",15,"POS047",313,3,0,1,""
"1997-07-13",15,"POS047",340,1,0,1,""
"1997-07-13",15,"POS047",598,3,0,1,""
"1997-07-13",15,"POS047",2220,0,0,1,""
"1997-07-13",15,"POS047",4210,0,0,1,""
"1997-07-13",15,"POS047",8300,0,0,1,""
"1997-07-13",15,"POS047",8600,0,0,1,""
"1997-07-14",1,"POS048",10,16,0,1,""
"1997-07-14",1,"POS048",40,76,0,1,""
"1997-07-14",1,"POS048",505,2,0,1,""
"1997-07-14",1,"POS048",598,4,0,1,""
"1997-07-14",1,"POS048",2220,0,0,1,""
"1997-07-14",1,"POS048",4210,0,0,1,""
"1997-07-14",1,"POS048",4300,0,0,1,""
"1997-07-14",1,"POS048",6100,0,0,1,""
"1997-07-14",2,"POS049",10,17,0,1,""
"1997-07-14",2,"POS049",40,27,0,1,""
"1997-07-14",2,"POS049",60,2,0,1,""
"1997-07-14",2,"POS049",505,2,0,1,""
"1997-07-14",2,"POS049",598,3,0,1,""
"1997-07-14",2,"POS049",2220,0,0,1,""
"1997-07-14",2,"POS049",4210,0,0,1,""
"1997-07-14",2,"POS049",4300,0,0,1,""
"1997-07-14",2,"POS049",6100,0,0,1,""
"1997-07-14",3,"POS050",40,15,0,1,""
"1997-07-14",3,"POS050",598,5,0,1,""
"1997-07-14",3,"POS050",2220,300,0,1,""
"1997-07-14",3,"POS050",2520,53,0,1,""
"1997-07-14",3,"POS050",4210,0,0,1,""
"1997-07-14",3,"POS050",6100,0,0,1,""
"1997-07-14",3,"POS050",6300,0,0,1,""
"1997-07-14",3,"POS050",6400,0,0,1,""
"1997-07-14",4,"POS051",10,3,0,1,""
"1997-07-14",4,"POS051",40,13,0,1,""
"1997-07-14",4,"POS051",598,4,0,1,""
"1997-07-14",4,"POS051",2220,0,0,1,""
"1997-07-14",4,"POS051",4210,0,0,1,""
"1997-07-14",4,"POS051",4300,0,0,1,""
"1997-07-14",4,"POS051",6100,0,0,1,""
"1997-07-14",4,"POS051",6300,0,0,1,""
"1997-07-14",4,"POS051",6400,0,0,1,""
"1997-07-15",1,"POS052",10,7,0,1,""
"1997-07-15",1,"POS052",40,19,0,1,""
"1997-07-15",1,"POS052",598,6,0,1,""
"1997-07-15",1,"POS052",2220,0,0,1,""
"1997-07-15",1,"POS052",4210,0,0,1,""
"1997-07-15",1,"POS052",6100,0,0,1,""
"1997-07-15",1,"POS052",6300,0,0,1,""
"1997-07-15",2,"POS053",10,11,0,1,""
"1997-07-15",2,"POS053",40,63,0,1,""
"1997-07-15",2,"POS053",41,3,0,1,""
"1997-07-15",2,"POS053",60,1,0,1,""
"1997-07-15",2,"POS053",501,3,0,1,""
"1997-07-15",2,"POS053",598,8,0,1,""
"1997-07-15",2,"POS053",2220,0,0,1,""
"1997-07-15",2,"POS053",2520,34,0,1,""
"1997-07-15",2,"POS053",4210,0,0,1,""
"1997-07-15",2,"POS053",4300,50,0,1,""
"1997-07-15",2,"POS053",6100,0,0,1,""
"1997-07-15",3,"POS054",10,6,0,1,""
"1997-07-15",3,"POS054",40,29,0,1,""
"1997-07-15",3,"POS054",60,2,0,1,""
"1997-07-15",3,"POS054",340,3,0,1,""
"1997-07-15",3,"POS054",598,4,0,1,""
"1997-07-15",3,"POS054",2220,0,0,1,""
"1997-07-15",3,"POS054",4210,0,0,1,""
"1997-07-15",3,"POS054",6100,0,0,1,""
"1997-07-20",1,"POS055",10,3,0,1,""
"1997-07-20",1,"POS055",40,27,0,1,""
"1997-07-20",1,"POS055",43,4,0,1,""
"1997-07-20",1,"POS055",2220,0,0,1,""
"1997-07-20",1,"POS055",2520,11,0,1,""
"1997-07-20",1,"POS055",4210,0,0,1,""
"1997-07-20",1,"POS055",6100,0,0,1,""
"1997-07-20",1,"POS055",6400,0,0,1,""
"1997-07-20",1,"POS055",6500,0,0,1,""
"1997-07-20",2,"POS056",10,18,0,1,""
"1997-07-20",2,"POS056",40,23,0,1,""
"1997-07-20",2,"POS056",313,2,0,1,""
"1997-07-20",2,"POS056",598,4,0,1,""
"1997-07-20",2,"POS056",2220,0,0,1,""
"1997-07-20",2,"POS056",2520,53,0,1,""
"1997-07-20",2,"POS056",4210,0,0,1,""
"1997-07-20",2,"POS056",6100,0,0,1,""
"1997-07-20",2,"POS056",6300,0,0,1,""
"1997-07-20",2,"POS056",6400,0,0,1,""
"1997-07-20",2,"POS056",6500,0,0,1,""
"1997-07-20",3,"POS057",10,19,0,1,""
"1997-07-20",3,"POS057",40,50,0,1,""
"1997-07-20",3,"POS057",313,2,0,1,""
"1997-07-20",3,"POS057",2220,0,0,1,""
"1997-07-20",3,"POS057",2520,21,0,1,""
"1997-07-20",3,"POS057",2990,0,0,1,""
"1997-07-20",3,"POS057",4210,0,0,1,""
"1997-07-20",3,"POS057",4320,1,0,1,""
"1997-07-20",3,"POS057",6100,0,0,1,""
"1997-07-20",3,"POS057",6300,0,0,1,""
"1997-07-20",3,"POS057",6400,0,0,1,""
"1997-07-20",3,"POS057",6500,0,0,1,""
"1997-07-20",3,"POS057",6600,10,0,1,""
"1997-07-20",3,"POS057",8300,0,0,1,""
"1997-07-20",4,"POS058",10,28,0,1,""
"1997-07-20",4,"POS058",40,16,0,1,""
"1997-07-20",4,"POS058",320,2,0,1,""
"1997-07-20",4,"POS058",2220,0,0,1,""
"1997-07-20",4,"POS058",2520,29,0,1,""
"1997-07-20",4,"POS058",4320,4,0,1,""
"1997-07-20",4,"POS058",6100,0,0,1,""
"1997-07-20",4,"POS058",6400,0,0,1,""
"1997-07-20",4,"POS058",6500,0,0,1,""
"1997-07-20",4,"POS058",6600,3,0,1,""
"1997-07-20",5,"POS059",10,5,0,1,""
"1997-07-20",5,"POS059",40,18,0,1,""
"1997-07-20",5,"POS059",501,2,0,1,""
"1997-07-20",5,"POS059",598,6,0,1,""
"1997-07-20",5,"POS059",2220,0,0,1,""
"1997-07-20",5,"POS059",2520,22,0,1,""
"1997-07-20",5,"POS059",4210,0,0,1,""
"1997-07-20",5,"POS059",4310,0,0,1,""
"1997-07-20",5,"POS059",6100,0,0,1,""
"1997-07-20",5,"POS059",6300,0,0,1,""
"1997-07-20",5,"POS059",6400,0,0,1,""
"1997-07-20",6,"POS060",10,7,0,1,""
"1997-07-20",6,"POS060",40,26,0,1,""
"1997-07-20",6,"POS060",598,5,0,1,""
"1997-07-20",6,"POS060",2220,0,0,1,""
"1997-07-20",6,"POS060",2520,23,0,1,""
"1997-07-20",6,"POS060",4310,0,0,1,""
"1997-07-20",6,"POS060",6100,0,0,1,""
"1997-07-20",6,"POS060",6300,0,0,1,""
"1997-07-20",6,"POS060",6400,0,0,1,""
"1997-07-20",7,"POS061",10,5,0,1,""
"1997-07-20",7,"POS061",40,25,0,1,""
"1997-07-20",7,"POS061",598,2,0,1,""
"1997-07-20",7,"POS061",2220,0,0,1,""
"1997-07-20",7,"POS061",2520,1,0,1,""
"1997-07-20",7,"POS061",4210,0,0,1,""
"1997-07-20",7,"POS061",6100,0,0,1,""
"1997-07-20",7,"POS061",6300,0,0,1,""
"1997-07-20",8,"POS062",10,2,0,1,""
"1997-07-20",8,"POS062",40,32,0,1,""
"1997-07-20",8,"POS062",50,0,0,1,""
"1997-07-20",8,"POS062",598,5,0,1,""
"1997-07-20",8,"POS062",2220,0,0,1,""
"1997-07-20",8,"POS062",2520,29,0,1,""
"1997-07-20",8,"POS062",4210,0,0,1,""
"1997-07-20",8,"POS062",6100,0,0,1,""
"1997-07-20",8,"POS062",6300,0,0,1,""
"1997-07-20",8,"POS062",8300,0,0,1,""
"1997-07-20",9,"POS063",10,6,0,1,""
"1997-07-20",9,"POS063",40,200,0,1,""
"1997-07-20",9,"POS063",313,3,0,1,""
"1997-07-20",9,"POS063",598,3,0,1,""
"1997-07-20",9,"POS063",2220,0,0,1,""
"1997-07-20",9,"POS063",2520,4,0,1,""
"1997-07-20",9,"POS063",4210,0,0,1,""
"1997-07-20",9,"POS063",4300,0,0,1,""
"1997-07-20",9,"POS063",6100,0,0,1,""
"1997-07-20",9,"POS063",6500,0,0,1,""
"1997-07-21",1,"POS064",10,16,0,1,""
"1997-07-21",1,"POS064",40,56,0,1,""
"1997-07-21",1,"POS064",2220,0,0,1,""
"1997-07-21",1,"POS064",2520,34,0,1,""
"1997-07-21",1,"POS064",6100,0,0,1,""
"1997-07-21",1,"POS064",6500,0,0,1,""
"1997-07-21",2,"POS065",10,12,0,1,""
"1997-07-21",2,"POS065",40,41,0,1,""
"1997-07-21",2,"POS065",313,4,0,1,""
"1997-07-21",2,"POS065",598,3,0,1,""
"1997-07-21",2,"POS065",2220,0,0,1,""
"1997-07-21",2,"POS065",2520,14,0,1,""
"1997-07-21",2,"POS065",4210,0,0,1,""
"1997-07-21",2,"POS065",4310,0,0,1,""
"1997-07-21",2,"POS065",6100,0,0,1,""
"1997-07-21",2,"POS065",6300,0,0,1,""
"1997-07-21",2,"POS065",6400,0,0,1,""
"1997-07-21",2,"POS065",6500,0,0,1,""
"1997-07-21",3,"POS066",40,11,0,1,""
"1997-07-21",3,"POS066",598,2,0,1,""
"1997-07-21",3,"POS066",2220,0,0,1,""
"1997-07-21",3,"POS066",4210,0,0,1,""
"1997-07-21",3,"POS066",6100,0,0,1,""
"1997-07-21",3,"POS066",6300,0,0,1,""
"1997-07-21",3,"POS066",6400,0,0,1,""
"1997-07-21",3,"POS066",6500,0,0,1,""
"1997-07-21",4,"POS067",10,1,0,1,""
"1997-07-21",4,"POS067",40,10,0,1,""
"1997-07-21",4,"POS067",313,1,0,1,""
"1997-07-21",4,"POS067",598,2,0,1,""
"1997-07-21",4,"POS067",2220,0,0,1,""
"1997-07-21",4,"POS067",6300,0,0,1,""
"1997-07-21",4,"POS067",6500,0,0,1,""
"1997-07-21",5,"POS068",10,25,0,1,""
"1997-07-21",5,"POS068",40,28,0,1,""
"1997-07-21",5,"POS068",598,3,0,1,""
"1997-07-21",5,"POS068",2220,0,0,1,""
"1997-07-21",5,"POS068",2520,1,0,1,""
"1997-07-21",5,"POS068",4210,0,0,1,""
"1997-07-21",5,"POS068",6100,0,0,1,""
"1997-07-21",5,"POS068",6300,0,0,1,""
"1997-07-21",5,"POS068",6400,0,0,1,""
"1997-07-21",5,"POS068",8300,0,0,1,""
"1997-07-21",6,"POS069",10,3,0,1,""
"1997-07-21",6,"POS069",40,32,0,1,""
"1997-07-21",6,"POS069",313,5,0,1,""
"1997-07-21",6,"POS069",598,4,0,1,""
"1997-07-21",6,"POS069",2220,0,0,1,""
"1997-07-21",6,"POS069",2520,1,0,1,""
"1997-07-21",6,"POS069",4210,0,0,1,""
"1997-07-21",6,"POS069",4310,0,0,1,""
"1997-07-21",6,"POS069",6500,0,0,1,""
"1997-07-21",7,"POS070",598,1,0,1,""
"1997-07-21",7,"POS070",2220,0,0,1,""
"1997-07-21",7,"POS070",2520,7,0,1,""
"1997-07-21",7,"POS070",6100,0,0,1,""
"1997-07-21",7,"POS070",6300,0,0,1,""
"1997-07-21",7,"POS070",6400,0,0,1,""
"1997-07-21",7,"POS070",6500,0,0,1,""
"1997-07-21",7,"POS070",8300,0,0,1,""
"1997-07-21",8,"POS071",10,1,0,1,""
"1997-07-21",8,"POS071",40,16,0,1,""
"1997-07-21",8,"POS071",50,15,0,1,""
"1997-07-21",8,"POS071",598,6,0,1,""
"1997-07-21",8,"POS071",2220,0,0,1,""
"1997-07-21",8,"POS071",2520,9,0,1,""
"1997-07-21",8,"POS071",6100,0,0,1,""
"1997-07-21",8,"POS071",6300,0,0,1,""
"1997-07-21",8,"POS071",6600,1,0,1,""
"1997-07-21",8,"POS071",8300,0,0,1,""
"1997-07-22",1,"POS072",10,15,0,1,""
"1997-07-22",1,"POS072",40,63,0,1,""
"1997-07-22",1,"POS072",60,3,0,1,""
"1997-07-22",1,"POS072",598,8,0,1,""
"1997-07-22",1,"POS072",2220,0,0,1,""
"1997-07-22",1,"POS072",4210,0,0,1,""
"1997-07-22",1,"POS072",4310,0,0,1,""
"1997-07-22",1,"POS072",6500,0,0,1,""
"1997-07-22",2,"POS073",10,1,0,1,""
"1997-07-22",2,"POS073",23,1,0,1,""
"1997-07-22",2,"POS073",40,7,0,1,""
"1997-07-22",2,"POS073",118,1,0,1,""
"1997-07-22",2,"POS073",320,1,0,1,""
"1997-07-22",2,"POS073",598,2,0,1,""
"1997-07-22",2,"POS073",2220,0,0,1,""
"1997-07-22",2,"POS073",2520,14,0,1,""
"1997-07-22",2,"POS073",6100,0,0,1,""
"1997-07-22",2,"POS073",6300,0,0,1,""
"1997-07-22",2,"POS073",6400,0,0,1,""
"1997-07-22",2,"POS073",6500,0,0,1,""
"1997-07-22",3,"POS074",10,3,0,1,""
"1997-07-22",3,"POS074",40,50,0,1,""
"1997-07-22",3,"POS074",313,3,0,1,""
"1997-07-22",3,"POS074",598,4,0,1,""
"1997-07-22",3,"POS074",2220,0,0,1,""
"1997-07-22",3,"POS074",4210,0,0,1,""
"1997-07-22",3,"POS074",4310,0,0,1,""
"1997-07-22",3,"POS074",6100,0,0,1,""
"1997-07-22",3,"POS074",6300,0,0,1,""
"1997-07-22",3,"POS074",6400,0,0,1,""
"1997-07-22",4,"POS075",10,19,0,1,""
"1997-07-22",4,"POS075",40,100,0,1,""
"1997-07-22",4,"POS075",505,2,0,1,""
"1997-07-22",4,"POS075",598,4,0,1,""
"1997-07-22",4,"POS075",2220,0,0,1,""
"1997-07-22",4,"POS075",4210,0,0,1,""
"1997-07-22",4,"POS075",4310,0,0,1,""
"1997-07-22",5,"POS076",10,5,0,1,""
"1997-07-22",5,"POS076",40,150,0,1,""
"1997-07-22",5,"POS076",313,19,0,1,""
"1997-07-22",5,"POS076",505,4,0,1,""
"1997-07-22",5,"POS076",598,3,0,1,""
"1997-07-22",5,"POS076",2220,0,0,1,""
"1997-07-22",5,"POS076",2520,2,0,1,""
"1997-07-22",5,"POS076",6300,0,0,1,""
"1997-07-22",6,"POS077",10,1,0,1,""
"1997-07-22",6,"POS077",40,150,0,1,""
"1997-07-22",6,"POS077",313,9,0,1,""
"1997-07-22",6,"POS077",2220,0,0,1,""
"1997-07-22",6,"POS077",2520,2,0,1,""
"1997-07-22",6,"POS077",4210,0,0,1,""
"1997-07-22",6,"POS077",4310,0,0,1,""
"1997-07-22",6,"POS077",6400,0,0,1,""
"1997-07-22",6,"POS077",6500,0,0,1,""
"1997-07-22",8,"POS079",10,1,0,1,""
"1997-07-22",8,"POS079",23,1,0,1,""
"1997-07-22",8,"POS079",50,2,0,1,""
"1997-07-22",8,"POS079",598,3,0,1,""
"1997-07-22",8,"POS079",2220,0,0,1,""
"1997-07-22",8,"POS079",2520,17,0,1,""
"1997-07-22",8,"POS079",4210,0,0,1,""
"1997-07-22",8,"POS079",6100,0,0,1,""
"1997-07-22",8,"POS079",6300,0,0,1,""
"1997-07-22",8,"POS079",8300,0,0,1,""
"1997-07-22",9,"POS080",40,41,0,1,""
"1997-07-22",9,"POS080",598,3,0,1,""
"1997-07-22",9,"POS080",2220,0,0,1,""
"1997-07-22",9,"POS080",2520,27,0,1,""
"1997-07-22",9,"POS080",4210,0,0,1,""
"1997-07-22",9,"POS080",4310,0,0,1,""
"1997-07-22",9,"POS080",4320,0,0,1,""
"1997-07-22",9,"POS080",6400,0,0,1,""
"1997-07-22",9,"POS080",6500,0,0,1,""
"1997-07-22",10,"POS081",10,2,0,1,""
"1997-07-22",10,"POS081",40,38,0,1,""
"1997-07-22",10,"POS081",2220,0,0,1,""
"1997-07-22",10,"POS081",2520,34,0,1,""
"1997-07-22",10,"POS081",4210,0,0,1,""
"1997-07-22",10,"POS081",4310,0,0,1,""
"1997-07-22",10,"POS081",6100,0,0,1,""
"1997-07-22",10,"POS081",6300,0,0,1,""
"1997-07-22",10,"POS081",6400,0,0,1,""
"1997-07-22",10,"POS081",6500,0,0,1,""
"1997-07-22",11,"POS082",40,21,0,1,""
"1997-07-22",11,"POS082",598,2,0,1,""
"1997-07-22",11,"POS082",2220,0,0,1,""
"1997-07-22",11,"POS082",2520,16,0,1,""
"1997-07-22",11,"POS082",4210,0,0,1,""
"1997-07-22",11,"POS082",4310,5,0,1,""
"1997-07-22",11,"POS082",6100,0,0,1,""
"1997-07-22",11,"POS082",6300,0,0,1,""
"1997-07-22",11,"POS082",6400,0,0,1,""
"1997-07-22",12,"POS083",40,75,0,1,""
"1997-07-22",12,"POS083",598,2,0,1,""
"1997-07-22",12,"POS083",2220,0,0,1,""
"1997-07-22",12,"POS083",2520,17,0,1,""
"1997-07-22",12,"POS083",4210,0,0,1,""
"1997-07-22",12,"POS083",4310,5,0,1,""
"1997-07-22",12,"POS083",6100,0,0,1,""
"1997-07-22",12,"POS083",6300,0,0,1,""
"1997-07-22",13,"POS084",10,5,0,1,""
"1997-07-22",13,"POS084",40,50,0,1,""
"1997-07-22",13,"POS084",313,4,0,1,""
"1997-07-22",13,"POS084",598,3,0,1,""
"1997-07-22",13,"POS084",2220,0,0,1,""
"1997-07-22",13,"POS084",2520,34,0,1,""
"1997-07-22",13,"POS084",4210,0,0,1,""
"1997-07-22",13,"POS084",4310,0,0,1,""
"1997-07-22",13,"POS084",6100,0,0,1,""
"1997-07-22",13,"POS084",6300,0,0,1,""
"1997-07-22",13,"POS084",6400,0,0,1,""
"1997-07-22",13,"POS084",6500,0,0,1,""
"1997-07-23",1,"POS085",40,37,0,1,""
"1997-07-23",1,"POS085",313,6,0,1,""
"1997-07-23",1,"POS085",400,1,0,1,""
"1997-07-23",1,"POS085",598,4,0,1,""
"1997-07-23",1,"POS085",2220,0,0,1,""
"1997-07-23",1,"POS085",4210,0,0,1,""
"1997-07-23",1,"POS085",6100,0,0,1,""
"1997-07-23",1,"POS085",6500,0,0,1,""
"1997-07-23",2,"POS086",40,14,0,1,""
"1997-07-23",2,"POS086",501,1,0,1,""
"1997-07-23",2,"POS086",2220,0,0,1,""
"1997-07-23",2,"POS086",2520,8,0,1,""
"1997-07-23",2,"POS086",4300,0,0,1,""
"1997-07-23",2,"POS086",6100,0,0,1,""
"1997-07-23",2,"POS086",6400,300,0,1,""
"1997-07-23",2,"POS086",6500,0,0,1,""
"1997-07-23",3,"POS087",40,11,0,1,""
"1997-07-23",3,"POS087",313,4,0,1,""
"1997-07-23",3,"POS087",598,3,0,1,""
"1997-07-23",3,"POS087",2220,0,0,1,""
"1997-07-23",3,"POS087",2520,13,0,1,""
"1997-07-23",3,"POS087",4210,0,0,1,""
"1997-07-23",3,"POS087",6100,0,0,1,""
"1997-07-23",3,"POS087",6400,50,0,1,""
"1997-07-23",3,"POS087",6600,7,0,1,""
"1997-07-23",3,"POS087",8300,0,0,1,""
"1997-07-23",4,"POS088",40,19,0,1,""
"1997-07-23",4,"POS088",50,3,0,1,""
"1997-07-23",4,"POS088",313,5,0,1,""
"1997-07-23",4,"POS088",598,4,0,1,""
"1997-07-23",4,"POS088",2220,0,0,1,""
"1997-07-23",4,"POS088",2520,9,0,1,""
"1997-07-23",4,"POS088",4210,0,0,1,""
"1997-07-23",4,"POS088",6100,0,0,1,""
"1997-07-23",4,"POS088",6300,0,0,1,""
"1997-07-23",4,"POS088",6400,0,0,1,""
"1997-07-23",4,"POS088",6500,0,0,1,""
"1997-07-23",4,"POS088",8300,0,0,1,""
"1997-07-23",5,"POS089",40,5,0,1,""
"1997-07-23",5,"POS089",313,2,0,1,""
"1997-07-23",5,"POS089",2220,0,0,1,""
"1997-07-23",5,"POS089",2520,10,0,1,""
"1997-07-23",5,"POS089",6300,0,0,1,""
"1997-07-23",5,"POS089",6400,0,0,1,""
"1997-07-23",5,"POS089",6600,0,0,1,""
"1997-07-23",5,"POS089",8300,0,0,1,""
"1997-07-23",7,"POS091",40,4,0,1,""
"1997-07-23",7,"POS091",2220,0,0,1,""
"1997-07-23",7,"POS091",2520,8,0,1,""
"1997-07-23",7,"POS091",4210,0,0,1,""
"1997-07-23",7,"POS091",6300,0,0,1,""
"1997-07-23",7,"POS091",6400,0,0,1,""
"1997-07-23",7,"POS091",6600,2,0,1,""
"1997-07-23",7,"POS091",8300,0,0,1,""
"1997-07-23",8,"POS092",40,24,0,1,""
"1997-07-23",8,"POS092",50,1,0,1,""
"1997-07-23",8,"POS092",2220,0,0,1,""
"1997-07-23",8,"POS092",2520,5,0,1,""
"1997-07-23",8,"POS092",6100,0,0,1,""
"1997-07-23",8,"POS092",6300,0,0,1,""
"1997-07-23",8,"POS092",6400,0,0,1,""
"1997-07-23",8,"POS092",6500,0,0,1,""
"1997-07-23",8,"POS092",8300,0,0,1,""
"1997-07-23",9,"POS093",40,27,0,1,""
"1997-07-23",9,"POS093",50,1,0,1,""
"1997-07-23",9,"POS093",598,2,0,1,""
"1997-07-23",9,"POS093",2220,0,0,1,""
"1997-07-23",9,"POS093",2520,42,0,1,""
"1997-07-23",9,"POS093",4210,0,0,1,""
"1997-07-23",9,"POS093",4310,0,0,1,""
"1997-07-23",9,"POS093",6100,0,0,1,""
"1997-07-23",9,"POS093",6300,0,0,1,""
"1997-07-23",9,"POS093",6400,400,0,1,""
"1997-07-23",10,"POS094",40,11,0,1,""
"1997-07-23",10,"POS094",313,3,0,1,""
"1997-07-23",10,"POS094",340,2,0,1,""
"1997-07-23",10,"POS094",598,2,0,1,""
"1997-07-23",10,"POS094",1823,0,0,1,""
"1997-07-23",10,"POS094",2220,0,0,1,""
"1997-07-23",10,"POS094",2520,5,0,1,""
"1997-07-23",10,"POS094",6100,0,0,1,""
"1997-07-23",10,"POS094",6400,50,0,1,""
"1997-07-23",10,"POS094",6600,7,0,1,""
"1997-07-23",10,"POS094",8300,0,0,1,""
"1997-07-23",10,"POS094",8600,0,0,1,""
"1997-07-23",11,"POS095",40,23,0,1,""
"1997-07-23",11,"POS095",50,1,0,1,""
"1997-07-23",11,"POS095",501,1,0,1,""
"1997-07-23",11,"POS095",598,1,0,1,""
"1997-07-23",11,"POS095",2220,0,0,1,""
"1997-07-23",11,"POS095",2520,31,0,1,""
"1997-07-23",11,"POS095",4210,0,0,1,""
"1997-07-23",11,"POS095",4320,1,0,1,""
"1997-07-23",11,"POS095",6100,0,0,1,""
"1997-07-23",11,"POS095",6300,0,0,1,""
"1997-07-23",11,"POS095",6400,30,0,1,""
"1997-07-23",11,"POS095",6500,0,0,1,""
"1997-07-23",12,"POS096",10,8,0,1,""
"1997-07-23",12,"POS096",40,150,0,1,""
"1997-07-23",12,"POS096",313,15,0,1,""
"1997-07-23",12,"POS096",598,3,0,1,""
"1997-07-23",12,"POS096",2220,0,0,1,""
"1997-07-23",12,"POS096",2520,11,0,1,""
"1997-07-23",12,"POS096",4210,0,0,1,""
"1997-07-23",12,"POS096",4320,4,0,1,""
"1997-07-23",12,"POS096",6100,0,0,1,""
"1997-07-23",12,"POS096",6200,0,0,1,""
"1997-07-23",12,"POS096",6300,0,0,1,""
"1997-07-23",12,"POS096",6400,30,0,1,""
"1997-07-23",12,"POS096",6500,0,0,1,""
"1997-07-23",12,"POS096",8300,0,0,1,""
"1997-07-24",1,"POS097",10,2,0,1,""
"1997-07-24",1,"POS097",40,31,0,1,""
"1997-07-24",1,"POS097",50,0,0,1,""
"1997-07-24",1,"POS097",598,5,0,1,""
"1997-07-24",1,"POS097",2220,0,0,1,""
"1997-07-24",1,"POS097",2520,12,0,1,""
"1997-07-24",1,"POS097",6100,0,0,1,""
"1997-07-24",1,"POS097",6300,0,0,1,""
"1997-07-24",1,"POS097",6400,0,0,1,""
"1997-07-24",1,"POS097",8300,0,0,1,""
"1997-07-24",2,"POS098",10,27,0,1,""
"1997-07-24",2,"POS098",40,100,0,1,""
"1997-07-24",2,"POS098",320,2,0,1,""
"1997-07-24",2,"POS098",598,7,0,1,""
"1997-07-24",2,"POS098",2220,0,0,1,""
"1997-07-24",2,"POS098",2520,94,0,1,""
"1997-07-24",2,"POS098",4210,0,0,1,""
"1997-07-24",2,"POS098",6100,0,0,1,""
"1997-07-24",2,"POS098",6300,0,0,1,""
"1997-07-24",2,"POS098",6400,20,0,1,""
"1997-07-24",2,"POS098",6600,11,0,1,""
"1997-07-24",3,"POS099",10,30,0,1,""
"1997-07-24",3,"POS099",40,18,0,1,""
"1997-07-24",3,"POS099",313,2,0,1,""
"1997-07-24",3,"POS099",501,2,0,1,""
"1997-07-24",3,"POS099",2220,0,0,1,""
"1997-07-24",3,"POS099",2520,28,0,1,""
"1997-07-24",3,"POS099",6300,0,0,1,""
"1997-07-24",3,"POS099",6400,200,0,1,""
"1997-07-24",3,"POS099",6600,16,0,1,""
"1997-07-24",4,"POS100",10,4,0,1,""
"1997-07-24",4,"POS100",40,23,0,1,""
"1997-07-24",4,"POS100",41,2,0,1,""
"1997-07-24",4,"POS100",202,1,0,1,""
"1997-07-24",4,"POS100",313,3,0,1,""
"1997-07-24",4,"POS100",2220,0,0,1,""
"1997-07-24",4,"POS100",2520,19,0,1,""
"1997-07-24",4,"POS100",6100,0,0,1,""
"1997-07-24",4,"POS100",6200,0,0,1,""
"1997-07-24",4,"POS100",6300,0,0,1,""
"1997-07-24",4,"POS100",6500,0,0,1,""
"1997-07-24",5,"POS101",10,17,0,1,""
"1997-07-24",5,"POS101",40,40,0,1,""
"1997-07-24",5,"POS101",313,2,0,1,""
"1997-07-24",5,"POS101",505,1,0,1,""
"1997-07-24",5,"POS101",2220,0,0,1,""
"1997-07-24",5,"POS101",2520,1,0,1,""
"1997-07-24",5,"POS101",4210,0,0,1,""
"1997-07-24",5,"POS101",6100,0,0,1,""
"1997-07-24",5,"POS101",6200,0,0,1,""
"1997-07-24",5,"POS101",6500,0,0,1,""
"1997-07-24",6,"POS102",10,98,0,1,""
"1997-07-24",6,"POS102",40,50,0,1,""
"1997-07-24",6,"POS102",2220,0,0,1,""
"1997-07-24",6,"POS102",2520,7,0,1,""
"1997-07-24",6,"POS102",4210,0,0,1,""
"1997-07-24",6,"POS102",4320,2,0,1,""
"1997-07-24",6,"POS102",6100,0,0,1,""
"1997-07-24",6,"POS102",6200,0,0,1,""
"1997-07-24",6,"POS102",6300,0,0,1,""
"1997-07-24",6,"POS102",6500,0,0,1,""
"1997-07-24",6,"POS102",8300,0,0,1,""
"1997-07-24",7,"POS103",10,5,0,1,""
"1997-07-24",7,"POS103",40,30,0,1,""
"1997-07-24",7,"POS103",313,3,0,1,""
"1997-07-24",7,"POS103",598,3,0,1,""
"1997-07-24",7,"POS103",2220,0,0,1,""
"1997-07-24",7,"POS103",2520,11,0,1,""
"1997-07-24",7,"POS103",4210,0,0,1,""
"1997-07-24",7,"POS103",4320,6,0,1,""
"1997-07-24",7,"POS103",6100,0,0,1,""
"1997-07-24",7,"POS103",6200,0,0,1,""
"1997-07-24",7,"POS103",6300,0,0,1,""
"1997-07-24",7,"POS103",6400,0,0,1,""
"1997-07-24",7,"POS103",6600,3,0,1,""
"1997-07-24",7,"POS103",8300,0,0,1,""
"1997-07-24",8,"POS104",10,27,0,1,""
"1997-07-24",8,"POS104",40,100,0,1,""
"1997-07-24",8,"POS104",2220,0,0,1,""
"1997-07-24",8,"POS104",2520,15,0,1,""
"1997-07-24",8,"POS104",4210,0,0,1,""
"1997-07-24",8,"POS104",4310,0,0,1,""
"1997-07-24",8,"POS104",4320,2,0,1,""
"1997-07-24",8,"POS104",6100,0,0,1,""
"1997-07-24",8,"POS104",6200,0,0,1,""
"1997-07-24",8,"POS104",6300,0,0,1,""
"1997-07-24",8,"POS104",6400,0,0,1,""
"1997-07-24",8,"POS104",6500,0,0,1,""
"1997-07-24",9,"POS105",10,93,0,1,""
"1997-07-24",9,"POS105",40,200,0,1,""
"1997-07-24",9,"POS105",202,3,0,1,""
"1997-07-24",9,"POS105",598,4,0,1,""
"1997-07-24",9,"POS105",2220,0,0,1,""
"1997-07-24",9,"POS105",2520,3,0,1,""
"1997-07-24",9,"POS105",4210,0,0,1,""
"1997-07-24",9,"POS105",6100,0,0,1,""
"1997-07-24",9,"POS105",6300,0,0,1,""
"1997-07-24",9,"POS105",6500,0,0,1,""
"1997-07-24",10,"POS106",10,1,0,1,""
"1997-07-24",10,"POS106",40,23,0,1,""
"1997-07-24",10,"POS106",501,1,0,1,""
"1997-07-24",10,"POS106",2220,0,0,1,""
"1997-07-24",10,"POS106",4210,0,0,1,""
"1997-07-24",10,"POS106",6100,0,0,1,""
"1997-07-24",10,"POS106",6400,0,0,1,""
"1997-07-24",10,"POS106",6500,0,0,1,""
"1997-07-27",1,"POS107",10,8,0,1,""
"1997-07-27",1,"POS107",40,100,0,1,""
"1997-07-27",1,"POS107",598,4,0,1,""
"1997-07-27",1,"POS107",2220,0,0,1,""
"1997-07-27",1,"POS107",2520,46,0,1,""
"1997-07-27",1,"POS107",4210,0,0,1,""
"1997-07-27",1,"POS107",6100,0,0,1,""
"1997-07-27",1,"POS107",6400,0,0,1,""
"1997-07-27",1,"POS107",6500,0,0,1,""
"1997-07-27",1,"POS107",8600,0,0,1,""
"1997-07-27",2,"POS108",10,5,0,1,""
"1997-07-27",2,"POS108",40,18,0,1,""
"1997-07-27",2,"POS108",50,4,0,1,""
"1997-07-27",2,"POS108",313,3,0,1,""
"1997-07-27",2,"POS108",340,2,0,1,""
"1997-07-27",2,"POS108",598,4,0,1,""
"1997-07-27",2,"POS108",2220,0,0,1,""
"1997-07-27",2,"POS108",2520,25,0,1,""
"1997-07-27",2,"POS108",6100,0,0,1,""
"1997-07-27",2,"POS108",6400,80,0,1,""
"1997-07-27",3,"POS109",10,3,0,1,""
"1997-07-27",3,"POS109",40,16,0,1,""
"1997-07-27",3,"POS109",50,18,0,1,""
"1997-07-27",3,"POS109",313,4,0,1,""
"1997-07-27",3,"POS109",598,8,0,1,""
"1997-07-27",3,"POS109",2220,0,0,1,""
"1997-07-27",3,"POS109",2520,16,0,1,""
"1997-07-27",3,"POS109",6100,0,0,1,""
"1997-07-27",3,"POS109",6300,0,0,1,""
"1997-07-27",3,"POS109",6400,30,0,1,""
"1997-07-27",3,"POS109",8300,0,0,1,""
"1997-07-27",3,"POS109",8600,0,0,1,""
"1997-07-27",4,"POS110",10,7,0,1,""
"1997-07-27",4,"POS110",40,100,0,1,""
"1997-07-27",4,"POS110",598,3,0,1,""
"1997-07-27",4,"POS110",1823,3,0,1,""
"1997-07-27",4,"POS110",2220,0,0,1,""
"1997-07-27",4,"POS110",2520,1,0,1,""
"1997-07-27",4,"POS110",6300,0,0,1,""
"1997-07-27",4,"POS110",6500,0,0,1,""
"1997-07-27",4,"POS110",8300,0,0,1,""
"1997-07-27",4,"POS110",8600,0,0,1,""
"1997-07-27",5,"POS111",10,0,0,1,""
"1997-07-27",5,"POS111",40,100,0,1,""
"1997-07-27",5,"POS111",598,5,0,1,""
"1997-07-27",5,"POS111",2220,0,0,1,""
"1997-07-27",5,"POS111",2520,77,0,1,""
"1997-07-27",5,"POS111",6100,0,0,1,""
"1997-07-27",5,"POS111",6400,0,0,1,""
"1997-07-27",5,"POS111",8600,0,0,1,""
"1997-07-27",6,"POS112",10,5,0,1,""
"1997-07-27",6,"POS112",40,49,0,1,""
"1997-07-27",6,"POS112",598,9,0,1,""
"1997-07-27",6,"POS112",2220,0,0,1,""
"1997-07-27",6,"POS112",4210,0,0,1,""
"1997-07-27",6,"POS112",4310,0,0,1,""
"1997-07-27",6,"POS112",6100,0,0,1,""
"1997-07-27",6,"POS112",6400,0,0,1,""
"1997-07-27",7,"POS113",10,2,0,1,""
"1997-07-27",7,"POS113",40,23,0,1,""
"1997-07-27",7,"POS113",2220,0,0,1,""
"1997-07-27",7,"POS113",2520,45,0,1,""
"1997-07-27",7,"POS113",4210,0,0,1,""
"1997-07-27",7,"POS113",4300,0,0,1,""
"1997-07-27",7,"POS113",4310,0,0,1,""
"1997-07-27",7,"POS113",6100,0,0,1,""
"1997-07-27",7,"POS113",6300,0,0,1,""
"1997-07-27",7,"POS113",6400,0,0,1,""
"1997-07-27",7,"POS113",8300,0,0,1,""
"1997-07-27",7,"POS113",8500,2,0,1,""
"1997-07-27",7,"POS113",8600,6,0,1,""
"1997-07-27",8,"POS114",10,3,0,1,""
"1997-07-27",8,"POS114",40,41,0,1,""
"1997-07-27",8,"POS114",118,1,0,1,""
"1997-07-27",8,"POS114",598,2,0,1,""
"1997-07-27",8,"POS114",2220,0,0,1,""
"1997-07-27",8,"POS114",4210,0,0,1,""
"1997-07-27",8,"POS114",4310,0,0,1,""
"1997-07-27",8,"POS114",6100,0,0,1,""
"1997-07-27",8,"POS114",6300,0,0,1,""
"1997-07-27",8,"POS114",8600,0,0,1,""
"1997-07-27",9,"POS115",10,9,0,1,""
"1997-07-27",9,"POS115",40,14,0,1,""
"1997-07-27",9,"POS115",50,2,0,1,""
"1997-07-27",9,"POS115",118,1,0,1,""
"1997-07-27",9,"POS115",501,3,0,1,""
"1997-07-27",9,"POS115",598,1,0,1,""
"1997-07-27",9,"POS115",2220,0,0,1,""
"1997-07-27",9,"POS115",2520,3,0,1,""
"1997-07-27",9,"POS115",6100,0,0,1,""
"1997-07-27",9,"POS115",6300,0,0,1,""
"1997-07-27",9,"POS115",6400,0,0,1,""
"1997-07-27",10,"POS116",10,6,0,1,""
"1997-07-27",10,"POS116",40,11,0,1,""
"1997-07-27",10,"POS116",313,2,0,1,""
"1997-07-27",10,"POS116",2220,0,0,1,""
"1997-07-27",10,"POS116",6100,0,0,1,""
"1997-07-27",10,"POS116",6300,0,0,1,""
"1997-07-27",10,"POS116",6400,0,0,1,""
"1997-08-03",1,"POS117",40,17,0,1,""
"1997-08-03",1,"POS117",2220,0,0,1,""
"1997-08-03",1,"POS117",4210,0,0,1,""
"1997-08-03",1,"POS117",6100,0,0,1,""
"1997-08-03",1,"POS117",6400,100,0,1,""
"1997-08-03",1,"POS117",6500,0,0,1,""
"1997-08-03",2,"POS118",10,2,0,1,""
"1997-08-03",2,"POS118",40,150,0,1,""
"1997-08-03",2,"POS118",41,2,0,1,""
"1997-08-03",2,"POS118",202,1,0,1,""
"1997-08-03",2,"POS118",313,4,0,1,""
"1997-08-03",2,"POS118",2220,0,0,1,""
"1997-08-03",2,"POS118",4210,0,0,1,""
"1997-08-03",2,"POS118",6400,50,0,1,""
"1997-08-03",2,"POS118",8300,0,0,1,""
"1997-08-03",2,"POS118",8600,3,0,1,""
"1997-08-03",3,"POS119",40,34,0,1,""
"1997-08-03",3,"POS119",313,17,0,1,""
"1997-08-03",3,"POS119",598,2,0,1,""
"1997-08-03",3,"POS119",2220,0,0,1,""
"1997-08-03",3,"POS119",4210,0,0,1,""
"1997-08-03",3,"POS119",6100,0,0,1,""
"1997-08-03",3,"POS119",6300,0,0,1,""
"1997-08-03",3,"POS119",6400,0,0,1,""
"1997-08-03",3,"POS119",6500,0,0,1,""
"1997-08-03",3,"POS119",6600,0,0,1,""
"1997-08-03",4,"POS120",40,100,0,1,""
"1997-08-03",4,"POS120",41,2,0,1,""
"1997-08-03",4,"POS120",202,2,0,1,""
"1997-08-03",4,"POS120",313,6,0,1,""
"1997-08-03",4,"POS120",501,1,0,1,""
"1997-08-03",4,"POS120",2220,0,0,1,""
"1997-08-03",4,"POS120",4210,0,0,1,""
"1997-08-03",4,"POS120",6100,0,0,1,""
"1997-08-03",4,"POS120",6300,0,0,1,""
"1997-08-03",4,"POS120",6400,0,0,1,""
"1997-08-03",4,"POS120",6500,0,0,1,""
"1997-08-03",5,"POS121",40,27,0,1,""
"1997-08-03",5,"POS121",313,1,0,1,""
"1997-08-03",5,"POS121",340,1,0,1,""
"1997-08-03",5,"POS121",2220,0,0,1,""
"1997-08-03",5,"POS121",2520,1,0,1,""
"1997-08-03",5,"POS121",4210,0,0,1,""
"1997-08-03",5,"POS121",6300,0,0,1,""
"1997-08-03",5,"POS121",6400,250,0,1,""
"1997-08-03",5,"POS121",6500,0,0,1,""
"1997-08-03",6,"POS122",40,6,0,1,""
"1997-08-03",6,"POS122",50,3,0,1,""
"1997-08-03",6,"POS122",313,3,0,1,""
"1997-08-03",6,"POS122",2220,0,0,1,""
"1997-08-03",6,"POS122",2520,5,0,1,""
"1997-08-03",6,"POS122",6100,0,0,1,""
"1997-08-03",6,"POS122",6400,0,0,1,""
"1997-08-03",6,"POS122",6600,10,0,1,""
"1997-08-03",7,"POS123",40,2,0,1,""
"1997-08-03",7,"POS123",1823,5,0,1,""
"1997-08-03",7,"POS123",2220,0,0,1,""
"1997-08-03",7,"POS123",2520,2,0,1,""
"1997-08-03",7,"POS123",6100,0,0,1,""
"1997-08-03",7,"POS123",6400,0,0,1,""
"1997-08-03",7,"POS123",6600,5,0,1,""
"1997-08-03",7,"POS123",8600,0,0,1,""
"1997-08-03",8,"POS124",40,12,0,1,""
"1997-08-03",8,"POS124",2220,0,0,1,""
"1997-08-03",8,"POS124",2520,23,0,1,""
"1997-08-03",8,"POS124",4320,3,0,1,""
"1997-08-03",8,"POS124",6100,0,0,1,""
"1997-08-03",8,"POS124",6400,250,0,1,""
"1997-08-03",8,"POS124",6500,0,0,1,""
"1997-08-03",8,"POS124",6600,11,0,1,""
"1997-08-03",8,"POS124",8300,0,0,1,""
"1997-08-03",9,"POS125",40,10,0,1,""
"1997-08-03",9,"POS125",202,1,0,1,""
"1997-08-03",9,"POS125",313,5,0,1,""
"1997-08-03",9,"POS125",505,1,0,1,""
"1997-08-03",9,"POS125",2220,0,0,1,""
"1997-08-03",9,"POS125",2520,42,0,1,""
"1997-08-03",9,"POS125",4320,17,0,1,""
"1997-08-03",9,"POS125",6100,0,0,1,""
"1997-08-03",9,"POS125",6400,0,0,1,""
"1997-08-03",9,"POS125",8300,0,0,1,""
"1997-08-03",9,"POS125",8600,3,0,1,""
"1997-08-03",10,"POS126",40,11,0,1,""
"1997-08-03",10,"POS126",202,1,0,1,""
"1997-08-03",10,"POS126",313,2,0,1,""
"1997-08-03",10,"POS126",2220,0,0,1,""
"1997-08-03",10,"POS126",2520,3,0,1,""
"1997-08-03",10,"POS126",6400,300,0,1,""
"1997-08-03",10,"POS126",6500,0,0,1,""
"1997-08-03",11,"POS127",40,5,0,1,""
"1997-08-03",11,"POS127",2220,0,0,1,""
"1997-08-03",11,"POS127",2520,4,0,1,""
"1997-08-03",11,"POS127",4210,0,0,1,""
"1997-08-03",11,"POS127",6100,0,0,1,""
"1997-08-03",11,"POS127",6400,100,0,1,""
"1997-08-03",11,"POS127",6500,0,0,1,""
"1997-08-03",11,"POS127",8600,1,0,1,""
"1997-08-03",12,"POS128",2220,0,0,1,""
"1997-08-03",12,"POS128",4210,0,0,1,""
"1997-08-03",12,"POS128",6100,0,0,1,""
"1997-08-03",12,"POS128",6400,0,0,1,""
"1997-08-03",12,"POS128",6500,0,0,1,""
"1997-08-04",1,"POS130",40,9,0,1,""
"1997-08-04",1,"POS130",41,2,0,1,""
"1997-08-04",1,"POS130",202,4,0,1,""
"1997-08-04",1,"POS130",313,1,0,1,""
"1997-08-04",1,"POS130",340,1,0,1,""
"1997-08-04",1,"POS130",2220,0,0,1,""
"1997-08-04",1,"POS130",2520,1,0,1,""
"1997-08-04",1,"POS130",4320,2,0,1,""
"1997-08-04",1,"POS130",6100,0,0,1,""
"1997-08-04",1,"POS130",6300,0,0,1,""
"1997-08-04",1,"POS130",6400,20,0,1,""
"1997-08-04",1,"POS130",6500,0,0,1,""
"1997-08-04",1,"POS130",8300,1,0,1,""
"1997-08-04",2,"POS131",10,2,0,1,""
"1997-08-04",2,"POS131",40,21,0,1,""
"1997-08-04",2,"POS131",41,5,0,1,""
"1997-08-04",2,"POS131",202,10,0,1,""
"1997-08-04",2,"POS131",2220,0,0,1,""
"1997-08-04",2,"POS131",4210,0,0,1,""
"1997-08-04",2,"POS131",6100,0,0,1,""
"1997-08-04",2,"POS131",6300,0,0,1,""
"1997-08-04",2,"POS131",6400,100,0,1,""
"1997-08-04",2,"POS131",6500,0,0,1,""
"1997-08-04",3,"POS132",10,10,0,1,""
"1997-08-04",3,"POS132",40,7,0,1,""
"1997-08-04",3,"POS132",202,5,0,1,""
"1997-08-04",3,"POS132",313,2,0,1,""
"1997-08-04",3,"POS132",2220,0,0,1,""
"1997-08-04",3,"POS132",4210,0,0,1,""
"1997-08-04",3,"POS132",6100,0,0,1,""
"1997-08-04",3,"POS132",6300,0,0,1,""
"1997-08-04",3,"POS132",6400,0,0,1,""
"1997-08-04",3,"POS132",6500,0,0,1,""
"1997-08-04",4,"POS133",10,1,0,1,""
"1997-08-04",4,"POS133",40,24,0,1,""
"1997-08-04",4,"POS133",41,1,0,1,""
"1997-08-04",4,"POS133",202,3,0,1,""
"1997-08-04",4,"POS133",313,3,0,1,""
"1997-08-04",4,"POS133",340,1,0,1,""
"1997-08-04",4,"POS133",2220,0,0,1,""
"1997-08-04",4,"POS133",4210,0,0,1,""
"1997-08-04",4,"POS133",4514,1,0,1,""
"1997-08-04",4,"POS133",6100,0,0,1,""
"1997-08-04",4,"POS133",6300,0,0,1,""
"1997-08-04",4,"POS133",6400,10,0,1,""
"1997-08-04",4,"POS133",6500,0,0,1,""
"1997-08-04",5,"POS134",40,7,0,1,""
"1997-08-04",5,"POS134",202,3,0,1,""
"1997-08-04",5,"POS134",313,1,0,1,""
"1997-08-04",5,"POS134",6100,0,0,1,""
"1997-08-04",5,"POS134",6300,0,0,1,""
"1997-08-04",5,"POS134",6400,75,0,1,""
"1997-08-04",5,"POS134",8300,0,0,1,""
"1997-08-04",6,"POS135",10,2,0,1,""
"1997-08-04",6,"POS135",40,11,0,1,""
"1997-08-04",6,"POS135",202,2,0,1,""
"1997-08-04",6,"POS135",313,5,0,1,""
"1997-08-04",6,"POS135",1823,0,0,1,""
"1997-08-04",6,"POS135",2220,0,0,1,""
"1997-08-04",6,"POS135",2520,1,0,1,""
"1997-08-04",6,"POS135",6300,0,0,1,""
"1997-08-04",6,"POS135",6400,200,0,1,""
"1997-08-04",6,"POS135",6500,0,0,1,""
"1997-08-04",8,"POS137",23,1,0,1,""
"1997-08-04",8,"POS137",40,5,0,1,""
"1997-08-04",8,"POS137",202,3,0,1,""
"1997-08-04",8,"POS137",313,17,0,1,""
"1997-08-04",8,"POS137",2520,3,0,1,""
"1997-08-04",8,"POS137",6100,0,0,1,""
"1997-08-04",8,"POS137",6400,0,0,1,""
"1997-08-04",8,"POS137",6500,0,0,1,""
"1997-08-04",8,"POS137",8300,0,0,1,""
"1997-08-04",8,"POS137",8500,1,0,1,""
"1997-08-04",8,"POS137",8600,0,0,1,""
"1997-08-04",9,"POS138",23,15,0,1,""
"1997-08-04",9,"POS138",35,11,0,1,""
"1997-08-04",9,"POS138",598,1,0,1,""
"1997-08-04",9,"POS138",2220,0,0,1,""
"1997-08-04",9,"POS138",6100,0,0,1,""
"1997-08-04",9,"POS138",8300,0,0,1,""
"1997-08-04",10,"POS139",23,1,0,1,""
"1997-08-04",10,"POS139",40,4,0,1,""
"1997-08-04",10,"POS139",202,2,0,1,""
"1997-08-04",10,"POS139",313,6,0,1,""
"1997-08-04",10,"POS139",2220,0,0,1,""
"1997-08-04",10,"POS139",2520,15,0,1,""
"1997-08-04",10,"POS139",6100,0,0,1,""
"1997-08-04",10,"POS139",6300,0,0,1,""
"1997-08-04",10,"POS139",6400,200,0,1,""
"1997-08-04",10,"POS139",8300,0,0,1,""
"1997-08-04",11,"POS140",40,9,0,1,""
"1997-08-04",11,"POS140",313,4,0,1,""
"1997-08-04",11,"POS140",598,1,0,1,""
"1997-08-04",11,"POS140",2220,0,0,1,""
"1997-08-04",11,"POS140",2520,2,0,1,""
"1997-08-04",11,"POS140",6100,0,0,1,""
"1997-08-04",11,"POS140",6300,0,0,1,""
"1997-08-04",11,"POS140",6400,5,0,1,""
"1997-08-04",11,"POS140",8500,0,0,1,""
"1997-08-04",12,"POS141",10,1,0,1,""
"1997-08-04",12,"POS141",23,2,0,1,""
"1997-08-04",12,"POS141",31,5,0,1,""
"1997-08-04",12,"POS141",35,9,0,1,""
"1997-08-04",12,"POS141",40,3,0,1,""
"1997-08-04",12,"POS141",41,15,0,1,""
"1997-08-04",12,"POS141",202,14,0,1,""
"1997-08-04",12,"POS141",313,6,0,1,""
"1997-08-04",12,"POS141",410,1,0,1,""
"1997-08-04",12,"POS141",2220,0,0,1,""
"1997-08-04",12,"POS141",4514,2,0,1,""
"1997-08-04",12,"POS141",4521,1,0,1,""
"1997-08-04",12,"POS141",6100,0,0,1,""
"1997-08-04",12,"POS141",6300,0,0,1,""
"1997-08-04",12,"POS141",8300,0,0,1,""
"1997-08-04",13,"POS142",10,23,0,1,""
"1997-08-04",13,"POS142",40,4,0,1,""
"1997-08-04",13,"POS142",41,3,0,1,""
"1997-08-04",13,"POS142",50,1,0,1,""
"1997-08-04",13,"POS142",202,5,0,1,""
"1997-08-04",13,"POS142",313,8,0,1,""
"1997-08-04",13,"POS142",2520,1,0,1,""
"1997-08-04",13,"POS142",6400,0,0,1,""
"1997-08-04",13,"POS142",6500,0,0,1,""
"1997-08-04",13,"POS142",8300,0,0,1,""
"1997-08-05",1,"POS143",10,17,0,1,""
"1997-08-05",1,"POS143",23,1,0,1,""
"1997-08-05",1,"POS143",40,3,0,1,""
"1997-08-05",1,"POS143",202,3,0,1,""
"1997-08-05",1,"POS143",313,8,0,1,""
"1997-08-05",1,"POS143",598,4,0,1,""
"1997-08-05",1,"POS143",2220,0,0,1,""
"1997-08-05",1,"POS143",2520,8,0,1,""
"1997-08-05",1,"POS143",4320,21,0,1,""
"1997-08-05",1,"POS143",6300,0,0,1,""
"1997-08-05",1,"POS143",6400,60,0,1,""
"1997-08-05",2,"POS144",410,0,0,1,""
"1997-08-05",2,"POS144",2220,0,0,1,""
"1997-08-05",2,"POS144",2523,1,0,1,""
"1997-08-05",2,"POS144",6100,0,0,1,""
"1997-08-05",2,"POS144",8300,9,0,1,""
"1997-08-05",2,"POS144",8500,2,0,1,""
"1997-08-05",3,"POS145",23,1,0,1,""
"1997-08-05",3,"POS145",2220,0,0,1,""
"1997-08-05",3,"POS145",6100,0,0,1,""
"1997-08-05",3,"POS145",8300,12,0,1,""
"1997-08-05",4,"POS146",10,2,0,1,""
"1997-08-05",4,"POS146",40,3,0,1,""
"1997-08-05",4,"POS146",313,4,0,1,""
"1997-08-05",4,"POS146",598,1,0,1,""
"1997-08-05",4,"POS146",1823,50,0,1,""
"1997-08-05",4,"POS146",2220,0,0,1,""
"1997-08-05",4,"POS146",2520,16,0,1,""
"1997-08-05",4,"POS146",4320,10,0,1,""
"1997-08-05",4,"POS146",6100,0,0,1,""
"1997-08-05",4,"POS146",6300,0,0,1,""
"1997-08-05",4,"POS146",6400,30,0,1,""
"1997-08-05",5,"POS147",23,1,0,1,""
"1997-08-05",5,"POS147",35,3,0,1,""
"1997-08-05",5,"POS147",40,5,0,1,""
"1997-08-05",5,"POS147",41,20,0,1,""
"1997-08-05",5,"POS147",202,12,0,1,""
"1997-08-05",5,"POS147",410,2,0,1,""
"1997-08-05",5,"POS147",2220,0,0,1,""
"1997-08-05",5,"POS147",6100,0,0,1,""
"1997-08-05",5,"POS147",8300,0,0,1,""
"1997-08-05",6,"POS148",10,1,0,1,""
"1997-08-05",6,"POS148",50,1,0,1,""
"1997-08-05",6,"POS148",202,3,0,1,""
"1997-08-05",6,"POS148",313,6,0,1,""
"1997-08-05",6,"POS148",2220,0,0,1,""
"1997-08-05",6,"POS148",2520,4,0,1,""
"1997-08-05",6,"POS148",6100,0,0,1,""
"1997-08-05",6,"POS148",6300,0,0,1,""
"1997-08-05",6,"POS148",6400,15,0,1,""
"1997-08-05",7,"POS149",23,18,0,1,""
"1997-08-05",7,"POS149",35,2,0,1,""
"1997-08-05",7,"POS149",41,3,0,1,""
"1997-08-05",7,"POS149",50,1,0,1,""
"1997-08-05",7,"POS149",202,3,0,1,""
"1997-08-05",7,"POS149",410,8,0,1,""
"1997-08-05",7,"POS149",2220,0,0,1,""
"1997-08-05",7,"POS149",4521,1,0,1,""
"1997-08-05",7,"POS149",8300,0,0,1,""
"1997-08-05",7,"POS149",8600,3,0,1,""
"1997-08-05",8,"POS150",10,34,0,1,""
"1997-08-05",8,"POS150",23,3,0,1,""
"1997-08-05",8,"POS150",40,6,0,1,""
"1997-08-05",8,"POS150",41,4,0,1,""
"1997-08-05",8,"POS150",202,5,0,1,""
"1997-08-05",8,"POS150",313,3,0,1,""
"1997-08-05",8,"POS150",598,1,0,1,""
"1997-08-05",8,"POS150",2220,0,0,1,""
"1997-08-05",8,"POS150",6100,0,0,1,""
"1997-08-05",8,"POS150",8600,0,0,1,""
"1997-08-05",9,"POS151",10,4,0,1,""
"1997-08-05",9,"POS151",23,1,0,1,""
"1997-08-05",9,"POS151",40,2,0,1,""
"1997-08-05",9,"POS151",41,3,0,1,""
"1997-08-05",9,"POS151",313,24,0,1,""
"1997-08-05",9,"POS151",2220,0,0,1,""
"1997-08-05",9,"POS151",2520,4,0,1,""
"1997-08-05",9,"POS151",6100,0,0,1,""
"1997-08-05",9,"POS151",6400,0,0,1,""
"1997-08-05",9,"POS151",8600,0,0,1,""
"1997-08-05",11,"POS153",10,8,0,1,""
"1997-08-05",11,"POS153",23,12,0,1,""
"1997-08-05",11,"POS153",40,5,0,1,""
"1997-08-05",11,"POS153",41,1,0,1,""
"1997-08-05",11,"POS153",50,2,0,1,""
"1997-08-05",11,"POS153",202,8,0,1,""
"1997-08-05",11,"POS153",313,6,0,1,""
"1997-08-05",11,"POS153",340,1,0,1,""
"1997-08-05",11,"POS153",2220,0,0,1,""
"1997-08-05",11,"POS153",2520,1,0,1,""
"1997-08-05",11,"POS153",6100,0,0,1,""
"1997-08-05",11,"POS153",6300,0,0,1,""
"1997-08-05",11,"POS153",8600,0,0,1,""
"1997-08-06",1,"POS154",10,3,0,1,""
"1997-08-06",1,"POS154",23,5,0,1,""
"1997-08-06",1,"POS154",35,2,0,1,""
"1997-08-06",1,"POS154",202,2,0,1,""
"1997-08-06",1,"POS154",598,2,0,1,""
"1997-08-06",1,"POS154",2220,0,0,1,""
"1997-08-06",1,"POS154",6100,0,0,1,""
"1997-08-06",1,"POS154",6200,0,0,1,""
"1997-08-06",1,"POS154",8600,0,0,1,""
"1997-08-06",2,"POS155",10,3,0,1,""
"1997-08-06",2,"POS155",31,1,0,1,""
"1997-08-06",2,"POS155",40,2,0,1,""
"1997-08-06",2,"POS155",202,4,0,1,""
"1997-08-06",2,"POS155",505,3,0,1,""
"1997-08-06",2,"POS155",598,4,0,1,""
"1997-08-06",2,"POS155",2220,0,0,1,""
"1997-08-06",2,"POS155",6100,0,0,1,""
"1997-08-06",2,"POS155",8600,0,0,1,""
"1997-08-06",3,"POS156",10,8,0,1,""
"1997-08-06",3,"POS156",40,12,0,1,""
"1997-08-06",3,"POS156",50,3,0,1,""
"1997-08-06",3,"POS156",64,100,0,1,""
"1997-08-06",3,"POS156",313,82,0,1,""
"1997-08-06",3,"POS156",501,7,0,1,""
"1997-08-06",3,"POS156",1823,40,0,1,""
"1997-08-06",3,"POS156",2220,300,0,1,""
"1997-08-06",3,"POS156",2520,47,0,1,""
"1997-08-06",3,"POS156",6400,50,0,1,""
"1997-08-06",4,"POS157",23,4,0,1,""
"1997-08-06",4,"POS157",40,11,0,1,""
"1997-08-06",4,"POS157",50,4,0,1,""
"1997-08-06",4,"POS157",313,10,0,1,""
"1997-08-06",4,"POS157",505,5,0,1,""
"1997-08-06",4,"POS157",598,4,0,1,""
"1997-08-06",4,"POS157",2520,1,0,1,""
"1997-08-06",4,"POS157",6100,0,0,1,""
"1997-08-06",4,"POS157",6300,0,0,1,""
"1997-08-06",4,"POS157",6400,10,0,1,""
"1997-08-06",4,"POS157",8300,0,0,1,""
"1997-08-06",5,"POS158",10,14,0,1,""
"1997-08-06",5,"POS158",40,13,0,1,""
"1997-08-06",5,"POS158",505,3,0,1,""
"1997-08-06",5,"POS158",598,22,0,1,""
"1997-08-06",5,"POS158",2220,0,0,1,""
"1997-08-06",5,"POS158",4210,0,0,1,""
"1997-08-06",6,"POS159",40,4,0,1,""
"1997-08-06",6,"POS159",505,2,0,1,""
"1997-08-06",6,"POS159",598,1,0,1,""
"1997-08-06",6,"POS159",2220,0,0,1,""
"1997-08-06",6,"POS159",6100,0,0,1,""
"1997-08-06",6,"POS159",8300,0,0,1,""
"1997-08-13",1,"POS160",40,20,0,1,""
"1997-08-13",1,"POS160",505,1,0,1,""
"1997-08-13",1,"POS160",598,4,0,1,""
"1997-08-13",1,"POS160",2220,0,0,1,""
"1997-08-13",1,"POS160",2520,3,0,1,""
"1997-08-13",1,"POS160",4210,16,0,1,""
"1997-08-13",1,"POS160",6100,0,0,1,""
"1997-08-13",1,"POS160",6400,250,0,1,""
"1997-08-13",3,"POS162",10,2,0,1,""
"1997-08-13",3,"POS162",40,100,0,1,""
"1997-08-13",3,"POS162",313,3,0,1,""
"1997-08-13",3,"POS162",501,2,0,1,""
"1997-08-13",3,"POS162",505,2,0,1,""
"1997-08-13",3,"POS162",2220,0,0,1,""
"1997-08-13",3,"POS162",2520,11,0,1,""
"1997-08-13",3,"POS162",4210,17,0,1,""
"1997-08-13",3,"POS162",6100,0,0,1,""
"1997-08-13",3,"POS162",6400,400,0,1,""
"1997-08-13",3,"POS162",6500,0,0,1,""
"1997-08-13",4,"POS163",40,12,0,1,""
"1997-08-13",4,"POS163",505,1,0,1,""
"1997-08-13",4,"POS163",598,3,0,1,""
"1997-08-13",4,"POS163",2220,0,0,1,""
"1997-08-13",4,"POS163",2520,9,0,1,""
"1997-08-13",4,"POS163",4210,4,0,1,""
"1997-08-13",4,"POS163",6100,0,0,1,""
"1997-08-13",4,"POS163",6300,0,0,1,""
"1997-08-13",4,"POS163",6400,50,0,1,""
"1997-08-13",4,"POS163",6500,0,0,1,""
"1997-08-13",5,"POS164",10,2,0,1,""
"1997-08-13",5,"POS164",40,31,0,1,""
"1997-08-13",5,"POS164",313,8,0,1,""
"1997-08-13",5,"POS164",598,5,0,1,""
"1997-08-13",5,"POS164",2220,0,0,1,""
"1997-08-13",5,"POS164",4210,0,0,1,""
"1997-08-13",5,"POS164",4320,1,0,1,""
"1997-08-13",5,"POS164",6100,0,0,1,""
"1997-08-13",5,"POS164",6300,0,0,1,""
"1997-08-13",5,"POS164",6400,4,0,1,""
"1997-08-13",5,"POS164",6500,0,0,1,""
"1997-08-13",5,"POS164",8600,6,0,1,""
"1997-08-13",6,"POS165",10,1,0,1,""
"1997-08-13",6,"POS165",40,50,0,1,""
"1997-08-13",6,"POS165",313,4,0,1,""
"1997-08-13",6,"POS165",598,2,0,1,""
"1997-08-13",6,"POS165",2220,0,0,1,""
"1997-08-13",6,"POS165",4210,4,0,1,""
"1997-08-13",6,"POS165",6100,0,0,1,""
"1997-08-13",6,"POS165",6500,0,0,1,""
"1997-08-13",6,"POS165",8600,1,0,1,""
"1997-08-13",7,"POS166",40,39,0,1,""
"1997-08-13",7,"POS166",2220,0,0,1,""
"1997-08-13",7,"POS166",4210,13,0,1,""
"1997-08-13",7,"POS166",4310,0,0,1,""
"1997-08-13",7,"POS166",6100,13,0,1,""
"1997-08-13",7,"POS166",6300,0,0,1,""
"1997-08-13",7,"POS166",6400,300,0,1,""
"1997-08-13",7,"POS166",6500,0,0,1,""
"1997-08-13",9,"POS168",40,18,0,1,""
"1997-08-13",9,"POS168",501,1,0,1,""
"1997-08-13",9,"POS168",2220,0,0,1,""
"1997-08-13",9,"POS168",2520,1,0,1,""
"1997-08-13",9,"POS168",6100,7,0,1,""
"1997-08-13",9,"POS168",6300,0,0,1,""
"1997-08-13",9,"POS168",6400,200,0,1,""
"1997-08-13",9,"POS168",6500,0,0,1,""
"1997-08-13",9,"POS168",6600,1,0,1,""
"1997-08-13",10,"POS169",40,10,0,1,""
"1997-08-13",10,"POS169",313,2,0,1,""
"1997-08-13",10,"POS169",501,2,0,1,""
"1997-08-13",10,"POS169",2220,0,0,1,""
"1997-08-13",10,"POS169",4210,6,0,1,""
"1997-08-13",10,"POS169",4310,1,0,1,""
"1997-08-13",10,"POS169",6100,0,0,1,""
"1997-08-13",10,"POS169",6300,0,0,1,""
"1997-08-13",10,"POS169",6400,2,0,1,""
"1997-08-13",10,"POS169",6500,0,0,1,""
"1997-08-13",11,"POS170",40,54,0,1,""
"1997-08-13",11,"POS170",313,6,0,1,""
"1997-08-13",11,"POS170",598,1,0,1,""
"1997-08-13",11,"POS170",2220,0,0,1,""
"1997-08-13",11,"POS170",4210,8,0,1,""
"1997-08-13",11,"POS170",6100,0,0,1,""
"1997-08-13",11,"POS170",6400,6,0,1,""
"1997-08-13",11,"POS170",6500,0,0,1,""
"1997-08-13",11,"POS170",8600,2,0,1,""
"1997-08-13",12,"POS171",40,14,0,1,""
"1997-08-13",12,"POS171",313,6,0,1,""
"1997-08-13",12,"POS171",598,2,0,1,""
"1997-08-13",12,"POS171",2220,0,0,1,""
"1997-08-13",12,"POS171",2520,9,0,1,""
"1997-08-13",12,"POS171",4210,14,0,1,""
"1997-08-13",12,"POS171",4320,1,0,1,""
"1997-08-13",12,"POS171",6100,4,0,1,""
"1997-08-13",12,"POS171",6400,26,0,1,""
"1997-08-13",12,"POS171",6500,0,0,1,""
"1997-08-13",13,"POS172",40,27,0,1,""
"1997-08-13",13,"POS172",313,3,0,1,""
"1997-08-13",13,"POS172",501,1,0,1,""
"1997-08-13",13,"POS172",505,2,0,1,""
"1997-08-13",13,"POS172",598,5,0,1,""
"1997-08-13",13,"POS172",2220,0,0,1,""
"1997-08-13",13,"POS172",2520,5,0,1,""
"1997-08-13",13,"POS172",4210,9,0,1,""
"1997-08-13",13,"POS172",6100,0,0,1,""
"1997-08-13",13,"POS172",6400,60,0,1,""
"1997-08-13",13,"POS172",6500,0,0,1,""
"1997-08-13",13,"POS172",8300,5,0,1,""
"1997-08-13",14,"POS173",10,1,0,1,""
"1997-08-13",14,"POS173",40,23,0,1,""
"1997-08-13",14,"POS173",313,4,0,1,""
"1997-08-13",14,"POS173",505,1,0,1,""
"1997-08-13",14,"POS173",598,1,0,1,""
"1997-08-13",14,"POS173",2220,0,0,1,""
"1997-08-13",14,"POS173",2520,6,0,1,""
"1997-08-13",14,"POS173",4210,20,0,1,""
"1997-08-13",14,"POS173",6100,18,0,1,""
"1997-08-13",14,"POS173",6400,45,0,1,""
"1997-08-13",14,"POS173",6500,0,0,1,""
"1997-08-14",1,"POS174",10,2,0,1,""
"1997-08-14",1,"POS174",40,28,0,1,""
"1997-08-14",1,"POS174",313,7,0,1,""
"1997-08-14",1,"POS174",598,3,0,1,""
"1997-08-14",1,"POS174",2220,0,0,1,""
"1997-08-14",1,"POS174",2520,5,0,1,""
"1997-08-14",1,"POS174",4210,26,0,1,""
"1997-08-14",2,"POS175",10,14,0,1,""
"1997-08-14",2,"POS175",40,29,0,1,""
"1997-08-14",2,"POS175",598,2,0,1,""
"1997-08-14",2,"POS175",2220,0,0,1,""
"1997-08-14",2,"POS175",4210,63,0,1,""
"1997-08-14",2,"POS175",4300,7,0,1,""
"1997-08-14",2,"POS175",6100,0,0,1,""
"1997-08-14",2,"POS175",6200,0,0,1,""
"1997-08-14",4,"POS177",10,4,0,1,""
"1997-08-14",4,"POS177",40,37,0,1,""
"1997-08-14",4,"POS177",313,11,0,1,""
"1997-08-14",4,"POS177",400,1,0,1,""
"1997-08-14",4,"POS177",2220,0,0,1,""
"1997-08-14",4,"POS177",2520,105,0,1,""
"1997-08-14",4,"POS177",4210,5,0,1,""
"1997-08-14",4,"POS177",6100,0,0,1,""
"1997-08-14",4,"POS177",6400,50,0,1,""
"1997-08-14",4,"POS177",6500,0,0,1,""
"1997-08-14",5,"POS178",10,21,0,1,""
"1997-08-14",5,"POS178",40,12,0,1,""
"1997-08-14",5,"POS178",340,1,0,1,""
"1997-08-14",5,"POS178",598,3,0,1,""
"1997-08-14",5,"POS178",2220,0,0,1,""
"1997-08-14",5,"POS178",4210,21,0,1,""
"1997-08-14",5,"POS178",6100,0,0,1,""
"1997-08-14",5,"POS178",6200,0,0,1,""
"1997-08-14",6,"POS179",10,14,0,1,""
"1997-08-14",6,"POS179",501,2,0,1,""
"1997-08-14",6,"POS179",598,2,0,1,""
"1997-08-14",6,"POS179",2220,0,0,1,""
"1997-08-14",6,"POS179",2520,11,0,1,""
"1997-08-14",6,"POS179",4210,12,0,1,""
"1997-08-14",6,"POS179",6100,0,0,1,""
"1997-08-14",6,"POS179",6400,50,0,1,""
"1997-08-14",6,"POS179",6500,0,0,1,""
"1997-08-14",7,"POS180",40,36,0,1,""
"1997-08-14",7,"POS180",50,1,0,1,""
"1997-08-14",7,"POS180",202,1,0,1,""
"1997-08-14",7,"POS180",320,1,0,1,""
"1997-08-14",7,"POS180",598,3,0,1,""
"1997-08-14",7,"POS180",2220,0,0,1,""
"1997-08-14",7,"POS180",2520,17,0,1,""
"1997-08-14",7,"POS180",4210,13,0,1,""
"1997-08-14",7,"POS180",4320,5,0,1,""
"1997-08-14",7,"POS180",6100,15,0,1,""
"1997-08-14",7,"POS180",6600,5,0,1,""
"1997-08-14",8,"POS181",10,11,0,1,""
"1997-08-14",8,"POS181",40,24,0,1,""
"1997-08-14",8,"POS181",505,3,0,1,""
"1997-08-14",8,"POS181",598,5,0,1,""
"1997-08-14",8,"POS181",2220,0,0,1,""
"1997-08-14",8,"POS181",6100,4,0,1,""
"1997-08-14",9,"POS182",10,11,0,1,""
"1997-08-14",9,"POS182",40,18,0,1,""
"1997-08-14",9,"POS182",598,2,0,1,""
"1997-08-14",9,"POS182",2220,0,0,1,""
"1997-08-14",9,"POS182",4210,9,0,1,""
"1997-08-14",9,"POS182",6100,0,0,1,""
"1997-08-14",10,"POS183",10,7,0,1,""
"1997-08-14",10,"POS183",40,39,0,1,""
"1997-08-14",10,"POS183",505,3,0,1,""
"1997-08-14",10,"POS183",598,4,0,1,""
"1997-08-14",10,"POS183",2220,0,0,1,""
"1997-08-14",10,"POS183",6100,0,0,1,""
"1997-08-14",10,"POS183",6200,0,0,1,""
"1997-08-14",11,"POS184",10,4,0,1,""
"1997-08-14",11,"POS184",40,9,0,1,""
"1997-08-14",11,"POS184",313,3,0,1,""
"1997-08-14",11,"POS184",2220,0,0,1,""
"1997-08-14",11,"POS184",2520,1,0,1,""
"1997-08-14",11,"POS184",4210,3,0,1,""
"1997-08-14",11,"POS184",6100,0,0,1,""
"1997-08-14",11,"POS184",6200,0,0,1,""
"1997-08-14",11,"POS184",6400,5,0,1,""
"1997-08-14",11,"POS184",8600,1,0,1,""
"1997-08-20",1,"POS185",10,6,0,1,""
"1997-08-20",1,"POS185",40,30,0,1,""
"1997-08-20",1,"POS185",60,241,0,1,""
"1997-08-20",1,"POS185",313,11,0,1,""
"1997-08-20",1,"POS185",320,3,0,1,""
"1997-08-20",1,"POS185",340,3,0,1,""
"1997-08-20",1,"POS185",501,1,0,1,""
"1997-08-20",1,"POS185",505,1,0,1,""
"1997-08-20",1,"POS185",2220,0,0,1,""
"1997-08-20",1,"POS185",2520,27,0,1,""
"1997-08-20",1,"POS185",6100,3,0,1,""
"1997-08-20",1,"POS185",6200,0,0,1,""
"1997-08-20",1,"POS185",6400,3,0,1,""
"1997-08-20",1,"POS185",8600,1,0,1,""
"1997-08-20",1,"POS185",9300,0,0,1,""
"1997-08-20",2,"POS186",10,1,0,1,""
"1997-08-20",2,"POS186",40,25,0,1,""
"1997-08-20",2,"POS186",313,4,0,1,""
"1997-08-20",2,"POS186",505,3,0,1,""
"1997-08-20",2,"POS186",598,2,0,1,""
"1997-08-20",2,"POS186",2220,0,0,1,""
"1997-08-20",2,"POS186",2520,1,0,1,""
"1997-08-20",2,"POS186",4210,5,0,1,""
"1997-08-20",2,"POS186",6100,3,0,1,""
"1997-08-20",2,"POS186",6200,0,0,1,""
"1997-08-20",3,"POS187",10,3,0,1,""
"1997-08-20",3,"POS187",40,18,0,1,""
"1997-08-20",3,"POS187",598,8,0,1,""
"1997-08-20",3,"POS187",600,2,0,1,""
"1997-08-20",3,"POS187",2220,0,0,1,""
"1997-08-20",3,"POS187",4210,6,0,1,""
"1997-08-20",3,"POS187",4300,0,0,1,""
"1997-08-20",3,"POS187",6100,0,0,1,""
"1997-08-20",3,"POS187",6200,0,0,1,""
"1997-08-21",1,"POS188",10,18,0,1,""
"1997-08-21",1,"POS188",40,35,0,1,""
"1997-08-21",1,"POS188",340,3,0,1,""
"1997-08-21",1,"POS188",598,12,0,1,""
"1997-08-21",1,"POS188",4210,17,0,1,""
"1997-08-21",1,"POS188",6100,1,0,1,""
"1997-08-21",1,"POS188",6200,0,0,1,""
"1997-08-21",2,"POS189",10,79,0,1,""
"1997-08-21",2,"POS189",40,43,0,1,""
"1997-08-21",2,"POS189",340,6,0,1,""
"1997-08-21",2,"POS189",505,8,0,1,""
"1997-08-21",2,"POS189",598,10,0,1,""
"1997-08-21",2,"POS189",2220,0,0,1,""
"1997-08-21",2,"POS189",2520,3,0,1,""
"1997-08-21",2,"POS189",4210,21,0,1,""
"1997-08-21",2,"POS189",4320,3,0,1,""
"1997-08-21",2,"POS189",6100,2,0,1,""
"1997-08-21",3,"POS190",10,13,0,1,""
"1997-08-21",3,"POS190",40,29,0,1,""
"1997-08-21",3,"POS190",340,10,0,1,""
"1997-08-21",3,"POS190",505,2,0,1,""
"1997-08-21",3,"POS190",598,9,0,1,""
"1997-08-21",3,"POS190",2220,0,0,1,""
"1997-08-21",3,"POS190",4210,17,0,1,""
"1997-08-21",3,"POS190",4310,5,0,1,""
"1997-08-21",4,"POS191",10,10,0,1,""
"1997-08-21",4,"POS191",40,22,0,1,""
"1997-08-21",4,"POS191",313,3,0,1,""
"1997-08-21",4,"POS191",340,3,0,1,""
"1997-08-21",4,"POS191",505,2,0,1,""
"1997-08-21",4,"POS191",598,5,0,1,""
"1997-08-21",4,"POS191",2220,0,0,1,""
"1997-08-21",4,"POS191",4210,11,0,1,""
"1997-08-21",4,"POS191",4300,0,0,1,""
"1997-08-21",5,"POS192",10,11,0,1,""
"1997-08-21",5,"POS192",40,38,0,1,""
"1997-08-21",5,"POS192",340,10,0,1,""
"1997-08-21",5,"POS192",505,1,0,1,""
"1997-08-21",5,"POS192",598,6,0,1,""
"1997-08-21",5,"POS192",2220,0,0,1,""
"1997-08-21",5,"POS192",4210,10,0,1,""
"1997-08-21",5,"POS192",6100,1,0,1,""
"1997-08-21",5,"POS192",6400,42,0,1,""
"1997-08-21",6,"POS193",10,2,0,1,""
"1997-08-21",6,"POS193",40,33,0,1,""
"1997-08-21",6,"POS193",50,5,0,1,""
"1997-08-21",6,"POS193",118,4,0,1,""
"1997-08-21",6,"POS193",313,55,0,1,""
"1997-08-21",6,"POS193",598,10,0,1,""
"1997-08-21",6,"POS193",2220,0,0,1,""
"1997-08-21",6,"POS193",2520,24,0,1,""
"1997-08-21",6,"POS193",4310,0,0,1,""
"1997-08-21",6,"POS193",6100,16,0,1,""
"1997-08-21",6,"POS193",6400,10,0,1,""
"1997-08-21",6,"POS193",8600,0,0,1,""
"1997-08-22",2,"POS195",10,27,0,1,""
"1997-08-22",2,"POS195",40,130,0,1,""
"1997-08-22",2,"POS195",50,1,0,1,""
"1997-08-22",2,"POS195",313,10,0,1,""
"1997-08-22",2,"POS195",501,1,0,1,""
"1997-08-22",2,"POS195",505,1,0,1,""
"1997-08-22",2,"POS195",598,2,0,1,""
"1997-08-22",2,"POS195",2220,0,0,1,""
"1997-08-22",2,"POS195",2520,22,0,1,""
"1997-08-22",2,"POS195",6100,21,0,1,""
"1997-08-22",3,"POS196",10,10,0,1,""
"1997-08-22",3,"POS196",40,64,0,1,""
"1997-08-22",3,"POS196",60,17,0,1,""
"1997-08-22",3,"POS196",313,7,0,1,""
"1997-08-22",3,"POS196",320,2,0,1,""
"1997-08-22",3,"POS196",598,11,0,1,""
"1997-08-22",3,"POS196",2220,0,0,1,""
"1997-08-22",3,"POS196",2520,3,0,1,""
"1997-08-22",3,"POS196",6100,2,0,1,""
"1997-08-22",3,"POS196",6400,7,0,1,""
"1997-08-22",4,"POS197",10,3,0,1,""
"1997-08-22",4,"POS197",40,18,0,1,""
"1997-08-22",4,"POS197",313,17,0,1,""
"1997-08-22",4,"POS197",505,2,0,1,""
"1997-08-22",4,"POS197",598,12,0,1,""
"1997-08-22",4,"POS197",2220,0,0,1,""
"1997-08-22",4,"POS197",4210,11,0,1,""
"1997-08-22",4,"POS197",6100,0,0,1,""
"1997-08-22",5,"POS198",10,11,0,1,""
"1997-08-22",5,"POS198",40,24,0,1,""
"1997-08-22",5,"POS198",60,19,0,1,""
"1997-08-22",5,"POS198",313,7,0,1,""
"1997-08-22",5,"POS198",340,5,0,1,""
"1997-08-22",5,"POS198",505,2,0,1,""
"1997-08-22",5,"POS198",598,12,0,1,""
"1997-08-22",5,"POS198",2220,0,0,1,""
"1997-08-22",5,"POS198",2520,12,0,1,""
"1997-08-22",5,"POS198",6100,0,0,1,""
"1997-08-22",6,"POS199",10,16,0,1,""
"1997-08-22",6,"POS199",40,33,0,1,""
"1997-08-22",6,"POS199",60,21,0,1,""
"1997-08-22",6,"POS199",313,10,0,1,""
"1997-08-22",6,"POS199",340,3,0,1,""
"1997-08-22",6,"POS199",598,11,0,1,""
"1997-08-22",6,"POS199",2220,0,0,1,""
"1997-08-22",6,"POS199",2520,9,0,1,""
"1997-08-22",6,"POS199",4210,4,0,1,""
"1997-08-22",6,"POS199",6100,0,0,1,""
"1997-08-22",6,"POS199",6400,16,0,1,""
"1997-08-26",2,"POS201",10,2,0,1,""
"1997-08-26",2,"POS201",40,2,0,1,""
"1997-08-26",2,"POS201",202,2,0,1,""
"1997-08-26",2,"POS201",313,34,0,1,""
"1997-08-26",2,"POS201",1823,4,0,1,""
"1997-08-26",2,"POS201",2220,0,0,1,""
"1997-08-26",2,"POS201",2520,23,0,1,""
"1997-08-26",2,"POS201",4320,75,0,1,""
"1997-08-26",2,"POS201",6100,2,0,1,""
"1997-08-26",2,"POS201",6400,33,0,1,""
"1997-08-26",2,"POS201",8600,0,0,1,""
"1997-08-26",3,"POS202",35,1,0,1,""
"1997-08-26",3,"POS202",202,1,0,1,""
"1997-08-26",3,"POS202",2220,0,0,1,""
"1997-08-26",3,"POS202",2520,2,0,1,""
"1997-08-26",3,"POS202",2523,1,0,1,""
"1997-08-26",3,"POS202",4320,2,0,1,""
"1997-08-26",3,"POS202",6100,2,0,1,""
"1997-08-26",3,"POS202",8300,0,0,1,""
"1997-08-26",4,"POS203",40,8,0,1,""
"1997-08-26",4,"POS203",50,1,0,1,""
"1997-08-26",4,"POS203",202,1,0,1,""
"1997-08-26",4,"POS203",313,3,0,1,""
"1997-08-26",4,"POS203",598,1,0,1,""
"1997-08-26",4,"POS203",2520,4,0,1,""
"1997-08-26",4,"POS203",2523,1,0,1,""
"1997-08-26",4,"POS203",4320,3,0,1,""
"1997-08-26",4,"POS203",6400,10,0,1,""
"1997-08-26",4,"POS203",8300,0,0,1,""
"1997-08-26",5,"POS204",40,1,0,1,""
"1997-08-26",5,"POS204",202,2,0,1,""
"1997-08-26",5,"POS204",2520,3,0,1,""
"1997-08-26",5,"POS204",2523,1,0,1,""
"1997-08-26",5,"POS204",6100,2,0,1,""
"1997-08-26",5,"POS204",6400,9,0,1,""
"1997-08-26",5,"POS204",8300,0,0,1,""
"1997-08-26",5,"POS204",8500,1,0,1,""
"1997-08-26",5,"POS204",8600,0,0,1,""
"1997-08-26",6,"POS205",40,1,0,1,""
"1997-08-26",6,"POS205",313,7,0,1,""
"1997-08-26",6,"POS205",320,1,0,1,""
"1997-08-26",6,"POS205",1823,67,0,1,""
"1997-08-26",6,"POS205",2220,0,0,1,""
"1997-08-26",6,"POS205",2520,8,0,1,""
"1997-08-26",6,"POS205",4320,4,0,1,""
"1997-08-26",6,"POS205",6100,0,0,1,""
"1997-08-26",6,"POS205",6400,6,0,1,""
"1997-08-26",6,"POS205",8600,0,0,1,""
"1997-08-26",7,"POS206",40,11,0,1,""
"1997-08-26",7,"POS206",1823,2,0,1,""
"1997-08-26",7,"POS206",2520,2,0,1,""
"1997-08-26",7,"POS206",4320,4,0,1,""
"1997-08-26",7,"POS206",6100,4,0,1,""
"1997-08-26",7,"POS206",6200,0,0,1,""
"1997-08-26",7,"POS206",6400,47,0,1,""
"1997-08-26",7,"POS206",6500,3,0,1,""
"1997-08-26",7,"POS206",8300,2,0,1,""
"1997-08-26",8,"POS207",1823,1,0,1,""
"1997-08-26",8,"POS207",6200,0,0,1,""
"1997-08-26",8,"POS207",8300,3,0,1,""
"1997-08-26",9,"POS208",10,4,0,1,""
"1997-08-26",9,"POS208",40,41,0,1,""
"1997-08-26",9,"POS208",202,16,0,1,""
"1997-08-26",9,"POS208",313,1,0,1,""
"1997-08-26",9,"POS208",2220,0,0,1,""
"1997-08-26",9,"POS208",6100,2,0,1,""
"1997-08-26",9,"POS208",6200,0,0,1,""
"1997-08-26",9,"POS208",6300,8,0,1,""
"1997-08-26",9,"POS208",6400,10,0,1,""
"1997-08-26",9,"POS208",6500,4,0,1,""
"1997-08-26",9,"POS208",8300,1,0,1,""
"1997-08-26",10,"POS209",10,2,0,1,""
"1997-08-26",10,"POS209",40,23,0,1,""
"1997-08-26",10,"POS209",313,2,0,1,""
"1997-08-26",10,"POS209",2520,7,0,1,""
"1997-08-26",10,"POS209",6100,1,0,1,""
"1997-08-26",10,"POS209",6200,0,0,1,""
"1997-08-26",10,"POS209",6300,2,0,1,""
"1997-08-26",10,"POS209",6400,7,0,1,""
"1997-08-26",10,"POS209",6500,14,0,1,""
"1997-08-26",11,"POS210",10,2,0,1,""
"1997-08-26",11,"POS210",40,63,0,1,""
"1997-08-26",11,"POS210",202,2,0,1,""
"1997-08-26",11,"POS210",313,1,0,1,""
"1997-08-26",11,"POS210",340,1,0,1,""
"1997-08-26",11,"POS210",2220,0,0,1,""
"1997-08-26",11,"POS210",2520,14,0,1,""
"1997-08-26",11,"POS210",6100,3,0,1,""
"1997-08-26",11,"POS210",6200,0,0,1,""
"1997-08-26",11,"POS210",6300,0,0,1,""
"1997-08-26",11,"POS210",6400,40,0,1,""
"1997-08-26",11,"POS210",6500,60,0,1,""
"1997-08-26",11,"POS210",6600,1,0,1,""
"1997-08-26",12,"POS211",40,26,0,1,""
"1997-08-26",12,"POS211",202,2,0,1,""
"1997-08-26",12,"POS211",1823,1,0,1,""
"1997-08-26",12,"POS211",2520,3,0,1,""
"1997-08-26",12,"POS211",6100,6,0,1,""
"1997-08-26",12,"POS211",6400,52,0,1,""
"1997-08-26",12,"POS211",6500,4,0,1,""
"1997-08-26",12,"POS211",6600,6,0,1,""
"1997-08-26",12,"POS211",8300,2,0,1,""
"1997-08-26",12,"POS211",8600,1,0,1,""
"1997-08-26",13,"POS212",10,19,0,1,""
"1997-08-26",13,"POS212",40,5,0,1,""
"1997-08-26",13,"POS212",202,6,0,1,""
"1997-08-26",13,"POS212",313,1,0,1,""
"1997-08-26",13,"POS212",2220,0,0,1,""
"1997-08-26",13,"POS212",2523,1,0,1,""
"1997-08-26",13,"POS212",6100,2,0,1,""
"1997-08-26",13,"POS212",6200,0,0,1,""
"1997-08-26",13,"POS212",6400,40,0,1,""
"1997-08-26",13,"POS212",8300,0,0,1,""
"1997-08-26",13,"POS212",8600,2,0,1,""
"1997-08-27",1,"POS213",10,12,0,1,""
"1997-08-27",1,"POS213",40,22,0,1,""
"1997-08-27",1,"POS213",202,6,0,1,""
"1997-08-27",1,"POS213",313,4,0,1,""
"1997-08-27",1,"POS213",340,1,0,1,""
"1997-08-27",1,"POS213",2523,2,0,1,""
"1997-08-27",1,"POS213",4320,2,0,1,""
"1997-08-27",1,"POS213",6300,0,0,1,""
"1997-08-27",1,"POS213",6400,32,0,1,""
"1997-08-27",1,"POS213",6600,3,0,1,""
"1997-08-27",2,"POS214",10,13,0,1,""
"1997-08-27",2,"POS214",40,21,0,1,""
"1997-08-27",2,"POS214",202,2,0,1,""
"1997-08-27",2,"POS214",1823,4,0,1,""
"1997-08-27",2,"POS214",2220,0,0,1,""
"1997-08-27",2,"POS214",2520,9,0,1,""
"1997-08-27",2,"POS214",4320,6,0,1,""
"1997-08-27",2,"POS214",6100,3,0,1,""
"1997-08-27",2,"POS214",6400,57,0,1,""
"1997-08-27",2,"POS214",6500,5,0,1,""
"1997-08-27",2,"POS214",6600,2,0,1,""
"1997-08-27",3,"POS215",40,35,0,1,""
"1997-08-27",3,"POS215",202,3,0,1,""
"1997-08-27",3,"POS215",1823,3,0,1,""
"1997-08-27",3,"POS215",2520,14,0,1,""
"1997-08-27",3,"POS215",6400,12,0,1,""
"1997-08-27",3,"POS215",6500,32,0,1,""
"1997-08-27",3,"POS215",6600,1,0,1,""
"1997-08-27",3,"POS215",8600,1,0,1,""
"1997-08-27",4,"POS216",40,36,0,1,""
"1997-08-27",4,"POS216",202,1,0,1,""
"1997-08-27",4,"POS216",1823,10,0,1,""
"1997-08-27",4,"POS216",2220,0,0,1,""
"1997-08-27",4,"POS216",2520,11,0,1,""
"1997-08-27",4,"POS216",6300,9,0,1,""
"1997-08-27",4,"POS216",6400,17,0,1,""
"1997-08-27",5,"POS217",10,1,0,1,""
"1997-08-27",5,"POS217",40,34,0,1,""
"1997-08-27",5,"POS217",202,3,0,1,""
"1997-08-27",5,"POS217",2520,1,0,1,""
"1997-08-27",5,"POS217",6100,2,0,1,""
"1997-08-27",5,"POS217",6200,0,0,1,""
"1997-08-27",5,"POS217",6300,0,0,1,""
"1997-08-27",5,"POS217",6400,39,0,1,""
"1997-08-27",5,"POS217",6500,1,0,1,""
"1997-08-27",5,"POS217",6600,2,0,1,""
"1997-08-27",6,"POS218",10,44,0,1,""
"1997-08-27",6,"POS218",40,60,0,1,""
"1997-08-27",6,"POS218",202,3,0,1,""
"1997-08-27",6,"POS218",2220,0,0,1,""
"1997-08-27",6,"POS218",2520,3,0,1,""
"1997-08-27",6,"POS218",4210,2,0,1,""
"1997-08-27",6,"POS218",6100,4,0,1,""
"1997-08-27",6,"POS218",6200,0,0,1,""
"1997-08-27",6,"POS218",6400,20,0,1,""
"1997-08-27",6,"POS218",6500,5,0,1,""
"1997-08-27",6,"POS218",6600,2,0,1,""
"1997-08-27",6,"POS218",8600,0,0,1,""
"1997-08-28",1,"POS219",10,2,0,1,""
"1997-08-28",1,"POS219",40,60,0,1,""
"1997-08-28",1,"POS219",41,1,0,1,""
"1997-08-28",1,"POS219",202,1,0,1,""
"1997-08-28",1,"POS219",340,1,0,1,""
"1997-08-28",1,"POS219",2220,24,0,1,""
"1997-08-28",1,"POS219",2520,13,0,1,""
"1997-08-28",1,"POS219",6100,20,0,1,""
"1997-08-28",1,"POS219",6200,100,0,1,""
"1997-08-28",1,"POS219",6400,25,0,1,""
"1997-08-28",1,"POS219",6500,12,0,1,""
"1997-08-28",2,"POS220",10,2,0,1,""
"1997-08-28",2,"POS220",40,200,0,1,""
"1997-08-28",2,"POS220",41,2,0,1,""
"1997-08-28",2,"POS220",202,2,0,1,""
"1997-08-28",2,"POS220",340,3,0,1,""
"1997-08-28",2,"POS220",2560,8,0,1,""
"1997-08-28",2,"POS220",6100,3,0,1,""
"1997-08-28",2,"POS220",6200,500,0,1,""
"1997-08-28",2,"POS220",6400,7,0,1,""
"1997-08-28",2,"POS220",8500,2,0,1,""
"1997-08-28",3,"POS221",40,150,0,1,""
"1997-08-28",3,"POS221",202,1,0,1,""
"1997-08-28",3,"POS221",2220,27,0,1,""
"1997-08-28",3,"POS221",2560,8,0,1,""
"1997-08-28",3,"POS221",6100,9,0,1,""
"1997-08-28",3,"POS221",6110,12,0,1,""
"1997-08-28",3,"POS221",6200,500,0,1,""
"1997-08-28",4,"POS222",40,90,0,1,""
"1997-08-28",4,"POS222",41,1,0,1,""
"1997-08-28",4,"POS222",202,1,0,1,""
"1997-08-28",4,"POS222",4210,6,0,1,""
"1997-08-28",4,"POS222",4514,1,0,1,""
"1997-08-28",4,"POS222",4521,1,0,1,""
"1997-08-28",4,"POS222",6100,5,0,1,""
"1997-08-28",4,"POS222",6400,11,0,1,""
"1997-08-28",5,"POS223",10,11,0,1,""
"1997-08-28",5,"POS223",40,40,0,1,""
"1997-08-28",5,"POS223",202,8,0,1,""
"1997-08-28",5,"POS223",1823,7,0,1,""
"1997-08-28",5,"POS223",2220,4,0,1,""
"1997-08-28",5,"POS223",2520,1,0,1,""
"1997-08-28",5,"POS223",6100,5,0,1,""
"1997-08-28",5,"POS223",6300,2,0,1,""
"1997-08-28",5,"POS223",6400,30,0,1,""
"1997-08-28",5,"POS223",6600,4,0,1,""
"1997-08-28",5,"POS223",8600,2,0,1,""
"1997-08-28",6,"POS224",40,150,0,1,""
"1997-08-28",6,"POS224",202,1,0,1,""
"1997-08-28",6,"POS224",1823,2,0,1,""
"1997-08-28",6,"POS224",6100,3,0,1,""
"1997-08-28",6,"POS224",6110,6,0,1,""
"1997-08-28",6,"POS224",6400,13,0,1,""
"1997-08-28",7,"POS225",10,2,0,1,""
"1997-08-28",7,"POS225",40,41,0,1,""
"1997-08-28",7,"POS225",202,2,0,1,""
"1997-08-28",7,"POS225",313,1,0,1,""
"1997-08-28",7,"POS225",6100,4,0,1,""
"1997-08-28",7,"POS225",6400,53,0,1,""
"1997-08-28",8,"POS226",10,11,0,1,""
"1997-08-28",8,"POS226",40,39,0,1,""
"1997-08-28",8,"POS226",202,1,0,1,""
"1997-08-28",8,"POS226",1823,26,0,1,""
"1997-08-28",8,"POS226",2520,8,0,1,""
"1997-08-28",8,"POS226",6100,7,0,1,""
"1997-08-28",8,"POS226",6400,30,0,1,""
"1997-08-28",9,"POS227",40,8,0,1,""
"1997-08-28",9,"POS227",42,4,0,1,""
"1997-08-28",9,"POS227",202,1,0,1,""
"1997-08-28",9,"POS227",313,1,0,1,""
"1997-08-28",9,"POS227",1823,12,0,1,""
"1997-08-28",9,"POS227",2520,2,0,1,""
"1997-08-28",9,"POS227",2560,0,0,1,""
"1997-08-28",9,"POS227",6100,1,0,1,""
"1997-08-28",9,"POS227",6500,6,0,1,""
"1997-08-28",10,"POS228",10,1,0,1,""
"1997-08-28",10,"POS228",40,56,0,1,""
"1997-08-28",10,"POS228",202,20,0,1,""
"1997-08-28",10,"POS228",598,1,0,1,""
"1997-08-28",10,"POS228",1823,2,0,1,""
"1997-08-28",10,"POS228",6200,25,0,1,""
"1997-08-28",11,"POS229",10,7,0,1,""
"1997-08-28",11,"POS229",40,21,0,1,""
"1997-08-28",11,"POS229",202,9,0,1,""
"1997-08-28",11,"POS229",1823,44,0,1,""
"1997-08-28",11,"POS229",2520,7,0,1,""
"1997-08-28",11,"POS229",4321,3,0,1,""
"1997-08-28",11,"POS229",6100,10,0,1,""
"1997-08-28",11,"POS229",6300,2,0,1,""
"1997-08-28",11,"POS229",6400,58,0,1,""
"1997-08-28",11,"POS229",6600,1,0,1,""
"1997-08-28",11,"POS229",8600,1,0,1,""
"1997-08-28",12,"POS230",10,1,0,1,""
"1997-08-28",12,"POS230",40,16,0,1,""
"1997-08-28",12,"POS230",202,1,0,1,""
"1997-08-28",12,"POS230",313,3,0,1,""
"1997-08-28",12,"POS230",598,1,0,1,""
"1997-08-28",12,"POS230",1823,9,0,1,""
"1997-08-28",12,"POS230",6200,7,0,1,""
"1997-08-28",12,"POS230",6300,119,0,1,""
"1997-08-28",12,"POS230",6400,5,0,1,""
"1997-08-28",12,"POS230",6500,3,0,1,""
"1997-08-28",12,"POS230",6600,1,0,1,""
"1997-08-28",12,"POS230",8300,1,0,1,""
"1997-08-28",12,"POS230",8600,6,0,1,""
"1997-08-28",13,"POS231",35,18,0,1,""
"1997-08-28",13,"POS231",40,24,0,1,""
"1997-08-28",13,"POS231",41,7,0,1,""
"1997-08-28",13,"POS231",202,11,0,1,""
"1997-08-28",13,"POS231",505,2,0,1,""
"1997-08-28",13,"POS231",2220,3,0,1,""
"1997-08-28",13,"POS231",2560,14,0,1,""
"1997-08-28",13,"POS231",4210,2,0,1,""
"1997-08-28",13,"POS231",4320,1,0,1,""
"1997-08-28",13,"POS231",4521,1,0,1,""
"1997-08-28",13,"POS231",6110,4,0,1,""
"1997-08-28",13,"POS231",6300,1,0,1,""
"1997-08-28",13,"POS231",6400,12,0,1,""
"1997-08-28",13,"POS231",8600,1,0,1,""
"1997-08-28",14,"POS232",35,3,0,1,""
"1997-08-28",14,"POS232",40,27,0,1,""
"1997-08-28",14,"POS232",41,11,0,1,""
"1997-08-28",14,"POS232",202,3,0,1,""
"1997-08-28",14,"POS232",598,2,0,1,""
"1997-08-28",14,"POS232",2220,4,0,1,""
"1997-08-28",14,"POS232",2560,14,0,1,""
"1997-08-28",14,"POS232",4210,20,0,1,""
"1997-08-28",14,"POS232",6110,2,0,1,""
"1997-08-28",14,"POS232",6400,9,0,1,""
"1997-08-29",1,"POS234",10,14,0,1,""
"1997-08-29",1,"POS234",23,3,0,1,""
"1997-08-29",1,"POS234",31,5,0,1,""
"1997-08-29",1,"POS234",35,12,0,1,""
"1997-08-29",1,"POS234",40,75,0,1,""
"1997-08-29",1,"POS234",41,33,0,1,""
"1997-08-29",1,"POS234",64,11,0,1,""
"1997-08-29",1,"POS234",202,12,0,1,""
"1997-08-29",1,"POS234",313,5,0,1,""
"1997-08-29",1,"POS234",340,2,0,1,""
"1997-08-29",1,"POS234",598,4,0,1,""
"1997-08-29",1,"POS234",2220,14,0,1,""
"1997-08-29",1,"POS234",2560,6,0,1,""
"1997-08-29",1,"POS234",4210,7,0,1,""
"1997-08-29",1,"POS234",6100,3,0,1,""
"1997-08-29",1,"POS234",6110,4,0,1,""
"1997-08-29",1,"POS234",6300,3,0,1,""
"1997-08-29",1,"POS234",6400,20,0,1,""
"1997-08-29",1,"POS234",6600,3,0,1,""
"1997-08-29",1,"POS234",8300,6,0,1,""
"1997-08-29",2,"POS235",23,2,0,1,""
"1997-08-29",2,"POS235",40,18,0,1,""
"1997-08-29",2,"POS235",41,4,0,1,""
"1997-08-29",2,"POS235",50,1,0,1,""
"1997-08-29",2,"POS235",202,6,0,1,""
"1997-08-29",2,"POS235",340,3,0,1,""
"1997-08-29",2,"POS235",598,3,0,1,""
"1997-08-29",2,"POS235",6100,5,0,1,""
"1997-08-29",2,"POS235",6400,50,0,1,""
"1997-08-29",2,"POS235",8300,3,0,1,""
"1997-08-29",3,"POS236",10,14,0,1,""
"1997-08-29",3,"POS236",23,8,0,1,""
"1997-08-29",3,"POS236",40,65,0,1,""
"1997-08-29",3,"POS236",41,4,0,1,""
"1997-08-29",3,"POS236",202,7,0,1,""
"1997-08-29",3,"POS236",340,2,0,1,""
"1997-08-29",3,"POS236",2520,9,0,1,""
"1997-08-29",3,"POS236",6100,13,0,1,""
"1997-08-29",3,"POS236",6300,1,0,1,""
"1997-08-29",3,"POS236",6400,106,0,1,""
"1997-08-29",3,"POS236",6500,12,0,1,""
"1997-08-29",4,"POS237",10,2,0,1,""
"1997-08-29",4,"POS237",23,2,0,1,""
"1997-08-29",4,"POS237",31,3,0,1,""
"1997-08-29",4,"POS237",40,38,0,1,""
"1997-08-29",4,"POS237",41,12,0,1,""
"1997-08-29",4,"POS237",60,1,0,1,""
"1997-08-29",4,"POS237",313,1,0,1,""
"1997-08-29",4,"POS237",340,5,0,1,""
"1997-08-29",4,"POS237",505,4,0,1,""
"1997-08-29",4,"POS237",598,4,0,1,""
"1997-08-29",4,"POS237",2220,6,0,1,""
"1997-08-29",4,"POS237",2560,2,0,1,""
"1997-08-29",4,"POS237",6100,5,0,1,""
"1997-08-29",4,"POS237",6300,6,0,1,""
"1997-08-29",4,"POS237",6400,7,0,1,""
"1997-08-29",4,"POS237",8300,2,0,1,""
"1997-08-29",5,"POS238",40,66,0,1,""
"1997-08-29",5,"POS238",41,7,0,1,""
"1997-08-29",5,"POS238",313,4,0,1,""
"1997-08-29",5,"POS238",501,1,0,1,""
"1997-08-29",5,"POS238",598,8,0,1,""
"1997-08-29",5,"POS238",2220,4,0,1,""
"1997-08-29",5,"POS238",4210,9,0,1,""
"1997-08-29",5,"POS238",6100,7,0,1,""
"1997-08-29",5,"POS238",6200,100,0,1,""
"1997-08-29",5,"POS238",6300,18,0,1,""
"1997-08-29",5,"POS238",6400,3,0,1,""
"1997-08-29",7,"POS240",10,21,0,1,""
"1997-08-29",7,"POS240",40,16,0,1,""
"1997-08-29",7,"POS240",41,3,0,1,""
"1997-08-29",7,"POS240",50,1,0,1,""
"1997-08-29",7,"POS240",202,7,0,1,""
"1997-08-29",7,"POS240",1823,44,0,1,""
"1997-08-29",7,"POS240",2520,2,0,1,""
"1997-08-29",7,"POS240",4321,1,0,1,""
"1997-08-29",7,"POS240",6100,5,0,1,""
"1997-08-29",7,"POS240",6300,9,0,1,""
"1997-08-29",7,"POS240",6400,75,0,1,""
"1997-08-29",8,"POS241",10,15,0,1,""
"1997-08-29",8,"POS241",40,56,0,1,""
"1997-08-29",8,"POS241",41,18,0,1,""
"1997-08-29",8,"POS241",60,1,0,1,""
"1997-08-29",8,"POS241",313,1,0,1,""
"1997-08-29",8,"POS241",340,1,0,1,""
"1997-08-29",8,"POS241",505,1,0,1,""
"1997-08-29",8,"POS241",598,5,0,1,""
"1997-08-29",8,"POS241",6100,16,0,1,""
"1997-08-29",8,"POS241",6300,18,0,1,""
"1997-08-29",8,"POS241",6400,15,0,1,""
"1997-08-29",8,"POS241",6600,1,0,1,""
"1997-08-29",8,"POS241",8600,1,0,1,""
"1997-08-29",9,"POS242",10,22,0,1,""
"1997-08-29",9,"POS242",40,13,0,1,""
"1997-08-29",9,"POS242",41,2,0,1,""
"1997-08-29",9,"POS242",50,1,0,1,""
"1997-08-29",9,"POS242",313,6,0,1,""
"1997-08-29",9,"POS242",598,4,0,1,""
"1997-08-29",9,"POS242",1823,3,0,1,""
"1997-08-29",9,"POS242",2520,12,0,1,""
"1997-08-29",9,"POS242",4320,1,0,1,""
"1997-08-29",9,"POS242",6100,5,0,1,""
"1997-08-29",9,"POS242",6300,7,0,1,""
"1997-08-29",9,"POS242",6400,150,0,1,""
"1997-09-01",1,"POS243",10,10,0,1,""
"1997-09-01",1,"POS243",23,3,0,1,""
"1997-09-01",1,"POS243",40,35,0,1,""
"1997-09-01",1,"POS243",41,11,0,1,""
"1997-09-01",1,"POS243",50,1,0,1,""
"1997-09-01",1,"POS243",202,3,0,1,""
"1997-09-01",1,"POS243",313,2,0,1,""
"1997-09-01",1,"POS243",598,3,0,1,""
"1997-09-01",1,"POS243",1823,6,0,1,""
"1997-09-01",1,"POS243",2220,15,0,1,""
"1997-09-01",1,"POS243",2520,9,0,1,""
"1997-09-01",1,"POS243",3212,1,0,1,""
"1997-09-01",1,"POS243",4210,10,0,1,""
"1997-09-01",1,"POS243",6100,16,0,1,""
"1997-09-01",1,"POS243",6200,1000,0,1,""
"1997-09-01",1,"POS243",6300,8,0,1,""
"1997-09-01",1,"POS243",6400,70,0,1,""
"1997-09-01",2,"POS244",10,7,0,1,""
"1997-09-01",2,"POS244",40,47,0,1,""
"1997-09-01",2,"POS244",118,1,0,1,""
"1997-09-01",2,"POS244",202,2,0,1,""
"1997-09-01",2,"POS244",313,1,0,1,""
"1997-09-01",2,"POS244",2220,5,0,1,""
"1997-09-01",2,"POS244",2560,3,0,1,""
"1997-09-01",2,"POS244",4210,7,0,1,""
"1997-09-01",2,"POS244",6100,17,0,1,""
"1997-09-01",2,"POS244",6300,4,0,1,""
"1997-09-01",2,"POS244",6400,16,0,1,""
"1997-09-01",2,"POS244",8300,4,0,1,""
"1997-09-01",3,"POS245",10,7,0,1,""
"1997-09-01",3,"POS245",40,54,0,1,""
"1997-09-01",3,"POS245",598,2,0,1,""
"1997-09-01",3,"POS245",2220,7,0,1,""
"1997-09-01",3,"POS245",2520,10,0,1,""
"1997-09-01",3,"POS245",4210,3,0,1,""
"1997-09-01",3,"POS245",6100,83,0,1,""
"1997-09-01",3,"POS245",6300,31,0,1,""
"1997-09-01",3,"POS245",6400,200,0,1,""
"1997-09-01",3,"POS245",6600,1,0,1,""
"1997-09-01",3,"POS245",8600,2,0,1,""
"1997-09-01",4,"POS246",40,50,0,1,""
"1997-09-01",4,"POS246",4210,6,0,1,""
"1997-09-01",4,"POS246",4310,6,0,1,""
"1997-09-01",4,"POS246",6100,8,0,1,""
"1997-09-01",4,"POS246",6300,6,0,1,""
"1997-09-01",6,"POS248",10,10,0,1,""
"1997-09-01",6,"POS248",40,55,0,1,""
"1997-09-01",6,"POS248",60,1,0,1,""
"1997-09-01",6,"POS248",313,1,0,1,""
"1997-09-01",6,"POS248",2220,31,0,1,""
"1997-09-01",6,"POS248",2520,52,0,1,""
"1997-09-01",6,"POS248",3212,1,0,1,""
"1997-09-01",6,"POS248",6100,13,0,1,""
"1997-09-01",6,"POS248",6300,10,0,1,""
"1997-09-01",6,"POS248",6400,67,0,1,""
"1997-09-01",6,"POS248",6500,4,0,1,""
"1997-09-01",6,"POS248",8300,1,0,1,""
"1997-09-01",7,"POS249",10,2,0,1,""
"1997-09-01",7,"POS249",40,11,0,1,""
"1997-09-01",7,"POS249",340,1,0,1,""
"1997-09-01",7,"POS249",2220,16,0,1,""
"1997-09-01",7,"POS249",2520,1,0,1,""
"1997-09-01",7,"POS249",6100,4,0,1,""
"1997-09-01",7,"POS249",6200,50,0,1,""
"1997-09-01",7,"POS249",6300,4,0,1,""
"1997-09-01",7,"POS249",6500,4,0,1,""
"1997-09-01",7,"POS249",8500,1,0,1,""
"1997-09-01",8,"POS250",10,21,0,1,""
"1997-09-01",8,"POS250",35,1,0,1,""
"1997-09-01",8,"POS250",40,77,0,1,""
"1997-09-01",8,"POS250",2220,27,0,1,""
"1997-09-01",8,"POS250",2520,1,0,1,""
"1997-09-01",8,"POS250",4310,2,0,1,""
"1997-09-01",8,"POS250",6100,4,0,1,""
"1997-09-01",8,"POS250",6200,50,0,1,""
"1997-09-01",8,"POS250",6500,14,0,1,""
"1997-09-01",8,"POS250",8500,1,0,1,""
"1997-09-01",9,"POS251",10,30,0,1,""
"1997-09-01",9,"POS251",40,69,0,1,""
"1997-09-01",9,"POS251",202,1,0,1,""
"1997-09-01",9,"POS251",2220,20,0,1,""
"1997-09-01",9,"POS251",2520,2,0,1,""
"1997-09-01",9,"POS251",4310,1,0,1,""
"1997-09-01",9,"POS251",6100,14,0,1,""
"1997-09-01",9,"POS251",6200,100,0,1,""
"1997-09-01",9,"POS251",6300,9,0,1,""
"1997-09-01",9,"POS251",6400,8,0,1,""
"1997-09-01",9,"POS251",6500,65,0,1,""
"1997-09-01",9,"POS251",8600,6,0,1,""
"1997-09-01",10,"POS252",10,8,0,1,""
"1997-09-01",10,"POS252",35,2,0,1,""
"1997-09-01",10,"POS252",40,46,0,1,""
"1997-09-01",10,"POS252",202,2,0,1,""
"1997-09-01",10,"POS252",2220,40,0,1,""
"1997-09-01",10,"POS252",2520,32,0,1,""
"1997-09-01",10,"POS252",4210,1,0,1,""
"1997-09-01",10,"POS252",6100,14,0,1,""
"1997-09-01",10,"POS252",6200,500,0,1,""
"1997-09-01",10,"POS252",6300,3,0,1,""
"1997-09-01",10,"POS252",6400,88,0,1,""
"1997-09-01",10,"POS252",6500,42,0,1,""
"1997-09-01",10,"POS252",8500,1,0,1,""
"1997-09-01",11,"POS253",10,14,0,1,""
"1997-09-01",11,"POS253",40,40,0,1,""
"1997-09-01",11,"POS253",202,1,0,1,""
"1997-09-01",11,"POS253",313,7,0,1,""
"1997-09-01",11,"POS253",2220,9,0,1,""
"1997-09-01",11,"POS253",2520,4,0,1,""
"1997-09-01",11,"POS253",2560,3,0,1,""
"1997-09-01",11,"POS253",4210,1,0,1,""
"1997-09-01",11,"POS253",6100,7,0,1,""
"1997-09-01",11,"POS253",6200,50,0,1,""
"1997-09-01",11,"POS253",6300,3,0,1,""
"1997-09-01",11,"POS253",6500,41,0,1,""
"1997-09-01",11,"POS253",6600,0,0,1,""
"1997-09-01",11,"POS253",8300,1,0,1,""
"1997-09-01",11,"POS253",8600,1,0,1,""
"1997-09-01",12,"POS254",10,5,0,1,""
"1997-09-01",12,"POS254",40,64,0,1,""
"1997-09-01",12,"POS254",2220,10,0,1,""
"1997-09-01",12,"POS254",2520,1,0,1,""
"1997-09-01",12,"POS254",2560,3,0,1,""
"1997-09-01",12,"POS254",6100,27,0,1,""
"1997-09-01",12,"POS254",6110,3,0,1,""
"1997-09-01",12,"POS254",6200,25,0,1,""
"1997-09-01",12,"POS254",6300,1,0,1,""
"1997-09-01",12,"POS254",6400,7,0,1,""
"1997-09-01",12,"POS254",6500,127,0,1,""
"1997-09-01",12,"POS254",8300,4,0,1,""
"1997-09-01",13,"POS255",10,7,0,1,""
"1997-09-01",13,"POS255",40,85,0,1,""
"1997-09-01",13,"POS255",202,1,0,1,""
"1997-09-01",13,"POS255",2220,22,0,1,""
"1997-09-01",13,"POS255",2560,2,0,1,""
"1997-09-01",13,"POS255",4210,1,0,1,""
"1997-09-01",13,"POS255",4514,2,0,1,""
"1997-09-01",13,"POS255",6100,20,0,1,""
"1997-09-01",13,"POS255",6110,2,0,1,""
"1997-09-01",13,"POS255",6200,50,0,1,""
"1997-09-01",13,"POS255",6300,3,0,1,""
"1997-09-01",13,"POS255",6400,6,0,1,""
"1997-09-01",13,"POS255",6500,38,0,1,""
"1997-09-01",13,"POS255",8300,3,0,1,""
"1997-09-01",14,"POS256",40,28,0,1,""
"1997-09-01",14,"POS256",313,1,0,1,""
"1997-09-01",14,"POS256",340,1,0,1,""
"1997-09-01",14,"POS256",2220,9,0,1,""
"1997-09-01",14,"POS256",2520,1,0,1,""
"1997-09-01",14,"POS256",6100,14,0,1,""
"1997-09-01",14,"POS256",6200,50,0,1,""
"1997-09-01",14,"POS256",6300,11,0,1,""
"1997-09-01",14,"POS256",6500,26,0,1,""
"1997-09-01",14,"POS256",8300,2,0,1,""
"1997-09-02",1,"POS257",40,60,0,1,""
"1997-09-02",1,"POS257",41,6,0,1,""
"1997-09-02",1,"POS257",64,1,0,1,""
"1997-09-02",1,"POS257",202,2,0,1,""
"1997-09-02",1,"POS257",313,1,0,1,""
"1997-09-02",1,"POS257",340,2,0,1,""
"1997-09-02",1,"POS257",598,3,0,1,""
"1997-09-02",1,"POS257",2220,11,0,1,""
"1997-09-02",1,"POS257",2560,4,0,1,""
"1997-09-02",1,"POS257",4210,5,0,1,""
"1997-09-02",1,"POS257",6100,2,0,1,""
"1997-09-02",1,"POS257",6200,250,0,1,""
"1997-09-02",1,"POS257",6300,4,0,1,""
"1997-09-02",1,"POS257",6400,9,0,1,""
"1997-09-02",2,"POS258",10,5,0,1,""
"1997-09-02",2,"POS258",23,1,0,1,""
"1997-09-02",2,"POS258",31,1,0,1,""
"1997-09-02",2,"POS258",35,14,0,1,""
"1997-09-02",2,"POS258",40,59,0,1,""
"1997-09-02",2,"POS258",41,14,0,1,""
"1997-09-02",2,"POS258",64,2,0,1,""
"1997-09-02",2,"POS258",202,22,0,1,""
"1997-09-02",2,"POS258",598,4,0,1,""
"1997-09-02",2,"POS258",2220,12,0,1,""
"1997-09-02",2,"POS258",2520,3,0,1,""
"1997-09-02",2,"POS258",2560,14,0,1,""
"1997-09-02",2,"POS258",4210,37,0,1,""
"1997-09-02",2,"POS258",6100,11,0,1,""
"1997-09-02",2,"POS258",6110,6,0,1,""
"1997-09-02",2,"POS258",6200,500,0,1,""
"1997-09-02",2,"POS258",6400,15,0,1,""
"1997-09-02",2,"POS258",8300,6,0,1,""
"1997-09-02",3,"POS259",10,44,0,1,""
"1997-09-02",3,"POS259",23,6,0,1,""
"1997-09-02",3,"POS259",40,15,0,1,""
"1997-09-02",3,"POS259",41,8,0,1,""
"1997-09-02",3,"POS259",50,1,0,1,""
"1997-09-02",3,"POS259",202,4,0,1,""
"1997-09-02",3,"POS259",313,3,0,1,""
"1997-09-02",3,"POS259",340,2,0,1,""
"1997-09-02",3,"POS259",598,5,0,1,""
"1997-09-02",3,"POS259",2220,16,0,1,""
"1997-09-02",3,"POS259",4210,3,0,1,""
"1997-09-02",3,"POS259",6500,1,0,1,""
"1997-09-02",3,"POS259",8600,5,0,1,""
"1997-09-02",4,"POS260",10,25,0,1,""
"1997-09-02",4,"POS260",40,43,0,1,""
"1997-09-02",4,"POS260",41,4,0,1,""
"1997-09-02",4,"POS260",202,1,0,1,""
"1997-09-02",4,"POS260",313,5,0,1,""
"1997-09-02",4,"POS260",598,1,0,1,""
"1997-09-02",4,"POS260",1823,1,0,1,""
"1997-09-02",4,"POS260",2220,4,0,1,""
"1997-09-02",4,"POS260",2520,14,0,1,""
"1997-09-02",4,"POS260",6100,8,0,1,""
"1997-09-02",4,"POS260",6400,46,0,1,""
"1997-09-02",4,"POS260",8300,2,0,1,""
"1997-09-06",1,"POS261",35,1,0,1,""
"1997-09-06",1,"POS261",40,1,0,1,""
"1997-09-06",1,"POS261",41,3,0,1,""
"1997-09-06",1,"POS261",2220,5,0,1,""
"1997-09-06",1,"POS261",2523,1,0,1,""
"1997-09-06",1,"POS261",4210,1,0,1,""
"1997-09-06",1,"POS261",4521,3,0,1,""
"1997-09-06",1,"POS261",6100,1,0,1,""
"1997-09-06",1,"POS261",6400,26,0,1,""
"1997-09-06",2,"POS262",10,2,0,1,""
"1997-09-06",2,"POS262",23,18,0,1,""
"1997-09-06",2,"POS262",202,1,0,1,""
"1997-09-06",2,"POS262",2220,4,0,1,""
"1997-09-06",2,"POS262",6400,4,0,1,""
"1997-09-06",2,"POS262",8500,2,0,1,""
"1997-09-06",2,"POS262",8600,20,0,1,""
"1997-09-06",3,"POS263",23,2,0,1,""
"1997-09-06",3,"POS263",40,17,0,1,""
"1997-09-06",3,"POS263",202,3,0,1,""
"1997-09-06",3,"POS263",6100,3,0,1,""
"1997-09-06",3,"POS263",6200,4,0,1,""
"1997-09-06",3,"POS263",6300,1,0,1,""
"1997-09-06",3,"POS263",6500,3,0,1,""
"1997-09-06",3,"POS263",8500,1,0,1,""
"1997-09-06",3,"POS263",8600,7,0,1,""
"1997-09-06",4,"POS264",10,7,0,1,""
"1997-09-06",4,"POS264",40,12,0,1,""
"1997-09-06",4,"POS264",202,1,0,1,""
"1997-09-06",4,"POS264",1823,7,0,1,""
"1997-09-06",4,"POS264",2520,1,0,1,""
"1997-09-06",4,"POS264",4321,8,0,1,""
"1997-09-06",4,"POS264",6100,4,0,1,""
"1997-09-06",4,"POS264",6400,5,0,1,""
"1997-09-06",5,"POS265",10,4,0,1,""
"1997-09-06",5,"POS265",40,10,0,1,""
"1997-09-06",5,"POS265",202,1,0,1,""
"1997-09-06",5,"POS265",313,3,0,1,""
"1997-09-06",5,"POS265",1823,1,0,1,""
"1997-09-06",5,"POS265",2520,3,0,1,""
"1997-09-06",5,"POS265",4321,3,0,1,""
"1997-09-06",5,"POS265",6100,1,0,1,""
"1997-09-06",5,"POS265",6400,17,0,1,""
"1997-09-06",5,"POS265",6600,2,0,1,""
"1997-09-06",5,"POS265",8500,1,0,1,""
"1997-09-06",5,"POS265",8600,2,0,1,""
"1997-09-06",6,"POS266",10,8,0,1,""
"1997-09-06",6,"POS266",41,3,0,1,""
"1997-09-06",6,"POS266",202,2,0,1,""
"1997-09-06",6,"POS266",400,1,0,1,""
"1997-09-06",6,"POS266",2523,3,0,1,""
"1997-09-06",6,"POS266",4321,2,0,1,""
"1997-09-06",6,"POS266",6100,4,0,1,""
"1997-09-06",6,"POS266",8300,1,0,1,""
"1997-09-06",6,"POS266",8600,3,0,1,""
"1997-09-06",7,"POS267",23,1,0,1,""
"1997-09-06",7,"POS267",35,11,0,1,""
"1997-09-06",7,"POS267",40,2,0,1,""
"1997-09-06",7,"POS267",202,5,0,1,""
"1997-09-06",7,"POS267",400,1,0,1,""
"1997-09-06",7,"POS267",410,5,0,1,""
"1997-09-06",7,"POS267",2220,3,0,1,""
"1997-09-06",7,"POS267",2523,2,0,1,""
"1997-09-06",7,"POS267",6100,1,0,1,""
"1997-09-06",7,"POS267",8500,1,0,1,""
"1997-09-06",7,"POS267",8600,2,0,1,""
"1997-09-06",8,"POS268",40,9,0,1,""
"1997-09-06",8,"POS268",202,1,0,1,""
"1997-09-06",8,"POS268",4321,1,0,1,""
"1997-09-06",8,"POS268",6100,1,0,1,""
"1997-09-06",8,"POS268",6200,15,0,1,""
"1997-09-06",8,"POS268",6600,2,0,1,""
"1997-09-06",8,"POS268",8600,12,0,1,""
"1997-09-06",9,"POS269",23,1,0,1,""
"1997-09-06",9,"POS269",35,5,0,1,""
"1997-09-06",9,"POS269",40,5,0,1,""
"1997-09-06",9,"POS269",410,9,0,1,""
"1997-09-06",9,"POS269",2220,1,0,1,""
"1997-09-06",9,"POS269",2523,2,0,1,""
"1997-09-06",9,"POS269",6100,7,0,1,""
"1997-09-06",9,"POS269",8500,2,0,1,""
"1997-09-06",9,"POS269",8600,3,0,1,""
"1997-09-06",10,"POS270",35,12,0,1,""
"1997-09-06",10,"POS270",410,3,0,1,""
"1997-09-06",10,"POS270",6100,1,0,1,""
"1997-09-06",11,"POS271",23,2,0,1,""
"1997-09-06",11,"POS271",2523,1,0,1,""
"1997-09-06",13,"POS273",10,11,0,1,""
"1997-09-06",13,"POS273",23,14,0,1,""
"1997-09-06",13,"POS273",40,3,0,1,""
"1997-09-06",13,"POS273",50,1,0,1,""
"1997-09-06",13,"POS273",202,1,0,1,""
"1997-09-06",13,"POS273",2220,6,0,1,""
"1997-09-06",13,"POS273",2523,1,0,1,""
"1997-09-06",13,"POS273",6100,4,0,1,""
"1997-09-06",13,"POS273",8300,2,0,1,""
"1997-09-06",13,"POS273",8600,5,0,1,""
"1997-09-06",14,"POS274",23,3,0,1,""
"1997-09-06",14,"POS274",40,5,0,1,""
"1997-09-06",14,"POS274",2220,2,0,1,""
"1997-09-06",14,"POS274",2523,1,0,1,""
"1997-09-06",14,"POS274",6100,2,0,1,""
"1997-09-06",14,"POS274",6400,4,0,1,""
"1997-09-11",1,"POS275",10,2,0,1,""
"1997-09-11",1,"POS275",40,10,0,1,""
"1997-09-11",1,"POS275",313,2,0,1,""
"1997-09-11",1,"POS275",340,1,0,1,""
"1997-09-11",1,"POS275",505,3,0,1,""
"1997-09-11",1,"POS275",598,3,0,1,""
"1997-09-11",1,"POS275",2220,0,0,1,""
"1997-09-11",1,"POS275",4210,0,0,1,""
"1997-09-11",1,"POS275",6200,0,0,1,""
"1997-09-11",2,"POS276",10,5,0,1,""
"1997-09-11",2,"POS276",40,30,0,1,""
"1997-09-11",2,"POS276",313,3,0,1,""
"1997-09-11",2,"POS276",598,4,0,1,""
"1997-09-11",2,"POS276",2220,0,0,1,""
"1997-09-11",2,"POS276",4210,0,0,1,""
"1997-09-11",2,"POS276",4310,0,0,1,""
"1997-09-11",2,"POS276",6100,3,0,1,""
"1997-09-11",2,"POS276",6200,0,0,1,""
"1997-09-11",3,"POS277",10,2,0,1,""
"1997-09-11",3,"POS277",40,27,0,1,""
"1997-09-11",3,"POS277",313,5,0,1,""
"1997-09-11",3,"POS277",340,2,0,1,""
"1997-09-11",3,"POS277",505,3,0,1,""
"1997-09-11",3,"POS277",598,5,0,1,""
"1997-09-11",3,"POS277",2220,0,0,1,""
"1997-09-11",3,"POS277",4210,0,0,1,""
"1997-09-11",3,"POS277",4310,0,0,1,""
"1997-09-11",3,"POS277",6200,0,0,1,""
