year,month,day,tow.id,sex,body.part,gonad.colour,shell.condition,crab.number ,colour.L,colour.a,colour.b,comment
2020,7,16,GP325F,1,chela,,1,1,58.78,-2.58,-4.35,
2020,7,16,GP325F,1,chela,,1,2,60.57,-3.21,-0.9,
2020,7,16,GP325F,1,chela,,2,16,65.63,-4.29,1.37,
2020,7,16,GP325F,1,chela,,2,32,55.06,-2.23,5.22,
2020,7,16,GP325F,1,chela,,3,51,46.98,-1,4.87,
2020,7,16,GP325F,1,chela,,3,86,58.64,-2.18,11.08,
2020,7,16,GP325F,1,chela,,3M,123,55.26,-0.69,14.16,
2020,7,16,GP335F,1,chela,,3M,2,57.67,-2.78,10.86,
2020,7,16,GP335F,1,chela,,1,4,65.09,3.11,-0.91,
2020,7,16,GP335F,1,chela,,1,9,54.61,-1.81,-2.79,
2020,7,16,GP335F,1,chela,,3,13,56.32,-2.27,7.83,
2020,7,16,GP344F,1,chela,,1,1,51.77,0.13,-1.51,
2020,7,16,GP344F,1,chela,,1,3,59.43,-0.68,-2.2,
2020,7,16,GP344F,1,chela,,3,4,64.57,-2.66,4.19,
2020,7,16,GP344F,1,chela,,3,7,58.29,-1.59,6.71,
2020,7,16,GP344F,1,chela,,3M,11,60.04,-0.21,11.53,
2020,7,16,GP341F,1,chela,,1,1,61.83,-2.01,-0.39,
2020,7,16,GP341F,1,chela,,1,2,56.498,-2.38,-4.03,
2020,7,16,GP341F,1,chela,,2,14,51.97,-0.22,3.3,
2020,7,16,GP341F,1,chela,,2,18,53.88,-2.04,4.16,
2020,7,16,GP341F,1,chela,,3,19,56.25,-2.08,4.74,
2020,7,16,GP341F,1,chela,,3,24,50.14,-0.83,5.71,
2020,7,16,GP331F,1,chela,,4,2,59.41,-1.93,-0.69,
2020,7,16,GP331F,1,chela,,3M,3,60.08,-2.79,8.52,
2020,7,16,GP331F,1,chela,,3,10,64.24,-2.87,3.34,
2020,7,16,GP331F,1,chela,,1,11,64.9,-2.66,0.19,
2020,7,16,GP331F,1,chela,,1,12,57.54,-2.06,-1.72,
2020,7,16,GP331F,1,chela,,3,21,56.19,-2.63,2.77,
2020,7,16,GP326F,1,chela,,1,1,62.01,-2.97,0.88,
2020,7,16,GP326F,1,chela,,1,10,55.53,-1.78,-3.59,
2020,7,16,GP326F,1,chela,,2,29,55.93,-1.98,5.24,
2020,7,16,GP326F,1,chela,,3,32,58.21,-2.38,9.57,
2020,7,16,GP326F,1,chela,,3,39,59.19,-3.07,5.06,
2020,7,16,GP326F,1,chela,,2,59,58.5,-2.16,2.96,
2020,7,16,GP326F,1,chela,,3M,61,55.54,-2.93,10.51,
2020,7,16,GP326F,1,chela,,3M,89,52.92,-1.58,11.17,
2020,7,16,GP324F,1,chela,,1,1,64.68,-3.2,-0.69,
2020,7,16,GP324F,1,chela,,1,3,56.44,-2.3,-3.52,
2020,7,16,GP324F,1,chela,,3,12,53.66,-2.34,9.73,
2020,7,16,GP313F,1,chela,,3,10,59.38,-2.83,5.33,
2020,7,16,GP313F,1,chela,,2,18,56.95,-2.56,1.55,
2020,7,16,GP313F,1,chela,,3,19,59.18,-1.34,10.97,
2020,7,16,GP313F,1,chela,,1,28,61.87,-2.3,-1.07,
2020,7,16,GP313F,1,chela,,2,34,53.48,-1.97,4.88,
2020,7,16,GP313F,1,chela,,1,36,63.25,-2.55,-1.23,
2020,7,16,GP313F,1,chela,,3M,38,62.38,-3.42,6.17,
2020,7,16,GP320F,1,chela,,1,1,62.8,-2.47,-0.67,
2020,7,16,GP320F,1,chela,,3,2,50.37,0.5,2.31,
2020,7,16,GP320F,1,chela,,2,3,53.91,1.1,0.93,
2020,7,16,GP320F,1,chela,,2,5,48.99,1.52,5.45,
2020,7,16,GP320F,1,chela,,1,8,63.32,-1.85,-0.01,
2020,7,16,GP320F,1,chela,,3,13,66.84,-3.12,3.7,
2020,7,16,GP295F,1,chela,,1,1,60.82,-2.56,-1.87,
2020,7,16,GP295F,1,chela,,1,3,66.29,-3.28,2.23,tâches sur les pinces
2020,7,16,GP295F,1,chela,,2,5,65,-3.48,5.23,
2020,7,16,GP295F,1,chela,,2,9,62.14,-1.95,3.69,
2020,7,16,GP295F,1,chela,,3,36,60.99,-1.72,3.33,
2020,8,8,GP013A1,1,chela,,1,1,62.06,-2.87,-0.73,
2020,8,8,GP013A1,1,chela,,1,2,48.71,-1.3,-0.62,
2020,8,8,GP013A1,1,chela,,2,6,60.91,-2.71,1.14,
2020,8,8,GP013A1,1,chela,,3M,7,49.39,-0.77,7.69,
2020,8,8,GP013A1,1,chela,,3M,8,61.69,-2.41,7.13,
2020,8,8,GP017F,1,chela,,1,1,63.63,-3.36,0.04,
2020,8,8,GP017F,1,chela,,2,2,65.77,-3.67,0.84,
2020,8,8,GP017F,1,chela,,2,3,61.48,-2.63,1.57,
2020,8,8,GP017F,1,chela,,1,5,58.13,-2.51,1.52,
2020,8,8,GP017F,1,chela,,4,27,51.17,1.05,23.34,
2020,8,8,GP017F,1,chela,,3M,30,53.41,-1.54,6.19,
2020,8,8,GP017F,1,chela,,3,39,56.99,-1.61,6.25,
2020,8,8,GP021F,1,chela,,1,1,59,-2.92,0.98,
2020,8,8,GP021F,1,chela,,1,2,61.81,-3.02,1.08,
2020,8,8,GP021F,1,chela,,4,3,52.91,1.6,21.29,
2020,8,8,GP021F,1,chela,,2,6,60.42,-2.83,-0.42,
2020,8,8,GP021F,1,chela,,2,7,61.31,-1.99,2.64,
2020,8,8,GP021F,1,chela,,3M,19,59.97,-1.52,11.22,
2020,8,8,GP020F,1,chela,,3M,1,60.72,-2.27,9.59,
2020,8,8,GP020F,1,chela,,3M,4,56.75,-0.38,15.84,
2020,8,8,GP020F,1,chela,,1,8,62.26,-2.67,0.4,
2020,8,8,GP020F,1,chela,,1,9,64.14,-3.34,-1.48,
2020,8,8,GP020F,1,chela,,2,12,60.92,-2.91,1.67,
2020,8,8,GP020F,1,chela,,2,14,55.52,-1.88,1.71,
2020,8,8,GP014F,1,chela,,1,1,62.84,3.13,2.43,
2020,8,8,GP014F,1,chela,,1,3,56.96,-2.05,1.26,
2020,8,8,GP014F,1,chela,,2,5,55.69,-1.85,2.87,
2020,8,8,GP014F,1,chela,,2,8,55.1,-1.84,4.14,
2020,8,8,GP014F,1,chela,,3m,10,59.12,-1.58,10.33,
2020,8,8,GP027F,1,chela,,1,34,66.56,-3.24,1.1,
2020,8,8,GP027F,1,chela,,2,48,55.98,-2.15,0.8,
2020,8,8,GP027F,1,chela,,2,51,59.52,-2.26,1.54,
2020,8,8,GP027F,1,chela,,3m,65,53.54,-0.37,11.57,
2020,8,8,GP027F,1,chela,,1,75,68.32,-3.24,1.76,
2020,8,8,GP027F,1,chela,,4,76,53.43,-0.86,10.24,
2020,8,8,GP033F,1,chela,,3M,1,54.33,-0.56,11.96,
2020,8,8,GP033F,1,chela,,3M,2,51.51,-0.35,6.07,
2020,8,8,GP033F,1,chela,,1,3,56.52,-1.68,3.53,
2020,8,8,GP033F,1,chela,,2,6,58.59,-1.81,3.13,
2020,8,8,GP033F,1,chela,,1,15,53.58,-0.93,5.51,
2020,8,8,GP033F,1,chela,,3,54,54.31,-1.69,7.3,
2020,8,8,GP033F,1,chela,,3,55,54.46,-1.62,7.62,
2020,8,8,GP033F,1,chela,,4,75,53.44,-1.51,8.12,
2020,8,8,GP057F,1,chela,,1,1,65.43,-3.31,0.63,
2020,8,8,GP038F,1,chela,,5,115,42.56,3.96,10.01,
2020,8,8,GP038F,1,chela,,1,186,65.39,-3.29,0.76,
2020,8,8,GP038F,1,chela,,3,193,59.19,-2.39,4.33,
2020,8,8,GP038F,1,chela,,3,194,58.88,-2.03,7.21,
2020,8,16,GP105F,1,chela,,1,11,63.9,-1.15,-3.75,
2020,8,16,GP105F,1,chela,,1,13,52.76,0.41,-0.23,
2020,8,16,GP105F,1,chela,,5,16,47.32,2.34,16.19,
2020,8,16,GP105F,1,chela,,2,19,61.81,0.28,6.17,
2020,8,16,GP105F,1,chela,,3,22,58.99,-0.81,7.55,
2020,8,16,GP105F,1,chela,,2,24,60.86,-1.7,1.07,
2020,8,16,GP105F,1,chela,,3,27,56.1,-0.34,3.13,
2020,8,16,GP124F,1,chela,,2,1,62.66,-2.03,3.76,
2020,8,16,GP124F,1,chela,,1,2,62.06,-2.55,1.56,
2020,8,16,GP124F,1,chela,,3,13,48.33,0.5,11.45,
2020,8,16,GP124F,1,chela,,1,14,65.31,-2.61,1.38,
2020,8,16,GP124F,1,chela,,2,18,65.7,-3.18,2.58,
2020,8,16,GP124F,1,chela,,3,35,51.13,-0.1,9.45,
2020,8,16,GP124F,1,chela,,3M,67,50.26,0.23,9.8,
2020,8,16,GP124F,1,chela,,3M,71,56.9,-1.28,8.34,
2020,8,16,GP163F,1,chela,,3,7,52.28,-0.27,9.83,
2020,8,16,GP163F,1,chela,,1,41,60.81,-2.7,-2.35,
2020,8,16,GP163F,1,chela,,2,42,64.09,-3.79,1.85,
2020,8,16,GP163F,1,chela,,1,45,61.97,-3.56,2.13,
2020,8,16,GP163F,1,chela,,2,54,61.09,-2.82,2.7,
2020,8,16,GP163F,1,chela,,3,75,54.21,-0.36,11.02,
2020,8,16,GP163F,1,chela,,3M,109,57.25,-1.25,8.01,
2020,8,16,GP191F,1,chela,,1,1,65.52,-3.27,-1.87,
2020,8,16,GP191F,1,chela,,1,11,63.17,-2.9,-0.14,
2020,8,16,GP191F,1,chela,,4,15,52.4,-0.41,12.78,
2020,8,16,GP191F,1,chela,,3,16,59.65,-2.76,10.3,
2020,8,16,GP191F,1,chela,,3,19,54.06,-0.6,12.84,
2020,8,16,GP191F,1,chela,,4,23,49.07,0.19,13.19,
2020,8,16,GP191F,1,chela,,3M,27,54.68,0.31,18.19,
2020,8,16,GP191F,1,chela,,3M,35,54.81,-0.77,6.35,
2020,8,16,GP191F,1,chela,,2,69,64.37,-3.64,5.39,
2020,8,16,GP191F,1,chela,,2,72,66.23,-4.05,4.18,
2020,8,16,GP210F,1,chela,,1,1,65.77,-2.72,2.21,
2020,8,16,GP210F,1,chela,,2,2,66.46,-2.53,6.85,
2020,8,16,GP210F,1,chela,,2,3,70.27,-2.52,4.75,
2020,8,16,GP210F,1,chela,,1,4,63.1,-3.14,1.84,
2020,8,16,GP210F,1,chela,,3,21,58.7,-2.64,6.65,
2020,8,16,GP210F,1,chela,,3,31,53.23,0.34,11.57,
2020,8,16,GP210F,1,chela,,4,47,58.83,-0.95,13.23,
2020,8,16,GP229F,1,chela,,1,20,64.83,-2.05,0.27,
2020,8,16,GP246F,1,chela,,2,1,66.2,-2.76,0.07,
2020,8,16,GP246F,1,chela,,2,29,60.33,-1.65,1.74,
2020,8,16,GP252F,1,chela,,2,21,62.84,-2.77,2.18,
2020,8,16,GP252F,1,chela,,2,29,63.86,-2.52,0.34,
2020,8,16,GP252F,1,chela,,1,35,57.42,-1.98,1.99,
2020,8,16,GP252F,1,chela,,1,43,54.48,-1.19,2.75,
2020,8,16,GP252F,1,chela,,3,86,51.02,0.88,11.96,tâches sur les pinces
2020,8,16,GP275F,1,chela,,2,17,65.78,-2.42,3.33,
2020,8,16,GP275F,1,chela,,2,21,63.87,-2.38,2.08,
2020,8,16,GP275F,1,chela,,3M,24,54,-0.86,11.49,
2020,8,16,GP275F,1,chela,,3,27,59.63,-1.53,6.63,
2020,8,16,GP275F,1,chela,,1,45,66.98,-2.58,5.5,
2020,8,16,GP275F,1,chela,,1,47,57.62,0.2,0.36,
2020,8,16,GP275F,1,chela,,4,50,55.29,-0.13,12.95,
2020,8,16,GP275F,1,chela,,3M,52,51.64,-0.54,5.08,
2020,8,16,GP275F,1,chela,,4,75,56.78,-0.75,11.6,
2020,8,16,GP275F,1,chela,,3,84,49.61,2.89,15.96,
2020,8,16,GP283F,1,chela,,3,10,61.62,-1.19,11.27,
2020,8,16,GP283F,1,chela,,4,17,46.72,0.19,15.69,
2020,8,16,GP283F,1,chela,,1,20,59.74,-3,0.02,
2020,8,16,GP283F,1,chela,,3,22,60.88,-2.79,11.43,
2020,8,16,GP283F,1,chela,,2,26,61.83,-2.6,1.64,
2020,8,16,GP283F,1,chela,,1,34,56.37,-1.64,4.02,
2020,8,16,GP283F,1,chela,,3M,76,54.35,-0.78,10.1,
2020,8,3,GP012F,1,chela,,3M,1,48.39,-0.23,12.02,
2020,8,3,GP012F,1,chela,,1,2,51.2,-1.97,2.84,
2020,8,3,GP012F,1,chela,,1,3,50.18,-1.98,3.78,
2020,8,3,GP012F,1,chela,,3M,4,44.58,0.65,13.4,
2020,8,3,GP012F,1,chela,,2,30,62.5,-2.83,4.94,
2020,8,3,GP010F,1,chela,,2,49,54.11,-1.6,5.43,
2020,8,3,GP010F,1,chela,,2,50,61.78,-3.16,1.46,
2020,8,3,GP010F,1,chela,,1,52,57.08,-2.4,2.65,
2020,8,3,GP010F,1,chela,,4,56,49.02,3.57,22.88,
2020,8,3,GP010F,1,chela,,1,57,60.85,-1.63,6.95,
2020,8,3,GP010F,1,chela,,3M,58,48.61,0.56,14.79,
2020,8,3,GP010F,1,chela,,4,73,45.34,4.57,20.73,
2020,8,3,GP010F,1,chela,,3M,74,58,-2.36,11.95,
2020,8,3,GP011F,1,chela,,1,1,63.68,-2.67,0.57,
2020,8,3,GP011F,1,chela,,2,2,55.57,-2.67,3.1,
2020,8,3,GP011F,1,chela,,3M,3,46.07,0.27,9,
2020,8,3,GP011F,1,chela,,2,4,61.46,-2.78,5.51,
2020,8,3,GP011F,1,chela,,3M,6,46.07,1.38,13.98,
2020,8,3,GP011F,1,chela,,4,8,45.43,6.19,17.55,
2020,8,3,GP011F,1,chela,,3,13,59.73,-2.6,4.59,
2020,8,3,GP011F,1,chela,,1,14,53.14,-1.96,2.01,
2020,8,3,GP011F,1,chela,,3,19,50.69,-0.75,8.2,
2020,8,3,GP007F,1,chela,,2,1,63.04,-3.18,0.61,
2020,8,3,GP007F,1,chela,,4,2,49.54,1.65,16.59,
2020,8,3,GP007F,1,chela,,4,3,52.89,-0.27,12.99,
2020,8,3,GP007F,1,chela,,3M,4,53.04,-0.5,10.15,
2020,8,3,GP007F,1,chela,,3M,21,52.11,-0.95,10.53,
2020,8,3,GP005F,1,chela,,4,1,50.53,0.63,11.81,
2020,8,3,GP001F,1,chela,,2,16,64.88,-2.51,5.98,
2020,8,3,GP001F,1,chela,,2,31,58.17,-2.25,4.35,
2020,8,3,GP001F,1,chela,,1,37,54.31,-1.15,2.69,
2020,8,3,GP001F,1,chela,,1,68,53.2,-1.29,2.09,
2020,8,3,GP001F,1,chela,,3,69,65.49,-2.85,5.15,
2020,8,3,GP001F,1,chela,,3,131,46.04,1.73,13.32,
2020,8,3,GP003F,1,chela,,2,8,52.2,-1.13,6.89,
2020,8,3,GP003F,1,chela,,2,9,64.2,-3.06,5.62,
2020,8,3,GP003F,1,chela,,1,16,53.73,-1,5.17,
2020,8,3,GP003F,1,chela,,1,17,64.96,-3.4,1.2,
2020,8,3,GP003F,1,chela,,3,70,61.4,-2.5,3.26,
2020,8,3,GP003F,1,chela,,4,82,52.48,0,11.73,
2020,8,3,GP004F,1,chela,,2,1,67.31,-3.46,4.98,
2020,8,3,GP004F,1,chela,,1,2,55.99,-1.99,4.17,
2020,8,3,GP004F,1,chela,,1,3,56.75,-1.98,4.21,
2020,8,3,GP004F,1,chela,,3,12,50.14,0.98,14.32,
2020,8,3,GP004F,1,chela,,2,20,53.22,-1.88,5.72,
2020,8,3,GP006F,1,chela,,3,1,56.46,-0.99,13.76,
2020,8,3,GP006F,1,chela,,4,2,46.79,3.91,22.28,
2020,8,3,GP006F,1,chela,,2,3,67.01,-3.85,3.21,
2020,8,3,GP006F,1,chela,,3M,4,57.58,-1.02,17.74,
2020,8,3,GP006F,1,chela,,3,6,63.07,-2.9,4.94,
2020,8,3,GP006F,1,chela,,2,7,60.38,-2.49,1.06,
2020,8,3,GP006F,1,chela,,3M,8,53.36,0.79,17.54,
2020,8,3,GP006F,1,chela,,3,10,60.83,-2.68,6.24,
2020,8,3,GP006F,1,chela,,5,11,38.03,7.01,14.52,
2020,7,28,GP274F,1,chela,,4,20,52.1,-0.91,10.6,
2020,7,28,GP274F,1,chela,,4,31,51.73,-0.64,12.23,
2020,7,28,GP274F,1,chela,,3M,56,56.84,-4.58,8.77,
2020,7,28,GP274F,1,chela,,1,57,57.12,-1.46,-2.46,
2020,7,28,GP274F,1,chela,,1,59,58.03,2.49,6.09,
2020,7,28,GP268F,1,chela,,3,1,48.73,0.72,10.52,
2020,7,28,GP268F,1,chela,,3M,34,50.16,1,10.24,
2020,7,28,GP268F,1,chela,,1,35,54.58,-2.06,-1.47,
2020,7,28,GP268F,1,chela,,1,36,57.07,-1.75,-0.52,
2020,7,28,GP268F,1,chela,,2,42,48.75,1.27,8.86,
2020,7,28,GP268F,1,chela,,4,46,51.06,0.81,14.82,
2020,7,28,GP268F,1,chela,,3M,63,54.19,-0.14,11.56,
2020,7,28,GP259F,1,chela,,3,5,67.48,-3.55,4.92,
2020,7,28,GP259F,1,chela,,1,10,64.66,-3.07,0.84,
2020,7,28,GP259F,1,chela,,2,11,63.53,-2.36,1.07,
2020,7,28,GP259F,1,chela,,1,12,55.51,-1.36,-0.08,
2020,7,28,GP248F,1,chela,,1,4,53.12,-1.04,-0.67,
2020,7,28,GP248F,1,chela,,3M,7,57.61,-1.57,7.25,
2020,7,28,GP248F,1,chela,,1,12,61.93,-2.68,-1.3,
2020,7,28,GP248F,1,chela,,3,14,50.56,-0.19,9.21,
2020,7,28,GP248F,1,chela,,3,22,50.54,0.41,12.16,
2020,7,28,GP248F,1,chela,,2,27,60.66,-2.78,1.35,
2020,7,28,GP248F,1,chela,,3M,31,56.25,-2.15,1.98,
2020,7,28,GP248F,1,chela,,5,32,55.14,-0.62,9.76,
2020,7,28,GP248F,1,chela,,4,74,50.68,-0.23,15.89,
2020,7,28,GP248F,1,chela,,4,109,55.765,-0.05,16.18,
2020,7,28,GP248F,1,chela,,2,111,64.33,-2.69,-0.79,
2020,7,28,GP263F,1,chela,,2,4,60.64,-2.92,8.97,
2020,7,28,GP263F,1,chela,,1,6,54.97,-2.15,-0.69,
2020,7,28,GP263F,1,chela,,1,7,58.89,-2.4,-0.06,
2020,7,28,GP263F,1,chela,,3M,23,62.57,-2.2,10.15,
2020,7,28,GP263F,1,chela,,2,28,66.76,-3.78,1.46,
2020,7,28,GP263F,1,chela,,3M,34,58.42,-0.01,13.97,
2020,7,28,GP263F,1,chela,,2,35,61.92,-3.63,2.48,
2020,7,28,GP263F,1,chela,,3,41,58.03,-0.78,12.3,
2020,7,28,GP245F,1,chela,,3,3,49.89,-0.17,13.32,
2020,7,28,GP245F,1,chela,,1,8,53.61,-2.18,-0.33,
2020,7,28,GP245F,1,chela,,3,13,60.54,-1.37,2.5,
2020,7,28,GP245F,1,chela,,2,21,63.72,-2.77,-1.3,
2020,7,28,GP245F,1,chela,,4,24,50.57,0.7,12.2,
2020,7,28,GP245F,1,chela,,1,27,62.95,-3.03,1.35,
2020,7,28,GP245F,1,chela,,4,28,55.13,1.23,13.35,
2020,7,28,GP233F,1,chela,,4,2,56.44,0.38,17.93,
2020,7,28,GP233F,1,chela,,1,3,65.67,-3.69,0.84,
2020,7,28,GP233F,1,chela,,1,5,60.29,-2.77,2.46,
2020,7,28,GP233F,1,chela,,3,9,61.79,-2.72,6.47,
2020,7,28,GP233F,1,chela,,2,13,58.12,-2.54,1.38,
2020,7,28,GP233F,1,chela,,2,18,65.78,-3.59,1.79,
2020,7,28,GP233F,1,chela,,3,20,59.25,-1.71,7.23,
2020,7,28,GP233F,1,chela,,4,21,54.59,-0.62,9.86,
2020,7,28,GP233F,1,chela,,3M,60,51.3,-0.32,8.75,
2020,7,28,GP226F,1,chela,,1,7,66.53,-2.14,3.69,
2020,7,28,GP226F,1,chela,,1,9,65.3,-2.47,2.33,
2020,7,28,GP226F,1,chela,,2,10,56.85,-2.05,3.24,
2020,7,28,GP226F,1,chela,,4,15,51.41,1.41,10.74,
2020,7,28,GP220F,1,chela,,1,7,55.24,-2.08,-0.88,
2020,7,28,GP220F,1,chela,,3M,8,64.7,-2.55,8.65,
2020,7,28,GP220F,1,chela,,1,12,62.96,-3.32,1.91,
2020,7,28,GP220F,1,chela,,3,18,51.92,-0.56,10.13,
2020,7,28,GP220F,1,chela,,3,30,61.32,-2.33,9.04,
2020,7,28,GP220F,1,chela,,2,37,65.39,-3.52,2.06,
2020,7,28,GP220F,1,chela,,2,42,67.28,-4.4,4.03,
2020,7,28,GP220F,1,chela,,3M,72,57.48,-2.16,9.43,
2020,7,28,GP214F,1,chela,,1,10,59.69,-2.81,-2.2,
2020,7,28,GP214F,1,chela,,1,11,58.84,-2.32,2.16,
2020,7,28,GP214F,1,chela,,2,38,62.27,-3.5,1.32,
2020,7,28,GP214F,1,chela,,2,39,63.74,-2.8,0.78,
2020,7,28,GP192F,1,chela,,2,3,60.47,-2.71,1.26,
2020,7,28,GP192F,1,chela,,1,6,62.36,-1.32,4.42,
2020,7,28,GP192F,1,chela,,1,11,59.39,-1.1,2.14,
2020,7,28,GP192F,1,chela,,2,20,56.92,-1.26,0.78,
2020,7,28,GP197F,1,chela,,1,1,58.11,-1.74,4.11,
2020,7,28,GP197F,1,chela,,1,5,58.14,-2.16,4.95,
2020,7,28,GP197F,1,chela,,2,20,58.53,-1.32,2.9,
2020,7,28,GP197F,1,chela,,2,26,58.6,-1.89,3.08,
2020,7,28,GP197F,1,chela,,3M,36,65.48,-2.88,11,
2020,7,22,GP253F,1,chela,,1,10,55.11,0.74,0.69,
2020,7,22,GP253F,1,chela,,1,24,58.81,-1.27,-1.16,
2020,7,22,GP239F,1,chela,,2,6,54.36,-2.36,-0.85,
2020,7,22,GP239F,1,chela,,1,53,65.44,-3.635,0.26,
2020,7,22,GP239F,1,chela,,1,61,56.77,-2.03,-3.95,
2020,7,22,GP224F,1,chela,,1,14,55.04,-1.98,-4.73,
2020,7,22,GP224F,1,chela,,4,52,55.98,-1.28,13.46,
2020,7,22,GP224F,1,chela,,4,53,51.64,0.68,16.58,
2020,7,22,GP213F,1,chela,,1,5,56.49,-2.11,-4.37,
2020,7,22,GP213F,1,chela,,3,28,58.92,-1.86,5.51,
2020,7,22,GP213F,1,chela,,4,31,54.04,3.48,21.69,
2020,7,22,GP213F,1,chela,,1,35,57.64,-2.81,-2.37,
2020,7,22,GP213F,1,chela,,4,40,50.84,-0.63,12.17,
2020,7,22,GP205F,1,chela,,3,3,57.27,-2.32,11.16,
2020,7,22,GP205F,1,chela,,2,17,46.47,1.2,8.3,
2020,7,22,GP205F,1,chela,,1,21,58.19,-2.09,0.9,
2020,7,22,GP205F,1,chela,,3,24,59.17,-1.99,6.35,
2020,7,22,GP205F,1,chela,,3M,25,55.32,-1.22,9.01,
2020,7,22,GP205F,1,chela,,3M,37,58.3,-1.1,12.1,
2020,7,22,GP205F,1,chela,,1,50,60.22,-2.39,-1.32,
2020,7,22,GP222F,1,chela,,3,1,56.94,-0.97,10.81,
2020,7,22,GP222F,1,chela,,4,22,47.53,1.62,14.01,
2020,7,22,GP222F,1,chela,,3,31,54.66,-1.79,6.44,
2020,7,22,GP222F,1,chela,,4,43,48.2,0.2,14.76,
2020,7,22,GP211F,1,chela,,3,2,58.87,-2.53,2.25,
2020,7,22,GP211F,1,chela,,3M,24,47.78,0.85,17.11,
2020,7,22,GP211F,1,chela,,3M,25,53.9,-0.23,11.09,
2020,7,22,GP211F,1,chela,,1,30,54.13,-2.23,-2.92,
2020,7,22,GP211F,1,chela,,3,36,54.24,-0.66,12.41,
2020,7,22,GP211F,1,chela,,4,65,58.39,-1.26,11.84,
2020,7,22,GP211F,1,chela,,1,67,55.3,-1.95,-1.46,
2020,7,22,GP194F,1,chela,,1,1,62.17,-2.78,-0.6,
2020,7,22,GP194F,1,chela,,1,4,61.1,-3.36,1.45,
2020,7,22,GP194F,1,chela,,3m,5,53.55,-0.01,13.22,
2020,7,22,GP194F,1,chela,,3m,10,58.79,-1.77,11.31,
2020,7,22,GP194F,1,chela,,3,18,52.39,-0.29,12.05,
2020,7,22,GP194F,1,chela,,4,20,54.6,0.36,13.3,
2020,7,22,GP194F,1,chela,,4,23,50.24,1.67,15.49,
2020,7,22,GP194F,1,chela,,3,51,53.32,0.44,15.4,
2020,7,22,GP194F,1,chela,,2,82,56.06,-1.56,8.17,
2020,7,22,GP199F,1,chela,,1,1,62.32,-3.02,0.94,
2020,7,22,GP199F,1,chela,,2,2,51.44,-0.59,7.23,
2020,7,22,GP199F,1,chela,,1,3,64.55,-2.49,3.59,
2020,7,22,GP199F,1,chela,,2,4,53.79,-1.01,8.17,
2020,7,22,GP199F,1,chela,,3,18,54.51,-0.26,14.22,
2020,7,22,GP199F,1,chela,,3M,19,56.05,-0.66,16.32,
2020,7,22,GP199F,1,chela,,4,21,47.36,0.9,17.61,
2020,7,22,GP199F,1,chela,,3,24,51.89,-0.18,9.67,
2020,7,22,GP199F,1,chela,,4,39,50.12,0.44,15.69,
2020,7,22,GP199F,1,chela,,3M,55,49.54,-0.08,13.12,
2020,7,22,GP212F,1,chela,,3M,11,60.95,-1.94,8.29,
2020,7,22,GP212F,1,chela,,1,17,64.4,-3.7,-0.78,
2020,7,22,GP212F,1,chela,,1,18,62.98,-3.27,1.15,
2020,7,22,GP212F,1,chela,,2,20,50.17,0.36,8.5,
2020,7,22,GP212F,1,chela,,3,25,58.81,-1.85,6.19,
2020,7,22,GP212F,1,chela,,5,29,48.39,0.09,12.88,
2020,7,22,GP212F,1,chela,,3,50,56.76,-3.15,7.12,
2020,7,22,GP196F,1,chela,,3,3,60.44,-0.7,15.61,
2020,7,22,GP196F,1,chela,,3,4,62.53,-2.9,5.2,
2020,7,22,GP196F,1,chela,,3M,10,55.45,-0.54,9.34,
2020,7,22,GP196F,1,chela,,1,12,87.84,-1.9,-2.1,
2020,7,22,GP196F,1,chela,,1,14,54.23,-1.9,-0.43,
2020,7,22,GP196F,1,chela,,4,22,56.77,-1.09,12.01,
2020,7,22,GP196F,1,chela,,2,28,61.39,-2.12,7.39,
2020,7,22,GP196F,1,chela,,1,32,58.43,-2.7,-0.91,
2020,7,22,GP196F,1,chela,,4,37,53.55,0.4,16.32,
2020,7,22,GP196F,1,chela,,3M,39,57.77,-0.84,13.71,
2020,7,22,GP196F,1,chela,,2,68,53.07,-0.96,8.51,
2020,7,22,GP188F,1,chela,,3,1,60.62,-3.11,5.74,
2020,7,22,GP188F,1,chela,,1,3,53.74,-1.09,-1.42,
2020,7,22,GP188F,1,chela,,4,5,53.6,1.1,16.05,
2020,7,22,GP188F,1,chela,,1,10,62.58,-3.14,-1.47,
2020,7,22,GP188F,1,chela,,2,11,63.52,-3.61,0.63,
2020,7,22,GP188F,1,chela,,3,19,55.99,-1.12,9.27,
2020,7,22,GP188F,1,chela,,4,28,52.02,-2.88,11.51,
2020,7,22,GP188F,1,chela,,2,42,56.09,-1.39,8.63,
2020,7,22,GP188F,1,chela,,3m,47,49.03,1.25,13.31,
2020,7,22,GP188F,1,chela,,3m,62,54.51,0.65,16.44,
2020,7,22,GP188F,1,chela,,5,71,40.11,6.95,16.81,
2020,7,29,GP174F,1,chela,,1,1,60.96,-2.62,-0.43,
2020,7,29,GP174F,1,chela,,3M,13,51,-0.82,9.16,
2020,7,29,GP162F,1,chela,,1,1,62.47,-2.17,-0.4,
2020,7,29,GP162F,1,chela,,1,2,63.5,-2.64,0.21,
2020,7,29,GP162F,1,chela,,2,14,58.36,-2.35,-0.17,
2020,7,29,GP162F,1,chela,,2,118,62.08,-1.31,4.85,
2020,7,29,GP154F,1,chela,,1,1,57.45,-1.77,-1.14,
2020,7,29,GP154F,1,chela,,2,2,57.17,-2.71,-0.26,
2020,7,29,GP154F,1,chela,,1,18,61.3,-2.83,0.41,
2020,7,29,GP154F,1,chela,,2,41,63.98,-3.03,1.29,
2020,7,29,GP133F,1,chela,,1,15,53.12,-1.02,-2.06,
2020,7,29,GP133F,1,chela,,2,26,60.58,-1.93,-0.93,
2020,7,29,GP133F,1,chela,,2,30,63.82,-2.97,0.43,
2020,7,29,GP133F,1,chela,,1,32,66.62,-3.55,5.75,
2020,7,29,GP141F,1,chela,,1,1,52.14,-1.34,-0.63,
2020,7,29,GP141F,1,chela,,1,2,61.01,-2.98,-1.47,
2020,7,29,GP141F,1,chela,,3,15,50.99,0.29,13.93,
2020,7,29,GP141F,1,chela,,3M,22,54.32,-0.95,11.3,
2020,7,29,GP141F,1,chela,,2,44,61.79,-1.11,8.59,
2020,7,29,GP141F,1,chela,,2,45,65.06,-3.38,2.98,
2020,7,29,GP170F,1,chela,,3M,5,55.88,-0.89,10.73,
2020,7,29,GP170F,1,chela,,2,17,62.8,-3.63,0.41,
2020,7,29,GP170F,1,chela,,5,28,43.19,3.23,16.94,
2020,7,29,GP170F,1,chela,,5,29,41.87,3.42,17.53,
2020,7,29,GP170F,1,chela,,2,30,64.83,-3.55,3.7,
2020,7,29,GP170F,1,chela,,3M,46,48.05,0.8,9.92,
2020,7,29,GP170F,1,chela,,1,58,63.05,-3.15,1.39,
2020,7,29,GP170F,1,chela,,3,64,48.88,0.24,8.03,
2020,7,29,GP170F,1,chela,,3,67,61.58,-3.22,4.63,
2020,7,29,GP159F,1,chela,,1,1,63.22,-3.47,3.3,
2020,7,29,GP159F,1,chela,,1,2,61.35,-2.95,-0.15,
2020,7,29,GP159F,1,chela,,2,3,58.8,-2.85,1.23,
2020,7,29,GP159F,1,chela,,2,4,57.27,-2.93,4.03,
2020,7,29,GP159F,1,chela,,3,21,46.11,0.13,8.37,
2020,7,29,GP159F,1,chela,,3,30,48.24,0.31,8.74,
2020,7,29,GP159F,1,chela,,3M,45,52.73,-0.87,10.17,
2020,7,29,GP159F,1,chela,,3M,92,45.13,0.57,9.09,
2020,7,29,GP159F,1,chela,,4,113,42.04,4.37,16.22,
2020,7,29,GP184F,1,chela,,1,1,54.48,-2.48,1.24,
2020,7,29,GP184F,1,chela,,2,13,63.78,-3.62,2.14,
2020,7,29,GP184F,1,chela,,2,14,56.01,-2.14,1.36,
2020,7,29,GP184F,1,chela,,1,15,64.61,-1.9,1.94,
2020,7,29,GP184F,1,chela,,3,43,58.57,-1.47,9.97,
2020,7,29,GP202A2,1,chela,,1,11,60.63,-3.45,2.43,
2020,7,29,GP202A2,1,chela,,1,12,65.68,-2.26,2.66,
2020,7,29,GP202A2,1,chela,,2,57,51.59,-1.06,2.43,
2020,7,29,GP202A2,1,chela,,2,65,59.4,-2.42,1.6,
2020,7,29,GP206F,1,chela,,2,1,65.31,-3.82,6.11,
2020,7,29,GP206F,1,chela,,1,2,63.36,-3.22,0.02,
2020,7,29,GP206F,1,chela,,1,7,65.39,-3.22,-0.12,
2020,7,29,GP206F,1,chela,,2,12,62.78,-3.47,3.43,
2020,7,29,GP206F,1,chela,,3,13,54.23,-1.35,7.75,
2020,7,29,GP206F,1,chela,,3,14,50.44,0.49,12.28,
2020,7,29,GP206F,1,chela,,3m,99,49.12,-0.18,8.44,
2020,7,29,GP206F,1,chela,,3m,101,56.77,-2.24,12.22,
2020,7,29,GP215F,1,chela,,3,1,54.83,-0.31,11.21,
2020,7,29,GP215F,1,chela,,1,30,55.55,-0.23,2.32,
2020,7,29,GP215F,1,chela,,3,39,51.73,0.2,11.79,
2020,7,29,GP215F,1,chela,,2,47,57.75,-0.72,2.18,
2020,7,29,GP215F,1,chela,,1,61,65.2,-3.38,0.75,
2020,7,29,GP215F,1,chela,,3M,62,54.48,-1.44,10.89,
2020,7,29,GP215F,1,chela,,3M,67,50.98,0.79,10.56,
2020,7,29,GP215F,1,chela,,2,69,61.67,-3.17,1.58,
2020,8,2,GP050F,1,chela,,2,14,64.01,-2.82,4.88,
2020,8,2,GP050F,1,chela,,2,15,54.67,-2.77,1.66,
2020,8,2,GP050F,1,chela,,3m,33,52.81,-0.34,17.01,
2020,8,2,GP050F,1,chela,,1,34,61.39,-3.3,1.67,
2020,8,2,GP050F,1,chela,,1,46,59.19,-2.92,2.03,
2020,8,2,GP050F,1,chela,,4,59,47.94,3.23,22.44,
2020,8,2,GP050F,1,chela,,3m,90,59.68,-1.44,7.62,
2020,8,2,GP025F,1,chela,,1,8,50.25,-0.76,-3.36,
2020,8,2,GP025F,1,chela,,1,9,58.6,-1.91,-1.75,
2020,8,2,GP025F,1,chela,,5,12,44.93,1.76,17.29,
2020,8,2,GP025F,1,chela,,2,22,55.01,-0.97,3.14,
2020,8,2,GP016F,1,chela,,1,1,65.25,-3.1,-1.64,
2020,8,2,GP016F,1,chela,,4,3,47.9,1.15,15.26,
2020,8,2,GP016F,1,chela,,1,4,64.91,-3.3,-1.1,
2020,8,2,GP016F,1,chela,,2,33,63.58,-2.38,0.22,
2020,8,2,GP016F,1,chela,,2,42,61.22,-2.66,0.36,
2020,8,2,GP023F,1,chela,,1,7,52.5,-1,-0.16,
2020,8,2,GP023F,1,chela,,2,28,62.35,-2.87,0.26,
2020,8,2,GP019F,1,chela,,1,1,55.62,-1.09,4.88,
2020,8,2,GP019F,1,chela,,1,2,62.65,-2.64,2.41,
2020,8,2,GP019F,1,chela,,2,16,62.83,-2.44,2.61,
2020,8,2,GP019F,1,chela,,4,19,50.67,0.64,16.17,
2020,8,2,GP018F,1,chela,,5,9,46.52,1.71,12.48,
2020,8,2,GP018F,1,chela,,5,10,38.88,5.21,13.41,
2020,8,2,GP018F,1,chela,,1,11,66.22,-2.77,1.56,
2020,8,2,GP018F,1,chela,,1,22,66.07,-2.58,4.18,
2020,8,2,GP018F,1,chela,,2,69,59.87,-1.3,2.06,
2020,8,2,GP028F,1,chela,,3M,1,58.75,-1.86,7.36,
2020,8,2,GP028F,1,chela,,1,2,60.87,-2.2,2.12,
2020,8,2,GP028F,1,chela,,3M,3,49.06,-0.21,8.95,
2020,8,2,GP028F,1,chela,,1,9,56.05,-1.31,7.05,
2020,8,2,GP028F,1,chela,,4,10,50.91,0.89,18.96,
2020,8,2,GP028F,1,chela,,2,17,53.02,-1.36,1.83,
2020,8,2,GP028F,1,chela,,2,23,54.74,-2.04,0.46,
2020,8,2,GP028F,1,chela,,3,29,61.29,-1.5,13.17,
2020,8,2,GP028F,1,chela,,4,31,55.69,-0.84,9.45,
2020,8,2,GP028F,1,chela,,3,39,50.51,0.19,8.6,
2020,8,2,GP032F,1,chela,,2,1,64.95,-2.53,2.86,
2020,8,2,GP032F,1,chela,,3M,2,58.36,-0.62,13.55,
2020,8,2,GP032F,1,chela,,1,3,64.94,-2.88,1.1,
2020,8,2,GP032F,1,chela,,1,11,61.43,-2.41,-0.38,
2020,8,2,GP032F,1,chela,,3M,13,48.21,1.05,7.67,
2020,8,2,GP022F,1,chela,,1,1,65.7,-3.48,-0.55,
2020,8,2,GP022F,1,chela,,3,2,59.47,-2.46,5.09,
2020,8,2,GP022F,1,chela,,4,3,57.77,-0.97,11.04,
2020,8,2,GP022F,1,chela,,3M,4,55.42,-1.31,8.63,
2020,8,2,GP022F,1,chela,,3M,5,61.26,-0.87,16.9,
2020,8,2,GP030F,1,chela,,1,2,60.4,-2.4,-0.66,
2020,8,2,GP030F,1,chela,,1,3,66.64,-2.8,2.19,
2020,8,2,GP030F,1,chela,,4,4,57.2,-1.1,14.47,
2020,8,2,GP030F,1,chela,,3,5,58.28,-2.11,7.73,
2020,8,2,GP030F,1,chela,,4,6,46.49,3.11,18.14,
2020,8,2,GP030F,1,chela,,3M,7,57.15,-1.8,9.46,
2020,8,2,GP030F,1,chela,,3M,10,54.54,-0.58,11.82,
2020,8,2,GP030F,1,chela,,3,15,61.28,-2.02,4.95,
2020,8,2,GP040F,1,chela,,3M,1,57.69,-1.48,8.43,
2020,8,2,GP040F,1,chela,,1,2,63.58,-2.69,0.02,
2020,8,2,GP040F,1,chela,,4,3,58.18,-0.32,15.04,
2020,8,2,GP040F,1,chela,,3M,4,59.89,-2.21,6.3,
2020,8,2,GP040F,1,chela,,1,6,62.09,-2.77,0.21,
2020,8,2,GP040F,1,chela,,3,8,59.26,-1.34,9.12,
2020,8,2,GP040F,1,chela,,4,9,53.18,0.37,13.65,
2020,8,2,GP040F,1,chela,,3,14,59.07,-1.62,9.01,
2020,8,2,GP042F,1,chela,,1,1,63.52,-2.91,-1.14,
2020,8,2,GP042F,1,chela,,1,2,60.05,-2.26,2.21,
2020,8,2,GP042F,1,chela,,3M,7,48.91,0.95,7.89,
2020,8,2,GP042F,1,chela,,3M,13,59.32,-2.48,4.47,
2020,8,2,GP042F,1,chela,,3,21,51.418,0.32,7.59,
2020,8,2,GP041F,1,chela,,3M,1,55.83,-1.76,3.16,
2020,8,2,GP041F,1,chela,,4,2,50.69,2.25,16.98,
2020,8,2,GP041F,1,chela,,1,3,65.81,-3.4,-0.18,
2020,8,2,GP041F,1,chela,,3m,4,60.12,-1.62,7.64,
2020,8,2,GP041F,1,chela,,4,53,43.38,6.1,20.07,
2020,8,2,GP041F,1,chela,,5,75,37.36,6.15,14.76,
2020,8,2,GP041F,1,chela,,5,79,48.08,2.47,14.7,
2020,7,28,GP274F,1,chela,,4,20,52.1,-0.91,10.6,
2020,7,28,GP274F,1,chela,,4,31,51.73,-0.64,12.23,
2020,7,28,GP274F,1,chela,,3M,56,56.84,-1.58,8.77,
2020,7,28,GP274F,1,chela,,1,57,57.12,-1.46,-2.46,
2020,7,28,GP274F,1,chela,,1,59,58.03,2.49,6.09,
2020,7,28,GP268F,1,chela,,3,1,48.73,0.72,10.52,
2020,7,28,GP268F,1,chela,,3M,34,50.16,1,10.24,
2020,7,28,GP268F,1,chela,,1,35,54.58,-2.06,-1.47,
2020,7,28,GP268F,1,chela,,1,36,57.07,-1.75,-0.52,
2020,7,28,GP268F,1,chela,,3,42,48.75,1.27,8.86,
2020,7,28,GP268F,1,chela,,4,46,51.06,0.81,14.82,
2020,7,28,GP268F,1,chela,,3M,63,54.19,-0.14,11.56,
2020,7,28,GP259F,1,chela,,3,5,67.48,-3.55,4.92,
2020,7,28,GP259F,1,chela,,1,10,64.66,-3.07,0.84,
2020,7,28,GP259F,1,chela,,2,11,63.53,-2.36,1.07,
2020,7,28,GP259F,1,chela,,1,12,55.51,-1.36,-0.08,
2020,7,28,GP248F,1,chela,,1,4,53.12,-1.04,-0.67,
2020,7,28,GP248F,1,chela,,3M,7,57.61,-1.57,7.25,
2020,7,28,GP248F,1,chela,,1,12,61.93,-2.68,-1.3,
2020,7,28,GP248F,1,chela,,3,14,50.56,-0.19,9.21,
2020,7,28,GP248F,1,chela,,3,22,50.54,0.41,12.16,
2020,7,28,GP248F,1,chela,,2,27,60.66,-2.78,1.35,
2020,7,28,GP248F,1,chela,,3M,31,56.25,-2.15,1.98,
2020,7,28,GP248F,1,chela,,5,32,55.14,-0.62,9.76,
2020,7,28,GP248F,1,chela,,4,74,50.68,-0.23,15.89,
2020,7,28,GP248F,1,chela,,4,109,55.76,-0.05,16.18,
2020,7,28,GP248F,1,chela,,2,111,64.33,-2.69,-0.79,
2020,7,28,GP263F,1,chela,,3,4,60.64,-2.92,8.97,
2020,7,28,GP263F,1,chela,,1,6,54.97,-2.15,-0.69,
2020,7,28,GP263F,1,chela,,1,7,58.89,-2.4,-0.06,
2020,7,28,GP263F,1,chela,,3M,23,62.57,-2.2,10.15,
2020,7,28,GP263F,1,chela,,2,28,66.76,-3.78,1.46,
2020,7,28,GP263F,1,chela,,3M,34,58.42,-0.01,13.97,
2020,7,28,GP263F,1,chela,,2,35,61.92,-3.63,2.48,
2020,7,28,GP263F,1,chela,,3,41,58.03,-0.78,12.3,
2020,7,28,GP245F,1,chela,,3,3,49.89,-0.17,13.32,
2020,7,28,GP245F,1,chela,,1,8,53.61,-2.18,-0.33,
2020,7,28,GP245F,1,chela,,3,13,60.54,-1.37,2.5,
2020,7,28,GP245F,1,chela,,2,21,63.72,-2.77,-1.3,
2020,7,28,GP245F,1,chela,,4,24,50.57,0.7,12.2,
2020,7,28,GP245F,1,chela,,1,27,62.95,-3.03,1.35,
2020,7,28,GP245F,1,chela,,4,28,55.13,1.23,13.35,
2020,7,28,GP233F,1,chela,,4,2,56.44,0.38,17.93,
2020,7,28,GP233F,1,chela,,1,3,65.67,-3.69,0.84,
2020,7,28,GP233F,1,chela,,1,5,60.29,-2.77,2.46,
2020,7,28,GP233F,1,chela,,3,9,61.79,-2.72,6.47,
2020,7,28,GP233F,1,chela,,2,13,58.12,-2.54,1.38,
2020,7,28,GP233F,1,chela,,2,18,65.78,-3.95,1.79,
2020,7,28,GP233F,1,chela,,3,20,59.25,-1.71,7.23,
2020,7,28,GP233F,1,chela,,4,21,54.59,-0.62,9.86,
2020,7,28,GP233F,1,chela,,3m,60,51.3,-0.32,8.75,
2020,7,28,GP226F,1,chela,,1,7,66.53,-2.14,3.69,
2020,7,28,GP226F,1,chela,,1,9,65.3,-2.47,2.33,
2020,7,28,GP226F,1,chela,,2,10,56.85,-2.05,3.24,
2020,7,28,GP226F,1,chela,,4,15,51.41,1.41,10.74,
2020,7,28,GP220F,1,chela,,1,7,55.24,-2.08,-0.88,
2020,7,28,GP220F,1,chela,,3M,8,64.7,-2.55,8.65,
2020,7,28,GP220F,1,chela,,1,12,62.96,-3.32,1.91,
2020,7,28,GP220F,1,chela,,3,18,51.92,-0.56,10.13,
2020,7,28,GP220F,1,chela,,3,30,61.32,-2.33,9.04,
2020,7,28,GP220F,1,chela,,2,37,65.39,-3.52,2.06,
2020,7,28,GP220F,1,chela,,2,42,67.28,-4.4,4.03,
2020,7,28,GP220F,1,chela,,3m,72,57.48,-2.16,9.43,
2020,7,28,GP214F,1,chela,,1,10,59.69,-2.81,-2.2,
2020,7,28,GP214F,1,chela,,1,11,58.84,-2.32,2.16,
2020,7,28,GP214F,1,chela,,2,38,62.27,-3.5,1.32,
2020,7,28,GP214F,1,chela,,2,39,63.74,-2.8,0.78,
2020,7,28,GP192F,1,chela,,2,3,60.47,-2.71,1.26,
2020,7,28,GP192F,1,chela,,1,6,62.36,-1.32,4.42,
2020,7,28,GP192F,1,chela,,1,11,59.39,-1.1,2.14,
2020,7,28,GP192F,1,chela,,2,20,56.92,-1.26,0.78,
2020,7,28,GP197F,1,chela,,1,1,58.11,-1.74,4.11,
2020,7,28,GP197F,1,chela,,1,5,58.14,-2.16,4.95,
2020,7,28,GP197F,1,chela,,2,20,58.53,-1.32,2.9,
2020,7,28,GP197F,1,chela,,2,26,58.6,-1.89,3.08,
2020,7,28,GP197F,1,chela,,3M,36,65.48,-2.88,11,
2020,7,31,GP077A1,1,chela,,1,1,63.53,-3.09,4.07,
2020,7,31,GP077A1,1,chela,,2,2,58.82,-2.11,2.28,
2020,7,31,GP077A1,1,chela,,2,3,50.38,2.29,8.13,
2020,7,31,GP077A1,1,chela,,1,4,66.3,-1.8,4.05,
2020,7,31,GP084F,1,chela,,1,1,66.16,-3.63,-0.08,
2020,7,31,GP084F,1,chela,,5,2,39.82,5.41,17.36,
2020,7,31,GP084F,1,chela,,1,6,64.06,-3.09,2.5,
2020,7,31,GP084F,1,chela,,2,7,64.42,2.92,0.23,
2020,7,31,GP084F,1,chela,,2,15,57.63,-1.69,2.79,
2020,7,31,GP113F,1,chela,,1,1,59.09,-2,2.27,
2020,7,31,GP113F,1,chela,,1,9,46.88,-0.16,-0.42,
2020,7,31,GP113F,1,chela,,2,10,64.02,-2.67,1.56,
2020,7,31,GP113F,1,chela,,3,38,58.3,-1.27,6.46,
2020,7,31,GP113F,1,chela,,3M,39,48.34,1.38,10.74,
2020,7,31,GP113F,1,chela,,4,46,47.72,3.41,17.18,
2020,7,31,GP113F,1,chela,,3M,53,49.4,-0.78,6.78,
2020,7,31,GP113F,1,chela,,3,62,45.46,3.01,13.54,
2020,7,31,GP113F,1,chela,,2,78,63.24,-3.02,0.65,
2020,7,31,GP113F,1,chela,,5,80,47.26,-0.38,16.05,
2020,7,31,GP127F,1,chela,,1,1,63.37,-3.67,0.51,
2020,7,31,GP127F,1,chela,,3M,2,57.92,-1.92,13.67,
2020,7,31,GP127F,1,chela,,3,3,49.56,2.13,14.6,
2020,7,31,GP127F,1,chela,,1,4,63.41,-3.41,-0.63,
2020,7,31,GP127F,1,chela,,4,12,48.82,0.35,14.08,
2020,7,31,GP127F,1,chela,,3,13,46.87,0.56,5.93,
2020,7,31,GP127F,1,chela,,2,30,62.39,-2.55,2.06,
2020,7,31,GP127F,1,chela,,2,50,62.5,-2.59,3.8,
2020,7,31,GP127F,1,chela,,5,97,52.74,0.11,15,
2020,7,31,GP127F,1,chela,,3M,113,42.86,2.89,9.97,
2020,7,31,GP125F,1,chela,,1,23,61.36,-2.61,-2.3,
2020,7,31,GP125F,1,chela,,1,46,63.42,-2.65,2.22,
2020,7,31,GP125F,1,chela,,3M,48,52.25,1.33,10.57,
2020,7,31,GP106F,1,chela,,1,1,61.45,-3.14,0.95,
2020,7,31,GP106F,1,chela,,1,2,57.66,-3.43,2.01,
2020,7,31,GP106F,1,chela,,2,12,56.77,-1.54,2.92,
2020,7,31,GP106F,1,chela,,3,18,45.36,1.51,9.82,
2020,7,31,GP106F,1,chela,,3M,19,49.49,0.67,15.15,
2020,7,31,GP106F,1,chela,,3M,39,52.74,0.64,14.49,
2020,7,31,GP106F,1,chela,,3,73,49.52,-0.31,6.13,
2020,7,31,GP080A2,1,chela,,1,1,51.01,-1.53,-1.71,
2020,7,31,GP080A2,1,chela,,1,2,59.6,-1.91,0.68,
2020,7,31,GP080A2,1,chela,,3M,3,53.48,1.04,13.27,
2020,7,31,GP088F,1,chela,,1,1,54.69,-2.2,-0.49,
2020,7,31,GP088F,1,chela,,1,2,61.77,-3.25,-0.41,
2020,7,31,GP068F,1,chela,,2,3,49.2,-0.86,0.71,
2020,7,31,GP068F,1,chela,,3M,46,49.62,0.38,11.9,
2020,7,31,GP068F,1,chela,,1,47,55.46,-1.81,1.22,
2020,7,31,GP068F,1,chela,,1,48,51.56,-1.04,2.05,
2020,7,31,GP076F,1,chela,,3M,24,48.18,0.67,10.78,
2020,7,31,GP076F,1,chela,,1,25,57.81,-2.46,0.64,
2020,7,31,GP076F,1,chela,,3M,28,48.87,0.1,9.18,
2020,7,31,GP076F,1,chela,,3,54,44.91,4.16,12.67,
2020,7,31,GP076F,1,chela,,1,71,59.07,-2,4.44,
2020,7,31,GP076F,1,chela,,3,127,45.97,2.01,10.1,
2020,7,31,GP076F,1,chela,,5,133,53.81,-0.82,12.43,
2020,7,31,GP061F,1,chela,,1,13,60.17,-2.72,1.91,
2020,7,31,GP061F,1,chela,,1,63,59.26,-2.33,0.7,
2020,7,31,GP061F,1,chela,,2,144,54.24,-1.62,1.99,
2020,7,30,GP198F,1,chela,,2,1,68.34,-3.45,1.85,
2020,7,30,GP198F,1,chela,,1,9,68.99,-2.39,4.66,
2020,7,30,GP198F,1,chela,,3M,18,53.98,0.24,15.12,
2020,7,30,GP198F,1,chela,,3,22,62.16,0,5.97,
2020,7,30,GP198F,1,chela,,3,29,55,0.13,2.58,
2020,7,30,GP198F,1,chela,,3M,34,50.05,1.37,12.64,
2020,7,30,GP198F,1,chela,,2,36,62.08,-2.24,10.59,
2020,7,30,GP198F,1,chela,,1,39,67.3,-2.28,4.76,
2020,7,30,GP179F,1,chela,,1,1,60.88,-3.08,-0.68,
2020,7,30,GP179F,1,chela,,1,2,66.21,-3.61,-0.37,
2020,7,30,GP179F,1,chela,,3,4,56.92,-1.52,12.19,
2020,7,30,GP179F,1,chela,,3M,12,53.32,-0.5,12.85,
2020,7,30,GP179F,1,chela,,3,20,59.04,-1.6,5.76,
2020,7,30,GP179F,1,chela,,4,27,54.63,-0.24,11.89,
2020,7,30,GP179F,1,chela,,3m,35,56.1,-1.47,11.69,
2020,7,30,GP176F,1,chela,,4,1,51.89,0.89,16.8,
2020,7,30,GP176F,1,chela,,4,2,49.4,0.23,13.62,
2020,7,30,GP176F,1,chela,,2,3,64.2,-3.43,1.26,
2020,7,30,GP176F,1,chela,,2,7,62.37,-3.45,1.41,
2020,7,30,GP176F,1,chela,,1,8,64.94,-3.14,1.76,
2020,7,30,GP176F,1,chela,,1,12,55.03,-2.5,1.21,
2020,7,30,GP176F,1,chela,,3,34,57.81,-2.21,10.3,
2020,7,30,GP176F,1,chela,,3,35,58.93,-2.1,15.26,
2020,7,30,GP176F,1,chela,,3M,135,60.22,-1.7,11.25,
2020,7,30,GP158F,1,chela,,4,2,52.39,-1.54,10.65,
2020,7,30,GP158F,1,chela,,1,4,59.95,-3.24,-0.07,
2020,7,30,GP158F,1,chela,,2,6,62.91,-3.75,1.5,
2020,7,30,GP158F,1,chela,,4,8,53.63,-2.53,6.67,
2020,7,30,GP158F,1,chela,,1,40,61.98,-2.96,-0.42,
2020,7,30,GP158F,1,chela,,3,42,60.16,-2.56,9.7,
2020,7,30,GP158F,1,chela,,2,69,69.41,-4.08,3.38,
2020,7,30,GP158F,1,chela,,3M,79,59.88,-1.257,13.45,
2020,7,30,GP149F,1,chela,,3M,3,59.86,-1.63,11.9,
2020,7,30,GP149F,1,chela,,1,7,62.43,-3.57,2.34,
2020,7,30,GP149F,1,chela,,2,29,53.83,-2,0.81,
2020,7,30,GP149F,1,chela,,3M,31,60.57,-1.45,8.34,
2020,7,30,GP149F,1,chela,,3,36,58.42,-1.6,11.49,
2020,7,30,GP149F,1,chela,,3,48,47.46,0.09,9.02,
2020,7,30,GP149F,1,chela,,1,59,59.96,-2.99,-0.98,
2020,7,30,GP149F,1,chela,,4,66,50.57,-0.44,15.12,
2020,7,30,GP147F,1,chela,,3,10,56.56,-2.24,5.09,
2020,7,30,GP147F,1,chela,,1,32,59.05,-3.01,-2.3,
2020,7,30,GP147F,1,chela,,3,33,57.69,-4.21,10.85,
2020,7,30,GP147F,1,chela,,4,34,48.91,0.51,15.13,
2020,7,30,GP147F,1,chela,,1,52,50.85,-1.56,-2.58,
2020,7,30,GP147F,1,chela,,3M,56,50.93,-0.27,13.64,
2020,7,30,GP147F,1,chela,,4,72,48.32,-3.22,13.23,
2020,7,30,GP123F,1,chela,,1,2,57.57,-2.76,-0.78,
2020,7,30,GP123F,1,chela,,2,8,65.59,-3.91,0.77,
2020,7,30,GP123F,1,chela,,3,26,53.41,-1.67,6.36,
2020,7,30,GP123F,1,chela,,2,27,62.59,-3.3,2.71,
2020,7,30,GP123F,1,chela,,1,46,61.37,-3.33,-1.058,
2020,7,30,GP128A1,1,chela,,1,23,55.48,-0.7,6.8,
2020,7,30,GP099F,1,chela,,1,1,59.93,-2.76,0.66,
2020,7,30,GP099F,1,chela,,1,6,56.39,-1.63,3.53,
2020,7,30,GP099F,1,chela,,2,36,55.34,-1.74,1.67,
2020,7,30,GP099F,1,chela,,2,41,59.81,-1.36,0.62,
2020,7,30,GP094F,1,chela,,2,4,64.91,-3.75,2.55,
2020,7,30,GP094F,1,chela,,1,5,64.81,-2.23,0.05,
2020,7,30,GP094F,1,chela,,2,12,64.18,-2.78,1.68,
2020,7,30,GP094F,1,chela,,1,15,57.42,-1.97,1.68,
2020,7,13,GP354F,1,chela,,1,1,54.1,-0.22,-3.62,
2020,7,13,GP354F,1,chela,,2,2,36.78,1.14,9.43,
2020,7,13,GP351F,1,chela,,3,1,48.5,0.37,10.16,
2020,7,13,GP351F,1,chela,,1,2,50.2,-1.48,0.91,
2020,7,13,GP351F,1,chela,,3,3,62.85,-2.58,3.67,
2020,7,13,GP351F,1,chela,,2,8,53.51,-1.46,5.26,
2020,7,13,GP351F,1,chela,,2,26,49.65,-1.06,5.8,
2020,7,13,GP351F,1,chela,,1,32,58.86,-2.96,-0.73,
2020,7,13,GP351F,1,chela,,3M,57,52.48,0.77,15.07,
2020,7,13,GP351F,1,chela,,3M,58,54.13,0.05,11.07,
2020,7,13,GP352F,1,chela,,2,13,48.92,3.71,3.75,
2020,7,13,GP352F,1,chela,,2,19,49.62,3.09,3.88,
2020,7,13,GP352F,1,chela,,1,43,48.26,3.34,1.23,
2020,7,13,GP352F,1,chela,,3,144,47.92,-0.11,3.6,
2020,7,13,GP350F,1,chela,,1,1,54.77,-2.09,-3.26,
2020,7,13,GP350F,1,chela,,1,2,63.16,-2.95,-0.08,
2020,7,13,GP350F,1,chela,,2,5,50.01,-0.71,2.34,
2020,7,13,GP350F,1,chela,,3,13,60.18,-3.91,3.4,
2020,7,13,GP350F,1,chela,,3,15,60.88,-2.27,2.51,
2020,7,13,GP346F,1,chela,,4,4,54.18,-1.01,9.52,
2020,7,13,GP346F,1,chela,,1,6,62.98,-3.27,1.29,
2020,7,13,GP346F,1,chela,,1,7,63.3,-3.61,0.7,
2020,7,13,GP342F,1,chela,,3,1,63.53,-3.84,7.6,
2020,7,13,GP342F,1,chela,,1,2,59.05,-3.15,-2.61,
2020,7,13,GP342F,1,chela,,1,5,59.09,-2.9,-3.27,
2020,7,13,GP342F,1,chela,,3,9,59.32,-2.8,7.87,
2020,7,13,GP342F,1,chela,,3M,33,50.41,0.36,16.7,
2020,7,13,GP342F,1,chela,,2,63,62.45,-3.16,-0.5,
2020,7,13,GP342F,1,chela,,2,68,54.41,-2.31,1.35,
2020,7,13,GP342F,1,chela,,4,100,53.64,-1.04,13.4,
2020,7,13,GP334F,1,chela,,1,1,62.18,-2.42,1.45,
2020,7,20,GP165A1,1,chela,,2,9,51.1,0.02,7.21,
2020,7,20,GP165A1,1,chela,,2,10,58.39,-2.23,12.01,
2020,7,20,GP165A1,1,chela,,3,16,52.2,-1.89,6.6,
2020,7,20,GP165A1,1,chela,,3,17,51.14,-1.22,12.84,
2020,7,20,GP165A1,1,chela,,3M,21,55.53,0.76,19.87,
2020,7,20,GP153F,1,chela,,4,16,53.17,-1.42,15.64,
2020,7,20,GP153F,1,chela,,1,22,58.56,-2.97,-0.86,
2020,7,20,GP153F,1,chela,,1,25,58.39,-2.99,1.33,
2020,7,20,GP153F,1,chela,,4,28,53.76,-0.48,16.18,
2020,7,20,GP153F,1,chela,,3,29,61.24,-2.35,8.94,
2020,7,20,GP153F,1,chela,,3m,38,59.4,-0.87,13.3,
2020,7,20,GP153F,1,chela,,2,39,59.88,-2.55,-0.28,
2020,7,20,GP153F,1,chela,,3m,40,60.18,-2.28,12.76,
2020,7,20,GP169F,1,chela,,5,1,46.19,0.83,14.02,
2020,7,20,GP169F,1,chela,,5,2,49.64,2,16.43,
2020,7,20,GP169F,1,chela,,3,26,62.17,-2.88,9.42,
2020,7,20,GP169F,1,chela,,3,39,59.67,-2.39,7.25,
2020,7,20,GP169F,1,chela,,2,42,56.68,-2.68,4.32,
2020,7,20,GP180F,1,chela,,1,1,58.9,-2.63,-3.22,
2020,7,20,GP180F,1,chela,,1,1,56.25,-2.23,-3.77,
2020,7,20,GP185F,1,chela,,1,1,59.38,-2.98,-1.85,
2020,7,20,GP185F,1,chela,,4,10,55.43,-0.51,13.3,
2020,7,20,GP185F,1,chela,,1,16,61.95,-3.29,-0.58,
2020,7,20,GP185F,1,chela,,2,22,56.67,-2.43,3.71,
2020,7,20,GP185F,1,chela,,3,28,58.52,-1.48,11.91,
2020,7,20,GP185F,1,chela,,3,32,48.44,-0.32,8.74,
2020,7,20,GP185F,1,chela,,2,34,51.67,-1.79,6.11,
2020,7,20,GP185F,1,chela,,3M,36,57.9,-2.05,9.71,
2020,7,20,GP185F,1,chela,,3M,44,52.31,-0.85,8.91,
2020,7,20,GP201F,1,chela,,1,1,57.52,-2.54,-0.8,
2020,7,20,GP201F,1,chela,,1,10,50.97,-1.53,-0.88,
2020,7,20,GP201F,1,chela,,5,13,45.48,2.04,12.03,
2020,7,20,GP201F,1,chela,,3,24,57.41,-1.92,6.79,
2020,7,20,GP207F,1,chela,,2,12,61.34,-3.07,14.83,
2020,7,20,GP207F,1,chela,,1,13,60.82,-3.29,-1.52,
2020,7,20,GP207F,1,chela,,2,16,57.76,-1.46,3.8,
2020,7,20,GP207F,1,chela,,4,20,52.16,-1.18,12.05,
2020,7,20,GP207F,1,chela,,1,21,54.8,-2.36,-2.29,
2020,7,20,GP227F,1,chela,,1,1,54.63,-2.32,-1.55,
2020,7,20,GP227F,1,chela,,1,3,57.3,-2.47,-3.26,
2020,7,20,GP227F,1,chela,,2,13,54.49,-2.46,4,
2020,7,20,GP230F,1,chela,,2,2,62.74,-3.26,7.72,
2020,7,20,GP230F,1,chela,,3M,5,54.38,-1.14,9.29,
2020,7,20,GP230F,1,chela,,2,14,59.77,-2.83,8.04,
2020,7,21,GP217F,1,chela,,1,2,58.85,-2.28,-1.52,
2020,7,21,GP217F,1,chela,,2,3,62.9,-4.26,5.47,
2020,7,21,GP217F,1,chela,,3M,4,52.46,-1.19,16.96,
2020,7,21,GP217F,1,chela,,1,32,58.34,-2.56,-1.86,
2020,7,21,GP217F,1,chela,,3,37,61.8,-3.31,4.9,
2020,7,21,GP200F,1,chela,,1,1,60.14,-3.1,-2.51,
2020,7,21,GP200F,1,chela,,1,2,62.83,-2.94,-0.29,
2020,7,21,GP200F,1,chela,,2,4,61.04,-3.23,11.77,
2020,7,21,GP218F,1,chela,,1,2,54.55,-2.23,-2.59,
2020,7,21,GP218F,1,chela,,3M,14,54.6,-1.02,18.01,
2020,7,21,GP218F,1,chela,,1,15,62.43,-3.17,2.75,
2020,7,21,GP218F,1,chela,,3,16,57.18,-1.13,10.09,
2020,7,21,GP218F,1,chela,,3,17,61.52,-2.52,12.76,
2020,7,21,GP218F,1,chela,,3M,30,49.9,-0.65,13.82,
2020,7,21,GP218F,1,chela,,2,42,60.99,-3.27,4.13,
2020,7,21,GP236F,1,chela,,3M,1,58.22,0.17,13.76,
2020,7,21,GP236F,1,chela,,4,4,49.34,-0.36,10.08,
2020,7,21,GP236F,1,chela,,2,5,52.44,-1.42,0.45,
2020,7,21,GP236F,1,chela,,3M,7,57.05,-0.26,17.59,
2020,7,21,GP236F,1,chela,,1,13,54.79,-1.6,0.69,
2020,7,21,GP243F,1,chela,,3M,7,53.29,-0.15,9.97,
2020,7,21,GP243F,1,chela,,3M,8,54.81,0.91,12.29,
2020,7,21,GP243F,1,chela,,3,10,63.91,-3.1,5.47,
2020,7,21,GP261F,1,chela,,3M,1,55.51,-1.94,8.48,
2020,7,21,GP261F,1,chela,,3M,2,55.58,-2.37,9.14,
2020,7,21,GP261F,1,chela,,5,12,51.22,-1.11,13.92,
2020,7,21,GP257F,1,chela,,3M,6,60.67,-2.69,11.53,
2020,7,21,GP257F,1,chela,,3M,7,59.23,-3.22,7.75,
2020,7,21,GP257F,1,chela,,4,8,50.27,-0.27,15.4,
2020,7,21,GP257F,1,chela,,4,9,55.54,-0.39,16.17,
2020,7,21,GP257F,1,chela,,3,20,64.35,-3.76,5.01,
2020,7,21,GP257F,1,chela,,3,30,59.22,-2.77,5.97,
2020,7,21,GP257F,1,chela,,1,42,60.78,-1.77,-1.77,
2020,7,21,GP278F,1,chela,,1,1,61.59,-1.06,2.41,
2020,7,21,GP278F,1,chela,,2,7,62.21,-2.93,11.64,
2020,7,21,GP278F,1,chela,,1,8,54.43,-1.75,8.02,
2020,7,21,GP278F,1,chela,,2,26,63.25,-1.83,0.25,
2020,7,21,GP278F,1,chela,,3,43,57.99,-2.71,5.55,
2020,7,21,GP287F,1,chela,,1,1,52.56,-2.68,0.36,
2020,7,21,GP303F,1,chela,,1,1,56.54,-1.22,-2.66,
2020,7,21,GP303F,1,chela,,1,2,49.62,1.25,-2.92,
2020,7,21,GP303F,1,chela,,2,4,51.61,0.91,1.84,
2020,8,14,GP281F,1,chela,,3M,4,57.31,-2.24,8.89,
2020,8,14,GP281F,1,chela,,1,10,54.27,-1.98,-1.53,
2020,8,14,GP281F,1,chela,,1,20,49.29,-1.38,-3.94,
2020,8,14,GP281F,1,chela,,2,38,65.11,-3.5,1.54,
2020,8,14,GP258F,1,chela,,4,13,55.8,-0.44,14,
2020,8,14,GP258F,1,chela,,3,41,58.26,-2.94,3.71,
2020,8,14,GP258F,1,chela,,3,42,59.03,-2.34,5.24,
2020,8,14,GP258F,1,chela,,4,53,46.76,2.68,13.42,
2020,8,14,GP258F,1,chela,,1,56,55.32,-64,0.1,
2020,8,14,GP247F,1,chela,,1,1,61.28,-3.32,-2.23,
2020,8,14,GP247F,1,chela,,2,16,61.61,-2.73,-1.75,
2020,8,14,GP247F,1,chela,,1,19,61.62,-2.63,0.29,
2020,8,14,GP247F,1,chela,,3,34,55.64,-2.26,5.55,
2020,8,14,GP223F,1,chela,,1,8,60.99,-3.45,0.17,
2020,8,14,GP223F,1,chela,,4,11,59.42,-0.92,12.47,
2020,8,14,GP223F,1,chela,,1,28,56.5,-2.52,-1.53,
2020,8,14,GP223F,1,chela,,3m,39,59.03,-2.33,8.76,
2020,8,14,GP223F,1,chela,,3,75,57.56,-2.16,4.09,
2020,8,14,GP209F,1,chela,,4,9,58.9,-1.23,12.85,
2020,8,14,GP209F,1,chela,,1,13,59.53,-2.24,-1.62,
2020,8,14,GP209F,1,chela,,3,19,58.4,-1.77,7.25,
2020,8,14,GP209F,1,chela,,4,22,59.16,-2.02,11.2,
2020,8,14,GP209F,1,chela,,1,23,60.62,-2.16,-1.17,
2020,8,14,GP209F,1,chela,,2,32,57.51,-1.7,7.66,
2020,8,14,GP209F,1,chela,,3,33,63.87,-3.32,8.1,
2020,8,14,GP209F,1,chela,,5,34,48.7,0.49,11.35,
2020,8,14,GP204F,1,chela,,3,15,61.52,-3.12,4.13,
2020,8,14,GP204F,1,chela,,4,17,55.47,-1.26,9.56,
2020,8,14,GP204F,1,chela,,3,18,46.49,3.53,14.7,Pince usée
2020,8,14,GP183F,1,chela,,2,1,62.1,-2.64,2.82,
2020,8,14,GP183F,1,chela,,2,2,58.05,-2.18,1.53,
2020,8,14,GP183F,1,chela,,1,39,59.34,-2.05,2.45,
2020,8,14,GP183F,1,chela,,1,50,56.89,-2.2,1.11,
2020,8,14,GP183F,1,chela,,3m,55,56.33,-1.42,9.9,
2020,8,14,GP183F,1,chela,,5,56,51.98,1.11,17.59,
2020,8,14,GP183F,1,chela,,3m,57,58.58,-2.4,11.67,
2020,8,14,GP183F,1,chela,,3,61,62.11,-2.4,4.56,
2020,8,14,GP172F,1,chela,,3,24,49.88,1.53,13.73,
2020,8,14,GP172F,1,chela,,2,44,65,-3.07,6.65,
2020,8,14,GP172F,1,chela,,3,60,66.26,-2.78,5.88,
2020,8,14,GP172F,1,chela,,4,70,44.89,1.14,16.45,
2020,8,14,GP172F,1,chela,,2,72,53.6,-1.72,3.77,
2020,8,14,GP172F,1,chela,,1,79,53.77,-0.77,7.02,
2020,8,14,GP157F,1,chela,,5,12,49.01,-0.5,11.74,
2020,8,14,GP157F,1,chela,,2,16,62.2,-3.06,2.73,
2020,8,14,GP144F,1,chela,,1,44,60.28,-2.46,4.43,
2020,8,14,GP144F,1,chela,,2,47,63.88,-3.93,1.5,
2020,8,14,GP144F,1,chela,,1,73,55.87,-2.46,1.9,
2020,8,14,GP136F,1,chela,,2,57,62.97,-3.26,-0.17,
2020,8,14,GP136F,1,chela,,2,58,66.51,-3.79,2.85,
2020,8,14,GP136F,1,chela,,4,59,50.32,1.75,17.14,
2020,8,14,GP136F,1,chela,,1,62,54.91,-1.09,5.88,
2020,8,14,GP136F,1,chela,,1,67,55.93,-1.15,5.61,
2020,8,14,GP136F,1,chela,,3M,151,52.55,-0.39,9.6,
2020,8,1,GP049A1,1,chela,,1,1,57.75,-0.36,-0.46,
2020,8,1,GP026F,1,chela,,1,1,53.38,1.95,0.89,
2020,8,1,GP024F,1,chela,,1,1,55.63,-2.22,1.6,
2020,8,1,GP024F,1,chela,,1,2,56.17,-2.15,-0.122,
2020,8,1,GP024F,1,chela,,2,17,58.96,-1.36,0.72,
2020,8,1,GP024F,1,chela,,2,30,62.4,-1.94,1.12,
2020,8,1,GP046F,1,chela,,1,15,63.27,-3.05,-2.03,
2020,8,1,GP046F,1,chela,,1,16,59.11,-2.77,-0.3,
2020,8,1,GP046F,1,chela,,4,36,47.93,2.86,21.34,
2020,8,1,GP067F,1,chela,,3,58,44.98,1.16,8.66,
2020,8,1,GP067F,1,chela,,1,77,55.19,-1.76,1.54,
2020,8,1,GP067F,1,chela,,3,85,59.89,-1.82,11.29,
2020,8,1,GP067F,1,chela,,1,86,53.87,-1.88,-0.56,
2020,8,1,GP067F,1,chela,,4,96,48.2,0.95,11.93,
2020,8,1,GP067F,1,chela,,2,108,59.68,-2.81,-0.07,
2020,8,1,GP091A1,1,chela,,1,3,60.25,-2.58,0.6,
2020,8,1,GP091A1,1,chela,,3,4,60.12,-2.87,7.44,
2020,8,1,GP091A1,1,chela,,1,5,57.11,-2.23,1.15,
2020,8,1,GP091A1,1,chela,,2,6,58.63,-2.27,1.88,
2020,8,1,GP091A1,1,chela,,4,7,45.22,0.6,17.13,
2020,8,1,GP091A1,1,chela,,2,10,55.64,-2.19,2.48,
2020,8,1,GP091A1,1,chela,,5,16,42.84,4.28,19.97,
2020,8,1,GP066A1,1,chela,,1,6,53.36,-1.62,0.33,
2020,8,1,GP066A1,1,chela,,1,25,49.35,-0.5,1.13,
2020,8,1,GP066A1,1,chela,,2,37,60.11,-2.6,2.92,
2020,8,1,GP066A1,1,chela,,2,38,48.57,-0.82,1.08,
2020,8,1,GP066A1,1,chela,,3M,51,54.68,-1.08,11.84,
2020,8,1,GP066A1,1,chela,,3M,69,50.75,0.99,12.28,
2020,8,1,GP066A1,1,chela,,4,72,53.99,-0.54,9.66,
2020,8,1,GP048F,1,chela,,1,1,54.61,-1.69,0.19,
2020,8,1,GP048F,1,chela,,4,2,49.3,0.65,14.62,
2020,8,1,GP048F,1,chela,,1,4,54.88,-1.86,1.66,
2020,8,1,GP048F,1,chela,,2,29,58.78,-2.22,1.84,
2020,8,1,GP048F,1,chela,,4,169,49.33,2.39,14.31,
2020,8,11,GP053F,1,chela,,1,59,50.41,-1.7,5.17,
2020,8,11,GP053F,1,chela,,2,60,47.23,-1.52,7.32,
2020,8,11,GP053F,1,chela,,2,119,60.93,-2.4,3.77,
2020,8,11,GP053F,1,chela,,3M,122,46.23,0.41,11.38,
2020,8,11,GP053F,1,chela,,1,170,58.11,-2.76,1.52,
2020,8,11,GP053F,1,chela,,3,171,58.59,-2.35,6.25,
2020,8,11,GP039F,1,chela,,1,1,63.6,3.62,-0.04,
2020,8,11,GP039F,1,chela,,1,2,66.28,-3.47,3.05,
2020,8,11,GP039F,1,chela,,4,3,51.65,-0.34,13.89,
2020,8,11,GP045F,1,chela,,3M,1,48.74,-0.53,10.13,
2020,8,11,GP045F,1,chela,,1,2,52.46,-2.38,-0.29,
2020,8,11,GP045F,1,chela,,3M,3,47.72,-0.62,6.96,
2020,8,11,GP045F,1,chela,,1,4,49.47,-1.94,1.36,
2020,8,11,GP045F,1,chela,,2,8,50.77,-0.96,4.21,
2020,8,11,GP062F,1,chela,,3M,233,48.09,-0.21,11.03,
2020,8,11,GP062F,1,chela,,2,24,58.43,-2.55,1.1,
2020,8,11,GP062F,1,chela,,3M,25,49.41,-0.96,4.43,
2020,8,11,GP062F,1,chela,,1,50,62.52,-2.86,1.18,
2020,8,11,GP062F,1,chela,,1,51,62.23,-3.17,1.3,
2020,8,11,GP062F,1,chela,,4,54,52.51,1.22,19.3,
2020,8,11,GP062F,1,chela,,3,73,46.57,-0.09,6.96,
2020,8,11,GP062F,1,chela,,2,87,46.9,-0.04,6.45,
2020,8,11,GP062F,1,chela,,3,93,47.52,-74,9.62,
2020,8,11,GP060F,1,chela,,1,1,64.61,-2.46,4.4,
2020,8,11,GP060F,1,chela,,2,2,60.72,-2.48,2.27,
2020,8,11,GP060F,1,chela,,1,4,58.54,-2.58,1.57,
2020,8,11,GP060F,1,chela,,3M,7,48.68,-0.25,4.81,
2020,8,11,GP060F,1,chela,,3,8,48.23,-0.42,4.97,
2020,8,11,GP060F,1,chela,,3M,54,56.44,-1.71,6.14,
2020,8,15,GP135F,1,chela,,3M,1,60.33,-1.92,12.07,
2020,8,15,GP135F,1,chela,,3,2,47.46,1.03,14.05,
2020,8,15,GP135F,1,chela,,2,7,53.99,-1.48,7.98,
2020,8,15,GP135F,1,chela,,3M,18,54.11,-0.71,8.32,
2020,8,15,GP135F,1,chela,,2,22,60.72,-2.15,5.96,
2020,8,15,GP135F,1,chela,,1,24,58.31,-2.22,-1.91,
2020,8,15,GP135F,1,chela,,3,25,47.54,0.43,10.32,
2020,8,15,GP135F,1,chela,,1,53,59.38,-1.73,3.81,
2020,8,15,GP135F,1,chela,,4,35,48.66,2.58,16.3,
2020,8,15,GP145F,1,chela,,1,54,60.54,-1.69,0.01,
2020,8,15,GP145F,1,chela,,4,55,52.86,1.34,14.68,
2020,8,15,GP145F,1,chela,,4,56,50.73,2.04,14.83,
2020,8,15,GP145F,1,chela,,1,57,59.79,-0.75,0.54,
2020,8,15,GP145F,1,chela,,3,66,63.28,-2.11,8.41,
2020,8,15,GP145F,1,chela,,3,73,55.53,-0.71,8.7,
2020,8,15,GP145F,1,chela,,2,74,58.23,-1.52,4.35,
2020,8,15,GP145F,1,chela,,3M,75,58.35,0.37,13.43,
2020,8,15,GP145F,1,chela,,3M,77,58.23,-1.52,6.25,
2020,8,15,GP131F,1,chela,,3,1,57.69,-1.55,6.73,
2020,8,15,GP131F,1,chela,,3,15,47.09,1.69,8.32,
2020,8,15,GP131F,1,chela,,1,16,50.48,0.46,1.74,
2020,8,15,GP131F,1,chela,,1,19,60.82,-2.59,1.71,
2020,8,15,GP131F,1,chela,,3m,24,49.29,0.13,6.73,
2020,8,15,GP131F,1,chela,,2,28,60.35,-1.29,5.16,
2020,8,15,GP131F,1,chela,,3m,33,58.23,1.59,16.7,
2020,8,15,GP137F,1,chela,,1,8,63.06,-3.05,1.87,
2020,8,15,GP137F,1,chela,,1,9,60.34,-2.64,2.01,
2020,8,15,GP137F,1,chela,,3,68,59.25,-2.27,5.55,
2020,8,15,GP132F,1,chela,,3M,33,55.59,-1.76,8.47,
2020,8,15,GP132F,1,chela,,2,345,62.76,-3.13,-0.88,
2020,8,15,GP132F,1,chela,,4,36,46.72,4.5,15.82,
2020,8,15,GP132F,1,chela,,2,37,63.96,-2.95,0.85,
2020,8,15,GP132F,1,chela,,3m,38,59.14,-1.86,10.17,
2020,8,15,GP132F,1,chela,,1,42,62.45,-1.97,2.4,
2020,8,15,GP132F,1,chela,,1,43,61.68,-1.9,2.63,
2020,8,15,GP119F,1,chela,,1,1,62.35,-2.51,2.59,
2020,8,15,GP119F,1,chela,,1,2,61.56,-2.47,-2.51,
2020,8,15,GP119F,1,chela,,3M,3,58.91,-1.2,12.9,
2020,8,15,GP119F,1,chela,,2,4,62.79,-2.33,2.32,
2020,8,15,GP119F,1,chela,,3,5,61.6,-1.29,8.33,
2020,8,15,GP119F,1,chela,,2,13,62.77,-2.04,3.53,
2020,8,15,GP119F,1,chela,,3M,14,54.24,0.96,14.01,
2020,8,15,GP119F,1,chela,,4,37,52.18,1.33,18.01,
2020,8,15,GP119F,1,chela,,3,79,46.11,0.65,4.61,
2020,8,15,GP102F,1,chela,,1,1,67.61,-2.3,4.66,
2020,8,15,GP102F,1,chela,,1,2,61.33,-2.82,-1.46,
2020,8,15,GP102F,1,chela,,2,10,64.67,-1.86,7.26,
2020,8,15,GP102F,1,chela,,2,120,56.64,-1.65,-0.83,
2020,8,15,GP108F,1,chela,,1,22,62.71,-2.31,2.7,
2020,8,15,GP108F,1,chela,,3M,23,59.67,-2.42,5.43,
2020,8,15,GP108F,1,chela,,3M,24,50.22,0.68,8.52,
2020,8,15,GP108F,1,chela,,2,30,65.42,-2.5,3.4,
2020,8,15,GP108F,1,chela,,1,31,61.79,-2.36,0.91,
2020,8,15,GP108F,1,chela,,3,48,589.82,-1.11,11.2,
2020,8,15,GP108F,1,chela,,4,50,51.5,1.13,13.24,
2020,8,15,GP104F,1,chela,,3M,82,48.91,1.58,8.69,
2020,8,15,GP104F,1,chela,,3M,86,48.02,0.99,6.81,
2020,8,15,GP104F,1,chela,,1,136,59.29,-2.26,0.63,
2020,8,15,GP104F,1,chela,,1,137,61.01,-2.17,-1.65,
2020,8,15,GP104F,1,chela,,3,138,49.11,2.29,11.63,
2020,8,15,GP104F,1,chela,,3,165,51.83,0.16,6.95,
2020,8,15,GP079F,1,chela,,3,2,56.99,-0.71,8.63,
2020,8,15,GP079F,1,chela,,3,3,58.72,-1.63,8.29,
2020,8,15,GP079F,1,chela,,3M,5,51.61,0.34,9.36,
2020,8,15,GP079F,1,chela,,3M,24,58.43,-1.17,12.21,
2020,8,15,GP079F,1,chela,,1,29,63.19,-2.66,0.23,
2020,8,15,GP079F,1,chela,,4,31,60.72,-0.63,13.66,
2020,8,15,GP079F,1,chela,,1,48,65.18,-3.37,0.8,
2020,8,15,GP090F,1,chela,,1,1,64.7,-2.81,1.61,
2020,8,15,GP090F,1,chela,,3,2,57.02,-1.45,10.08,
2020,8,15,GP090F,1,chela,,4,3,53.63,-0.09,13.61,
2020,8,15,GP090F,1,chela,,2,5,60.15,-1.67,4.96,
2020,8,15,GP090F,1,chela,,1,6,60.03,-2.34,-1.24,
2020,8,15,GP090F,1,chela,,4,10,46.53,4.89,12.79,
2020,8,15,GP090F,1,chela,,3,28,43.51,5.02,10.54,
2020,8,15,GP097A1,1,chela,,1,2,57.35,-1.92,0.52,
2020,8,15,GP097A1,1,chela,,3M,3,51.61,-0.18,6.3,
2020,8,15,GP097A1,1,chela,,1,4,60.79,-2.45,0.96,
2020,8,15,GP097A1,1,chela,,2,129,62.9,-2.27,3.49,
2020,8,15,GP097A1,1,chela,,4,133,47.96,2.75,13.42,
2020,8,13,GP051F,1,chela,,3M,1,47.72,-0.26,8.45,
2020,8,13,GP051F,1,chela,,3M,2,64.34,-2.24,10.62,
2020,8,13,GP051F,1,chela,,3,3,49.89,-0.94,7.92,
2020,8,13,GP051F,1,chela,,4,27,46.43,2.56,19.47,
2020,8,13,GP051F,1,chela,,3,31,46.89,-0.03,8.32,
2020,8,13,GP052F,1,chela,,1,1,62.96,-2.94,1.31,
2020,8,13,GP052F,1,chela,,4,2,51.42,-0.45,14.63,
2020,8,13,GP052F,1,chela,,3M,3,61.52,-2.48,10.31,
2020,8,13,GP052F,1,chela,,3M,21,47.52,-0.94,6.86,
2020,8,13,GP052F,1,chela,,1,22,61.92,-2.79,2.45,
2020,8,13,GP052F,1,chela,,3,34,50.33,-0.79,10.71,
2020,8,13,GP052F,1,chela,,4,37,41.78,3.96,18.83,
2020,8,13,GP052F,1,chela,,2,46,56.95,-1.65,6.96,
2020,8,13,GP052F,1,chela,,3,51,45.77,0.94,9.7,
2020,8,13,GP070A1,1,chela,,5,36,40.15,5.5,17.53,
2020,8,13,GP070A1,1,chela,,1,38,59.09,-2.64,3.39,
2020,8,13,GP070A1,1,chela,,4,44,47.52,1.5,12.85,
2020,8,13,GP070A1,1,chela,,1,46,60.72,-2.22,1.73,
2020,8,13,GP093F,1,chela,,3M,1,61,-0.49,11.43,
2020,8,13,GP093F,1,chela,,1,2,55.91,-2.31,-0.76,
2020,8,13,GP093F,1,chela,,1,3,56.63,-1.63,0.53,
2020,8,13,GP093F,1,chela,,3,4,58.16,-1.1,8.62,
2020,8,13,GP063F,1,chela,,4,26,53.05,1.79,14.7,
2020,8,13,GP063F,1,chela,,3M,27,62.92,-2.7,4.31,
2020,8,13,GP063F,1,chela,,3M,28,51.39,1.63,16.83,
2020,8,13,GP063F,1,chela,,4,34,52.45,1.84,21.37,
2020,8,13,GP063F,1,chela,,3,38,58.33,-1.57,7.07,
2020,8,13,GP063F,1,chela,,2,85,57.59,-1.98,4.24,
2020,8,13,GP063F,1,chela,,3,104,58.57,-1.42,10,
2020,8,13,GP095F,1,chela,,2,1,59.52,-2.01,3.05,
2020,8,13,GP095F,1,chela,,1,12,58.16,-1.79,1.82,
2020,8,13,GP095F,1,chela,,3M,13,50.14,-0.09,6.43,
2020,8,13,GP095F,1,chela,,3,68,55.94,-1.57,7.75,
2020,8,13,GP095F,1,chela,,3,74,58.54,-1.44,8.55,
2020,8,13,GP095F,1,chela,,4,76,50.72,1.01,15.68,
2020,8,13,GP095F,1,chela,,3M,77,52.4,0.64,13.5,
2020,8,13,GP095F,1,chela,,2,78,59.22,1.87,3.45,
2020,8,13,GP095F,1,chela,,4,79,52.18,1.15,12.21,
2020,8,13,GP095F,1,chela,,1,87,51.58,-0.69,2.72,
2020,8,13,GP111F,1,chela,,1,2,62.9,-3.37,-0.55,
2020,8,13,GP111F,1,chela,,3,3,60.14,-1.52,8.63,
2020,8,13,GP111F,1,chela,,4,4,49.46,1.31,12.54,
2020,8,13,GP111F,1,chela,,3M,11,56.55,-1.13,8.84,
2020,8,13,GP111F,1,chela,,1,13,60.39,-2.45,2.62,
2020,8,13,GP111F,1,chela,,2,14,63.82,-2.25,5.47,
2020,8,13,GP111F,1,chela,,3,15,59.23,-0.38,12.26,
2020,8,13,GP111F,1,chela,,3M,17,58.13,-1.02,12.13,
2020,8,13,GP111F,1,chela,,2,19,61.24,-1.74,6.11,
2020,8,13,GP111F,1,chela,,4,23,51.54,1.07,10.66,
2020,8,13,GP110F,1,chela,,4,1,48.68,1.28,16.37,
2020,8,13,GP110F,1,chela,,3M,2,62.44,-1.05,11.98,
2020,8,13,GP110F,1,chela,,2,4,57.74,-1.97,1.38,
2020,8,13,GP110F,1,chela,,4,44,46.87,3.34,17.45,
2020,8,13,GP110F,1,chela,,2,45,60.77,-2.27,3.7,
2020,8,13,GP110F,1,chela,,3,49,43.23,2.51,8.45,
2020,8,13,GP110F,1,chela,,1,50,58.81,-2.65,0.41,
2020,8,13,GP110F,1,chela,,3,51,46.61,0.58,8.51,
2020,8,13,GP129F,1,chela,,1,1,61.43,-2.3,0.73,
2020,8,13,GP129F,1,chela,,1,2,63.25,-3.34,1.12,
2020,8,13,GP129F,1,chela,,3M,8,57.11,0.71,13.63,
2020,8,12,GP082F,1,chela,,1,1,60.66,-3.42,-2.14,
2020,8,12,GP075F,1,chela,,2,1,72.76,-3.34,3.72,
2020,8,12,GP075F,1,chela,,4,2,55.07,-0.94,12.24,
2020,8,12,GP075F,1,chela,,3,3,63.3,-2.44,10.51,
2020,8,12,GP075F,1,chela,,3,24,53.63,-0.79,10.59,
2020,8,12,GP114F,1,chela,,4,32,50.77,-0.29,15.08,
2020,8,12,GP114F,1,chela,,3,57,58.87,-2.27,9.6,
2020,8,12,GP114F,1,chela,,3,59,59.72,-1.56,6.81,
2020,8,12,GP114F,1,chela,,4,157,48.45,-0.1,15.95,
2020,8,12,GP114F,1,chela,,1,241,59.26,-1.91,3.16,
2020,8,12,GP126F,1,chela,,3M,7,57.72,-2.66,6.45,
2020,8,12,GP126F,1,chela,,1,13,61.01,-2.99,2.21,
2020,8,12,GP126F,1,chela,,3,14,57.36,-1.61,5.59,
2020,8,12,GP126F,1,chela,,2,15,61.73,-2.86,1.92,
2020,8,12,GP126F,1,chela,,3,26,59.38,-2.47,9.66,
2020,8,12,GP118F,1,chela,,3M,37,56.47,1.28,21.41,
2020,8,12,GP118F,1,chela,,2,39,61.75,-2.83,0.18,
2020,8,12,GP118F,1,chela,,1,41,59.02,-1.39,6.97,
2020,8,12,GP118F,1,chela,,1,49,55.88,-1.49,3.05,
2020,8,12,GP118F,1,chela,,2,51,60.48,-2.03,4.59,
2020,8,12,GP118F,1,chela,,3,57,51.43,0.3,9.06,
2020,8,12,GP100F,1,chela,,4,14,54.84,-0.23,9.23,
2020,8,12,GP100F,1,chela,,4,15,47.88,2.2,17.41,
2020,8,12,GP100F,1,chela,,3,18,57.94,-1.7,7.85,
2020,8,12,GP100F,1,chela,,3,20,61.54,-2.83,7.41,
2020,8,12,GP087F,1,chela,,4,1,47.56,1.13,16.42,
2020,8,12,GP087F,1,chela,,3M,22,57.04,-1.64,12.77,
2020,8,12,GP087F,1,chela,,3M,31,65.45,-2.39,7.74,
2020,8,12,GP087F,1,chela,,3,63,50.33,0.73,10.7,
2020,8,12,GP092A1,1,chela,,1,1,62.27,-2.92,-0.04,
2020,8,12,GP092A1,1,chela,,1,12,59.96,-2.34,1.28,
2020,8,12,GP069F,1,chela,,1,2,65.4,-2.72,1.2,
2020,8,12,GP069F,1,chela,,2,3,63.61,-2.57,1.89,
2020,8,12,GP069F,1,chela,,4,4,55.25,-1.06,11.62,
2020,8,9,GP054F,1,chela,,3,1,61.25,-2.56,9.75,
2020,8,9,GP054F,1,chela,,3,2,64.54,-3.61,10.37,
2020,8,9,GP054F,1,chela,,3M,6,65.97,-3.28,10.9,
2020,8,9,GP054F,1,chela,,2,12,52.56,-0.51,4.95,
2020,8,9,GP054F,1,chela,,2,16,65.31,-2.86,2.36,
2020,8,9,GP056F,1,chela,,3M,2,56.68,-0.87,13.82,
2020,8,9,GP056F,1,chela,,3,3,63.77,-2.15,7.03,
2020,8,9,GP083F,1,chela,,3M,1,49.37,0.4,15.66,
2020,8,9,GP078F,1,chela,,3M,1,59.03,-0.65,13.46,
2020,8,9,GP112F,1,chela,,3M,1,47.57,0,10.58,
2020,8,9,GP103A1,1,chela,,3,1,61.08,-2.99,6.05,
2020,8,9,GP103A1,1,chela,,3M,3,61.56,-0.99,17.55,
2020,8,9,GP103A1,1,chela,,3M,4,51.21,-0.96,10.86,
2020,8,9,GP103A1,1,chela,,3,6,67.89,-4.57,5.46,
2020,8,9,GP103A1,1,chela,,1,7,64.4,-3.15,0.61,
2020,8,9,GP089F,1,chela,,3M,1,61.34,-2.56,6.11,
2020,8,9,GP089F,1,chela,,4,2,52.71,1.02,17.4,
2020,8,9,GP089F,1,chela,,3,3,56.85,-3.25,8.24,
2020,8,9,GP089F,1,chela,,3,4,59.3,-2.9,2.41,
2020,8,9,GP089F,1,chela,,3M,103,60.23,-2.38,7.28,
2020,8,4,GP008F,1,chela,,1,1,59.41,-2.2,0.57,
2020,8,4,GP008F,1,chela,,1,2,59.83,-2.22,4.89,
2020,8,4,GP008F,1,chela,,3M,3,48.48,0.1,11.61,
2020,8,4,GP008F,1,chela,,2,4,57.02,-1.95,7.45,
2020,8,4,GP008F,1,chela,,3M,5,50.35,0.01,12.25,
2020,8,4,GP008F,1,chela,,3,6,48.17,0.01,13.71,
2020,8,4,GP008F,1,chela,,3,17,45.72,0.48,13.83,
2020,8,4,GP008F,1,chela,,2,28,60.75,-2.43,2.68,
2020,8,4,GP009F,1,chela,,3M,1,47.83,-0.01,13.84,
2020,8,10,GP058F,1,chela,,2,33,62,-2.88,0.82,
2020,8,10,GP058F,1,chela,,3M,34,62.64,-2.95,9.53,
2020,8,10,GP058F,1,chela,,1,55,62.18,-2.9,2.94,
2020,8,10,GP058F,1,chela,,1,57,56.96,-2.56,0.9,
2020,8,10,GP058F,1,chela,,2,66,60.72,-2.61,0.6,
2020,8,10,GP058F,1,chela,,3M,70,56.54,-1.69,7.64,
2020,8,10,GP029F,1,chela,,4,4,50.07,0.79,14.12,
2020,8,10,GP037F,1,chela,,2,18,59.38,-2.56,1.94,
2020,8,10,GP037F,1,chela,,2,28,54.84,-2.02,2.8,
2020,8,10,GP037F,1,chela,,1,41,57.49,-2.61,0.69,
2020,8,10,GP037F,1,chela,,3,62,58.54,-2.11,4.97,
2020,8,10,GP037F,1,chela,,3,99,55.57,-1.79,5.59,
2020,8,10,GP037F,1,chela,,1,100,60.23,-2.32,2.74,
2020,8,10,GP037F,1,chela,,3M,122,59.47,-1.23,12.91,
2020,8,10,GP055A1,1,chela,,2,8,53.45,-1.62,1.86,
2020,8,10,GP055A1,1,chela,,3,21,57.87,-1.58,3.89,
2020,8,10,GP055A1,1,chela,,2,23,55.1,-2.27,1.66,
2020,8,10,GP071F,1,chela,,1,44,61.39,-3.02,1.63,
2020,8,10,GP071F,1,chela,,1,50,56.76,-1.88,3.79,
2020,8,10,GP071F,1,chela,,4,51,50.8,1.13,15.14,
2020,8,10,GP071F,1,chela,,3M,56,57.24,-1.87,7.1,
2020,8,10,GP071F,1,chela,,3M,57,56.88,-2.33,5.56,
2020,7,18,GP115F,1,chela,,1,1,60.62,-3.33,-0.92,
2020,7,18,GP115F,1,chela,,1,2,65.24,-4.21,1.79,
2020,7,18,GP152F,1,chela,,3,5,58.86,-2.01,14.2,
2020,7,18,GP152F,1,chela,,3,6,60.32,-3.81,2.9,
2020,7,18,GP138F,1,chela,,4,1,48.22,-0.206,16.3,
2020,7,18,GP138F,1,chela,,4,3,54.36,-1.87,12.63,
2020,7,18,GP138F,1,chela,,3,4,62.01,-3.1,9.01,
2020,7,18,GP166F,1,chela,,3,1,58.73,-3.08,3.92,
2020,7,15,GP323F,1,chela,,1,2,57.92,-2.81,-1.67,
2020,7,15,GP323F,1,chela,,2,14,60.9,-3.4,-1,
2020,7,15,GP323F,1,chela,,2,21,56.02,-2.47,-1.8,
2020,7,15,GP323F,1,chela,,1,24,50.14,2.15,-1.55,
2020,7,23,GP234F,1,chela,,1,1,64.1,-1.8,2.79,
2020,7,23,GP234F,1,chela,,1,9,60.95,-0.78,0.19,
2020,7,23,GP234F,1,chela,,2,53,64.4,-2.56,3.93,
2020,7,23,GP240F,1,chela,,1,11,55.19,0.31,-0.07,
2020,7,23,GP240F,1,chela,,1,21,62.64,-2.14,0.62,
2020,7,23,GP265F,1,chela,,1,1,60.18,-1.77,2.16,
2020,7,23,GP265F,1,chela,,1,2,62.48,-1.52,6.87,
2020,7,23,GP265F,1,chela,,2,2,54.75,1.23,3.86,
2020,9,2,GP308F,1,chela,,4,13,52.82,1.15,18.88,
2020,9,2,GP308F,1,chela,,3M,22,57.71,-0.85,16.97,
2020,9,2,GP308F,1,chela,,2,46,64.82,-3.08,-0.41,
2020,9,2,GP308F,1,chela,,2,65,61.66,-3.05,0.09,
2020,9,2,GP308F,1,chela,,4,163,50.43,1.6,17.76,
2020,9,2,GP311F,1,chela,,4,1,48.16,2.02,19.17,
2020,9,2,GP311F,1,chela,,4,3,56.64,-0.73,13.28,
2020,9,2,GP311F,1,chela,,3M,15,55.03,-1.43,5.06,
2020,9,2,GP307F,1,chela,,3M,7,57.75,-1.74,10.05,
2020,9,2,GP307F,1,chela,,1,10,55.5,-1.7,-1,
2020,9,2,GP307F,1,chela,,4,12,53.46,1.11,14.51,
2020,9,2,GP307F,1,chela,,4,14,58.13,-1.38,11.15,
2020,9,2,GP297F,1,chela,,2,1,65.47,-3.32,-1.35,
2020,9,2,GP297F,1,chela,,1,4,58.15,-2.49,0.25,
2020,9,2,GP297F,1,chela,,2,17,62.63,-2.63,0.32,
2020,9,2,GP297F,1,chela,,4,37,53.02,0.16,13.91,
2020,9,2,GP297F,1,chela,,1,50,54.18,-1.56,0.91,
2020,9,2,GP297F,1,chela,,4,52,57.91,-0.52,9.44,
2020,9,2,GP297F,1,chela,,3M,74,59.62,-3.04,4.35,
2020,9,2,GP297F,1,chela,,3M,75,49.68,1.02,13.11,
2020,9,2,GP296F,1,chela,,1,1,54.26,-0.23,7.17,
2020,9,2,GP296F,1,chela,,2,17,55.4,-1.25,2.25,
2020,9,2,GP296F,1,chela,,2,19,63.66,-2.8,1.42,
2020,9,2,GP296F,1,chela,,3M,27,52.41,-0.55,9.98,
2020,9,1,GP349F,1,chela,,3,7,63.19,-2.1,12.56,
2020,9,1,GP349F,1,chela,,3,8,62.55,-1.59,11.1,
2020,9,1,GP347F,1,chela,,1,1,54.5,-2.87,2.97,
2020,9,1,GP347F,1,chela,,1,2,63.54,-3.63,1.47,
2020,9,1,GP347F,1,chela,,2,11,63.57,-3.28,1.06,
2020,9,1,GP347F,1,chela,,3,25,60.86,-2.3,8.89,
2020,9,1,GP347F,1,chela,,2,26,66.68,-3.98,0.55,
2020,9,1,GP345F,1,chela,,2,1,63.77,-0.39,7.86,
2020,9,1,GP345F,1,chela,,1,2,66.82,-2.87,0.39,
2020,9,1,GP345F,1,chela,,3,8,42.92,0.58,5.05,
2020,9,1,GP345F,1,chela,,1,9,64.07,-3.68,1.48,
2020,9,1,GP345F,1,chela,,3,11,58.8,-2.72,4.6,
2020,9,1,GP345F,1,chela,,3M,19,57,-0.26,13.4,
2020,9,1,GP345F,1,chela,,3M,22,53.48,-0.32,10.35,
2020,9,1,GP345F,1,chela,,2,33,61.54,-2.88,0.72,
2020,9,1,GP338F,1,chela,,1,1,55.57,-2.31,-1.22,
2020,9,1,GP338F,1,chela,,2,2,65.39,-3.83,0.64,
2020,9,1,GP338F,1,chela,,3,14,57.62,-2.25,0.6,
2020,9,1,GP338F,1,chela,,2,15,62.18,-3.18,0.97,
2020,9,1,GP338F,1,chela,,3M,17,58.37,-2.27,8.52,
2020,9,1,GP338F,1,chela,,3,27,60.92,-3.11,6.12,
2020,9,1,GP338F,1,chela,,1,28,64.28,-4.04,0.1,
2020,9,1,GP328F,1,chela,,2,11,65.27,-3.32,2.34,
2020,9,1,GP328F,1,chela,,3M,24,61.7,-2.67,8.09,
2020,9,1,GP328F,1,chela,,3M,25,57.74,-2.07,13.5,
2020,9,1,GP328F,1,chela,,1,36,64.43,-3.41,0.1,
2020,9,1,GP328F,1,chela,,1,37,65.06,-3.84,-0.05,
2020,9,1,GP328F,1,chela,,3,48,57.56,-2.06,10.09,
2020,9,1,GP328F,1,chela,,3,49,61.2,-2.52,5.41,
2020,9,1,GP328F,1,chela,,2,51,65.82,-3.77,2.52,
2020,9,1,GP337F,1,chela,,3,1,63.65,-3.68,5.85,
2020,9,1,GP337F,1,chela,,3M,2,60.09,-2.34,9.24,
2020,9,1,GP337F,1,chela,,3,4,67.77,-3.71,5.8,
2020,9,1,GP337F,1,chela,,1,11,61.11,-2.97,-0.69,
2020,9,1,GP337F,1,chela,,2,18,63.71,-2.98,0.01,
2020,9,1,GP337F,1,chela,,3M,20,62.33,-1.26,12.39,
2020,9,1,GP337F,1,chela,,4,36,53.66,0.68,16.16,
2020,9,1,GP333F,1,chela,,1,1,60.59,-2.31,-1.3,
2020,9,1,GP333F,1,chela,,3,2,57.02,-1.81,4.05,
2020,9,1,GP333F,1,chela,,3M,9,56.3,-1.16,6.53,
2020,9,1,GP333F,1,chela,,3,11,57.04,-4.63,7.42,
2020,9,1,GP333F,1,chela,,2,53,47.95,-0.39,1.85,
2020,9,1,GP333F,1,chela,,3M,54,59.63,-1.78,11.54,
2020,9,1,GP333F,1,chela,,1,68,55.36,-1.97,2.45,
2020,9,1,GP333F,1,chela,,4,91,54,0.82,15.64,
2020,9,1,GP321F,1,chela,,3M,1,56.42,-1.87,7.8,
2020,9,1,GP321F,1,chela,,4,2,50.55,2.3,17.86,
2020,9,1,GP321F,1,chela,,3M,4,58.41,-3.22,3.05,
2020,9,1,GP321F,1,chela,,4,5,55.45,-1.02,13.53,
2020,9,1,GP321F,1,chela,,3,7,59.77,-2.09,9.28,
2020,9,1,GP321F,1,chela,,2,28,64.09,-3.17,0.82,
2020,9,1,GP321F,1,chela,,3,29,57.63,-1.66,8.06,
2020,9,1,GP321F,1,chela,,2,36,62.47,-2.62,2.83,
2020,9,1,GP314F,1,chela,,1,22,62.85,-3.08,-0.53,
2020,9,1,GP314F,1,chela,,2,36,63.81,-3.12,-0.68,
2020,9,1,GP314F,1,chela,,2,38,58,-2.24,2.31,
2020,9,1,GP314F,1,chela,,3M,77,56.3,-0.81,12.61,
2020,9,1,GP314F,1,chela,,3,104,57.33,-1.32,12.13,
2020,9,1,GP314F,1,chela,,3,105,59.11,-1.74,10.44,
2020,9,1,GP314F,1,chela,,4,106,53.24,0.21,16.35,
2020,9,1,GP310F,1,chela,,3M,9,54.91,-1.61,11.49,
2020,9,10,GP330F,1,chela,,3M,8,48.2,2.48,14.46,
2020,9,10,GP330F,1,chela,,4,10,52.53,0.38,16.35,
2020,9,10,GP330F,1,chela,,5,22,43.19,4.99,17.12,
2020,9,10,GP330F,1,chela,,2,53,64.56,-2.47,0.87,
2020,9,10,GP330F,1,chela,,1,56,54.34,1.37,-0.58,
2020,9,10,GP330F,1,chela,,3,68,57.17,-0.87,3.94,
2020,9,10,GP318F,1,chela,,3M,7,51.25,1.15,12.98,
2020,9,10,GP318F,1,chela,,2,9,53.35,0.19,9.48,
2020,9,10,GP318F,1,chela,,3M,11,48.81,0.09,7.66,
2020,9,10,GP318F,1,chela,,3,19,57.08,-1.79,5.83,
2020,9,10,GP318F,1,chela,,4,25,48.68,1.47,13.46,
2020,9,10,GP318F,1,chela,,3,34,62.31,-2.08,5.24,
2020,9,10,GP318F,1,chela,,2,39,53.12,-0.7,5.45,
2020,9,10,GP318F,1,chela,,4,183,50.1,0.25,12.18,
2020,9,10,GP322F,1,chela,,3,1,58.55,-1.87,8.51,
2020,9,10,GP322F,1,chela,,3,3,65.88,-2.6,5.14,
2020,9,10,GP322F,1,chela,,2,7,63.37,-2.5,5.68,
2020,9,10,GP322F,1,chela,,2,8,61.9,-2.05,5.29,
2020,9,10,GP322F,1,chela,,3M,12,59.2,0.47,9.82,
2020,9,10,GP309F,1,chela,,3,6,59.46,-0.7,7.37,
2020,9,10,GP302F,1,chela,,3M,42,52.31,1.35,12.19,
2020,9,10,GP302F,1,chela,,2,43,61.76,-2.78,3.28,
2020,9,10,GP302F,1,chela,,3,80,59,-2.1,4.76,
2020,9,10,GP302F,1,chela,,2,93,54.5,0.16,4.92,
2020,9,10,GP302F,1,chela,,3,95,65.73,-2.99,4.19,
2020,9,10,GP302F,1,chela,,3M,109,49.86,0.56,9.96,
2020,9,10,GP302F,1,chela,,4,126,50.96,1.45,14.57,
2020,9,10,GP304F,1,chela,,5,2,50.61,-1.26,12.38,
2020,9,10,GP304F,1,chela,,5,5,59.01,-0.64,15.85,
2020,9,10,GP304F,1,chela,,4,44,46.12,2.57,19.58,
2020,9,10,GP304F,1,chela,,3M,49,55.28,-0.96,10.72,
2020,9,10,GP299F,1,chela,,2,26,61.03,-2.16,1.01,
2020,9,10,GP299F,1,chela,,2,38,64.68,-3.45,4.22,
2020,9,10,GP299F,1,chela,,3,39,57.87,-1.06,13.19,
2020,9,10,GP299F,1,chela,,3,53,60.38,-2,6.72,
2020,9,10,GP299F,1,chela,,1,54,56.19,-2.74,-1.11,
2020,9,10,GP299F,1,chela,,4,62,48.05,5.03,21.62,
2020,9,10,GP299F,1,chela,,3M,66,58.75,-1.1,12.53,
2020,9,10,GP299F,1,chela,,4,87,55.34,2.27,18.8,
2020,9,10,GP306F,1,chela,,4,2,50.33,1.01,8.1,
2020,9,10,GP306F,1,chela,,3M,4,49.78,2.49,14.11,
2020,9,10,GP306F,1,chela,,3M,5,51.44,-0.04,9.07,
2020,9,10,GP306F,1,chela,,4,8,52.02,-0.67,9.63,
2020,9,10,GP306F,1,chela,,4,15,47.32,0.61,9.82,
2020,9,10,GP306F,1,chela,,2,38,58.35,-2.07,6.11,
2020,9,10,GP306F,1,chela,,2,77,68.42,-2.52,6.54,
2020,9,10,GP306F,1,chela,,3,113,57.05,-0.47,10.23,
2020,9,10,GP306F,1,chela,,3,114,59.85,-1.38,9.13,
2020,9,10,GP305F,1,chela,,2,1,66.87,-2.7,4.47,
2020,9,10,GP305F,1,chela,,2,3,62.12,-2.68,2.68,
2020,9,10,GP305F,1,chela,,3M,9,55.52,-0.71,12.74,
2020,9,10,GP305F,1,chela,,3,15,53.18,-0.45,12.91,
2020,9,10,GP305F,1,chela,,3M,18,56.49,-1.55,10.36,
2020,9,10,GP305F,1,chela,,4,22,45.47,0.87,14.62,
2020,9,10,GP305F,1,chela,,4,27,43.35,1.48,15.14,
2020,9,10,GP305F,1,chela,,1,40,52.64,-2.17,3.22,
2020,9,10,GP305F,1,chela,,5,46,45.47,4.19,19.09,
2020,9,10,GP305F,1,chela,,3,96,61.55,-1.92,8.3,
2020,9,10,GP319F,1,chela,,3M,2,54.92,1.48,16.61,
2020,9,10,GP319F,1,chela,,3M,13,55.33,0.54,17.17,
2020,9,10,GP319F,1,chela,,5,20,48.07,1.14,15.71,
2020,9,10,GP319F,1,chela,,3,33,63.25,-1.94,8.57,
2020,9,10,GP319F,1,chela,,3,41,62.79,-1.13,14.55,
2020,9,5,GP228F,1,chela,,1,19,64.47,-3.68,1.05,
2020,9,5,GP228F,1,chela,,4,56,53,-0.12,18.51,
2020,9,5,GP228F,1,chela,,1,96,58.89,-2.34,-0.11,
2020,9,5,GP216F,1,chela,,1,4,58.45,-2.95,2.91,
2020,9,5,GP216F,1,chela,,3,6,62.1,-2.72,8.23,
2020,9,5,GP216F,1,chela,,3,10,60.41,-2.56,4.94,
2020,9,5,GP216F,1,chela,,3M,30,52.9,0.17,14.07,
2020,9,5,GP216F,1,chela,,3M,31,52.98,-0.63,8.92,
2020,9,5,GP216F,1,chela,,4,35,45.8,-0.05,12.93,
2020,9,5,GP216F,1,chela,,1,43,56.39,-1.84,-0.01,
2020,9,5,GP195F,1,chela,,3,11,60.74,-2.92,7.05,
2020,9,5,GP195F,1,chela,,1,38,59.87,-2.81,0.12,
2020,9,5,GP195F,1,chela,,3,54,47.03,0.69,9.93,
2020,9,5,GP195F,1,chela,,4,78,50.15,-1.13,9.76,
2020,9,5,GP195F,1,chela,,3M,79,55.81,-1.55,8.99,
2020,9,5,GP195F,1,chela,,1,80,63.12,-3.43,0.86,
2020,9,5,GP195F,1,chela,,2,81,58.68,-2.62,0.34,
2020,9,5,GP195F,1,chela,,3M,82,52.15,-0.2,9.03,
2020,9,5,GP195F,1,chela,,2,105,63,-2,7.11,
2020,9,5,GP178F,1,chela,,3M,38,54.66,-0.98,10.68,
2020,9,5,GP178F,1,chela,,2,112,60.36,-2.38,1.37,
2020,9,5,GP178F,1,chela,,1,124,63.22,-2.66,4.25,
2020,9,5,GP178F,1,chela,,2,125,61.82,-1.74,4.91,
2020,9,5,GP178F,1,chela,,1,156,56.19,-2.41,2.34,
2020,9,5,GP178F,1,chela,,3,157,58.89,-0.9,14.98,
2020,9,5,GP168F,1,chela,,3,18,54.86,-1.01,10.38,
2020,9,5,GP168F,1,chela,,4,19,50.9,0.08,16.76,
2020,9,5,GP168F,1,chela,,3,20,53.4,-1.92,7.26,
2020,9,5,GP168F,1,chela,,2,21,60.52,-2.71,5.2,
2020,9,5,GP168F,1,chela,,1,22,63.24,-2.63,2.48,
2020,9,5,GP168F,1,chela,,4,24,43.67,3.19,18.75,
2020,9,5,GP168F,1,chela,,2,29,52.44,-1.23,2.06,
2020,9,5,GP168F,1,chela,,3M,49,49.93,0.05,6.78,
2020,9,5,GP168F,1,chela,,1,58,66.09,-3.41,4.06,
2020,9,5,GP175F,1,chela,,2,33,66.34,-3.53,2.14,
2020,9,5,GP175F,1,chela,,1,35,62.27,-3.25,-0.04,
2020,9,5,GP155F,1,chela,,2,1,58.4,-0.14,2.45,
2020,9,5,GP155F,1,chela,,3M,2,56.73,0.28,12.89,
2020,9,5,GP155F,1,chela,,3,4,60.83,-2.53,6.98,
2020,9,5,GP155F,1,chela,,2,5,61.03,-3.1,1.12,
2020,9,5,GP155F,1,chela,,3,6,50.08,-0.24,11.55,
2020,9,5,GP155F,1,chela,,1,11,63.64,-2.53,3.82,
2020,9,5,GP171F,1,chela,,5,3,45.28,1.19,11.89,
2020,9,5,GP171F,1,chela,,1,4,67.45,-2.85,3.18,
2020,9,5,GP171F,1,chela,,5,5,52.53,1.09,17.34,
2020,9,5,GP171F,1,chela,,1,6,64.7,-2.87,2.04,
2020,9,5,GP171F,1,chela,,3,8,55.21,-1.1,15.85,
2020,9,5,GP171F,1,chela,,4,13,49.5,0.54,15.9,
2020,9,5,GP171F,1,chela,,3M,18,52.04,-0.04,12.6,
2020,9,5,GP171F,1,chela,,2,45,64.76,-2.59,2.13,
2020,9,5,GP173F,1,chela,,1,1,51.48,-1.22,0.9,
2020,9,5,GP173F,1,chela,,1,2,63.29,-3.06,1.38,
2020,9,5,GP173F,1,chela,,2,3,65.44,-3.5,1.05,
2020,9,5,GP173F,1,chela,,3M,4,54.42,-1.75,10.02,
2020,9,5,GP173F,1,chela,,4,7,56,1.24,16.39,
2020,9,5,GP173F,1,chela,,2,8,62.97,-3.01,0.91,
2020,9,5,GP173F,1,chela,,3M,15,59.53,-1.95,12.13,
2020,9,5,GP148F,1,chela,,1,7,55.84,-0.7,0.8,
2020,9,5,GP148F,1,chela,,3,16,52.15,0.5,7.83,
2020,9,5,GP148F,1,chela,,2,20,54.53,1.63,1.37,
2020,9,5,GP148F,1,chela,,3,21,56.44,0.33,9.55,
2020,7,17,GP273F,1,chela,,3,20,62.3,-3.58,9.06,
2020,7,17,GP273F,1,chela,,3,57,61.19,-3.25,5.12,
2020,7,17,GP273F,1,chela,,2,171,56.07,-2,6.08,
2020,7,17,GP260F,1,chela,,3,1,62.89,-2.37,3.82,
2020,7,17,GP260F,1,chela,,3,2,64,-3.35,2.91,
2020,7,17,GP208F,1,chela,,2,9,59.19,-2.91,3.2,
2020,8,24,GP241A1,1,chela,,1,3,68.92,-2.13,1.98,
2020,8,24,GP262F,1,chela,,1,2,64.39,-3.42,1.88,
2020,8,24,GP262F,1,chela,,2,3,63.81,-2.76,4.78,
2020,8,24,GP262F,1,chela,,2,4,61.83,-1.24,10.12,
2020,8,24,GP262F,1,chela,,1,5,65.8,-2.38,2.83,
2020,8,24,GP264F,1,chela,,1,1,65.08,-2.9,-1.13,
2020,8,24,GP264F,1,chela,,2,2,65,-2.72,3.14,
2020,8,24,GP264F,1,chela,,1,3,67.57,-3.28,0.47,
2020,8,24,GP264F,1,chela,,2,4,64.6,-2.07,4.82,
2020,8,24,GP271F,1,chela,,1,1,65.12,-2.77,-0.44,
2020,8,24,GP271F,1,chela,,1,2,64.28,-2.05,4.54,
2020,8,24,GP270F,1,chela,,2,1,53.87,-1.3,5.64,
2020,8,24,GP270F,1,chela,,2,2,61.3,-2.35,4.81,
2020,8,24,GP270F,1,chela,,1,17,56.68,-1.87,1.55,
2020,8,24,GP277F,1,chela,,1,1,66.72,-3.64,-0.83,
2020,8,24,GP277F,1,chela,,1,2,63.39,-3.02,-0.88,
2020,8,24,GP277F,1,chela,,2,4,54.29,-0.86,4.29,
2020,8,24,GP277F,1,chela,,2,6,55.53,-1.08,7.75,
2020,8,24,GP266F,1,chela,,1,1,56.99,-2,-1.19,
2020,8,24,GP266F,1,chela,,2,2,55.98,-1.53,4.32,
2020,8,24,GP266F,1,chela,,1,3,64.59,-3.31,-0.88,
2020,8,24,GP266F,1,chela,,2,9,57.46,-1.78,2.24,
2020,8,24,GP276F,1,chela,,2,1,70.4,-3.34,3.33,
2020,8,24,GP276F,1,chela,,2,2,66.19,-2.54,3.64,
2020,8,24,GP276F,1,chela,,1,10,66.66,-3.67,-1.07,
2020,8,24,GP276F,1,chela,,1,38,64.15,-2.71,0.62,
2020,8,24,GP254F,1,chela,,1,1,64.67,-2.7,-0.59,
2020,8,24,GP254F,1,chela,,2,2,65.52,-2.87,2.24,
2020,8,24,GP254F,1,chela,,1,3,67.82,-2.83,1.45,
2020,8,24,GP254F,1,chela,,2,5,59.06,-2.5,0.11,
2020,9,9,GP340F,1,chela,,2,1,61.89,-2.29,3.32,
2020,9,9,GP340F,1,chela,,2,2,62.46,-1.72,3.74,
2020,9,9,GP340F,1,chela,,3M,4,47.07,2.02,11.28,
2020,9,9,GP340F,1,chela,,3,5,47.96,0.58,6.22,
2020,9,9,GP340F,1,chela,,3,8,49.76,0.94,10.38,
2020,9,9,GP340F,1,chela,,3M,14,48.58,1.14,6.45,
2020,9,9,GP340F,1,chela,,1,50,55.18,-1.76,0.28,
2020,9,9,GP339F,1,chela,,3,2,50.84,-0.64,6.51,
2020,9,9,GP339F,1,chela,,2,3,61.96,-1.96,3.83,
2020,9,9,GP339F,1,chela,,2,6,67.06,-3.4,1.36,
2020,9,9,GP339F,1,chela,,3,7,63.29,-2.48,6.19,
2020,9,9,GP329F,1,chela,,3M,1,53.98,1.46,10.83,
2020,9,9,GP329F,1,chela,,3M,2,52.3,0.61,14,
2020,9,9,GP317F,1,chela,,3M,1,52.22,2.04,19.28,
2020,9,9,GP317F,1,chela,,3M,2,54.99,-0.91,9.89,
2020,9,9,GP317F,1,chela,,4,19,51.27,0.73,14.28,
2020,9,9,GP317F,1,chela,,2,25,60.66,-1.72,4.59,
2020,9,9,GP317F,1,chela,,4,28,51.22,2.02,17.55,
2020,9,9,GP327F,1,chela,,1,1,61.94,-2.11,0.4,
2020,9,9,GP327F,1,chela,,2,2,63.89,-2.42,4.3,
2020,9,9,GP327F,1,chela,,3M,3,48.04,0.86,10.96,
2020,9,9,GP327F,1,chela,,1,4,54.25,-1.31,3.93,
2020,9,9,GP327F,1,chela,,2,15,63.59,-2.49,0.7,
2020,9,9,GP327F,1,chela,,3,19,50.91,0.34,11.18,
2020,9,9,GP327F,1,chela,,3,20,65.71,-2.41,6.43,
2020,9,9,GP327F,1,chela,,3M,24,45.23,1.59,11.95,
2020,9,9,GP332F,1,chela,,3,8,47.32,0.94,9.85,
2020,9,9,GP332F,1,chela,,3,10,51.23,-0.37,9.93,
2020,9,9,GP332F,1,chela,,3M,14,45.78,0.45,8.62,
2020,9,9,GP332F,1,chela,,1,25,51.06,-1.46,-0.16,
2020,9,9,GP332F,1,chela,,1,26,63.93,-2.93,2.65,
2020,9,9,GP332F,1,chela,,2,27,63.15,-1.9,6.38,
2020,9,9,GP332F,1,chela,,3M,46,44.97,0.54,8.44,
2020,9,9,GP332F,1,chela,,2,59,66.99,-3.01,2.7,
2020,9,9,GP332F,1,chela,,4,78,44.19,0.61,7.77,
2020,9,9,GP336F,1,chela,,3,1,62.06,-0.87,10.93,
2020,9,9,GP336F,1,chela,,2,3,63.44,-2.85,-0.78,
2020,9,9,GP336F,1,chela,,3M,4,47.29,-0.1,8.4,
2020,9,9,GP336F,1,chela,,1,5,55.08,-1.73,4.37,
2020,9,9,GP336F,1,chela,,1,6,64.84,-2.54,2.99,
2020,9,9,GP336F,1,chela,,3M,7,49.09,0.35,9.04,
2020,9,9,GP336F,1,chela,,3,15,48.52,2.68,14.59,
2020,9,9,GP336F,1,chela,,4,16,46.98,2.07,13.95,
2020,9,9,GP336F,1,chela,,4,18,47.3,1.97,12.69,
2020,9,9,GP336F,1,chela,,2,20,55.42,-1.62,0.63,
2020,9,27,GP164F,1,chela,,1,30,61.67,-2.95,3.99,
2020,9,27,GP164F,1,chela,,3,31,43.02,3.53,20.81,
2020,9,27,GP164F,1,chela,,2,33,65.45,-4.14,1.63,
2020,9,27,GP164F,1,chela,,1,99,62.23,-4.16,2.27,
2020,9,27,GP164F,1,chela,,2,100,60.68,-3.29,1.65,
2020,9,27,GP164F,1,chela,,3M,141,59.42,-2.18,8.68,
2020,9,27,GP164F,1,chela,,4,183,49.03,-0.6,13.3,
2020,9,27,GP164F,1,chela,,3,186,53.09,-1.2,9.02,
2020,9,27,GP177F,1,chela,,3,1,48.87,0.11,15.08,
2020,9,27,GP177F,1,chela,,4,2,53.1,0,8.34,
2020,9,27,GP177F,1,chela,,3M,9,52.98,-1.22,7.11,
2020,9,27,GP177F,1,chela,,3M,11,60.33,-2.83,8.59,
2020,9,27,GP177F,1,chela,,1,12,60.4,-2.79,-2.25,
2020,9,27,GP177F,1,chela,,2,13,61.28,-2.71,1.98,
2020,9,27,GP177F,1,chela,,4,16,55.64,0.9,18.56,
2020,9,27,GP177F,1,chela,,2,17,53.56,-1.44,1.94,
2020,9,27,GP177F,1,chela,,3,28,50.34,-0.45,7.43,
2020,9,27,GP177F,1,chela,,1,67,58.41,-2.47,0.94,
2020,9,27,GP190F,1,chela,,1,1,61.03,-3.48,0.08,
2020,9,27,GP190F,1,chela,,2,2,64.95,-3.49,3.03,
2020,9,27,GP190F,1,chela,,1,8,64.34,-3.53,2.02,
2020,9,27,GP190F,1,chela,,3,12,48.02,1.15,14.22,
2020,9,27,GP190F,1,chela,,3,13,55.7,-2.05,8.86,
2020,9,27,GP190F,1,chela,,4,17,52.52,2,16.14,
2020,9,27,GP190F,1,chela,,2,30,65.48,-3.5,5.13,
2020,9,27,GP190F,1,chela,,3M,34,54.25,0,15.83,
2020,9,27,GP190F,1,chela,,3M,36,54.13,-1.19,8.04,
2020,9,27,GP221F,1,chela,,1,1,65.56,-3.64,0.87,
2020,9,27,GP221F,1,chela,,1,2,69.61,-4.37,5.09,
2020,9,27,GP221F,1,chela,,3,15,52.08,-1.47,7.36,
2020,9,27,GP221F,1,chela,,2,16,65.7,-3.93,1.99,
2020,9,27,GP221F,1,chela,,2,21,68.07,-3.9,2.41,
2020,9,27,GP221F,1,chela,,3,75,57.7,-1.5,9.49,
2020,9,27,GP221F,1,chela,,3M,146,52.96,0.28,12.36,
2020,9,27,GP279F,1,chela,,2,20,66.37,-2.94,5.19,
2020,9,27,GP279F,1,chela,,3,42,48.69,2.77,19.46,
2020,9,27,GP279F,1,chela,,2,57,53.34,-1.42,3.18,
2020,9,27,GP291F,1,chela,,2,1,66.15,-3.49,0.38,
2020,9,27,GP291F,1,chela,,4,2,51.93,-1.02,9.54,
2020,9,27,GP291F,1,chela,,3M,3,54.86,-1.1,4.56,
2020,9,27,GP291F,1,chela,,1,4,60.58,-2.68,1.9,
2020,9,27,GP291F,1,chela,,2,15,62.61,-2.38,8.1,
2020,9,27,GP291F,1,chela,,3M,16,55.51,0.57,8.59,
2020,9,27,GP291F,1,chela,,3,17,57,-1.52,8.41,
2020,9,27,GP288F,1,chela,,2,1,62.75,-2.23,2.02,
2020,9,27,GP288F,1,chela,,3,2,57.36,-1.75,10.73,
2020,9,27,GP288F,1,chela,,4,8,53.49,1.12,18.87,
2020,9,27,GP288F,1,chela,,4,16,52.7,0.7,17.4,
2020,9,27,GP288F,1,chela,,3,20,54.44,-0.97,11,
2020,9,27,GP288F,1,chela,,3M,33,48.8,0.07,8.59,
2020,9,27,GP288F,1,chela,,3M,38,44.27,4.59,15.72,
2020,9,8,GP286F,1,chela,,2,3,64.45,-3.11,2.12,
2020,9,8,GP286F,1,chela,,4,16,49.74,2.18,19.49,
2020,9,8,GP286F,1,chela,,4,17,52.5,1.8,18.21,
2020,9,8,GP286F,1,chela,,2,18,53.69,1.24,5.03,
2020,9,8,GP286F,1,chela,,1,21,60.55,-2.3,1.17,
2020,9,8,GP286F,1,chela,,1,27,55.5,-0.91,2.19,
2020,9,8,GP286F,1,chela,,3,36,64.21,-2.43,7.38,
2020,9,8,GP286F,1,chela,,3,41,63.65,-2.63,10.65,
2020,9,8,GP286F,1,chela,,3M,46,48.56,-1.61,8.3,
2020,9,8,GP286F,1,chela,,3M,51,59.84,-2.28,4.92,
2020,9,8,GP280F,1,chela,,2,2,55.83,-1.93,0.21,
2020,9,8,GP280F,1,chela,,2,3,54.15,-1.54,0.83,
2020,9,8,GP280F,1,chela,,1,8,55.39,-2.02,-1.49,
2020,9,8,GP280F,1,chela,,1,12,56.69,-2.4,-1.28,
2020,9,8,GP284F,1,chela,,2,4,54.36,-1.57,3.78,
2020,9,8,GP284F,1,chela,,2,5,67.42,-2.86,3.54,
2020,9,8,GP284F,1,chela,,3,12,60.01,-1.66,3.15,
2020,9,8,GP284F,1,chela,,3,14,63.67,-2.7,2.34,
2020,9,8,GP289F,1,chela,,2,1,55.41,-2.69,1.32,
2020,9,8,GP289F,1,chela,,4,2,55.06,-0.75,15.75,
2020,9,8,GP289F,1,chela,,4,3,45.31,2.65,16,
2020,9,8,GP289F,1,chela,,3,6,60.03,-2.14,2.45,
2020,9,8,GP289F,1,chela,,2,7,61.25,-2.3,-0.06,
2020,9,8,GP289F,1,chela,,3,23,60.17,-0.15,15.8,
2020,9,8,GP289F,1,chela,,4,30,50.01,0.16,10.51,
2020,9,8,GP289F,1,chela,,3M,36,51.01,0.02,12.22,
2020,9,8,GP289F,1,chela,,3M,40,48.86,-0.44,8.46,
2020,9,8,GP298F,1,chela,,4,1,45.89,4.52,16.97,
2020,9,8,GP298F,1,chela,,4,2,55.46,1.31,13.49,
2020,9,8,GP298F,1,chela,,2,9,63.77,-1.68,5.34,
2020,9,8,GP298F,1,chela,,3,12,61.99,-1.27,3.91,
2020,9,8,GP298F,1,chela,,3,13,64.42,-3.13,2.14,
2020,9,8,GP298F,1,chela,,3M,17,51.2,0.32,7.14,
2020,9,8,GP298F,1,chela,,2,18,64.29,-1.78,5.67,
2020,9,8,GP292F,1,chela,,4,1,51.19,-0.22,6.43,
2020,9,8,GP292F,1,chela,,3M,2,54.73,-0.53,11.11,
2020,9,8,GP292F,1,chela,,2,4,56.6,-1.39,3.25,
2020,9,8,GP292F,1,chela,,3M,7,48.78,0.8,9,
2020,9,8,GP292F,1,chela,,2,13,65.87,-2.93,2.29,
2020,9,8,GP292F,1,chela,,4,18,49.42,0.07,5.78,
2020,9,8,GP292F,1,chela,,3,34,57.25,3.54,22.68,
2020,9,8,GP292F,1,chela,,1,89,62.78,-3.32,-0.62,
2020,9,8,GP292F,1,chela,,3,97,57.32,-1.07,6.49,
2020,9,6,GP186A1,1,chela,,3,37,62.28,-2.22,6.76,
2020,9,6,GP186A1,1,chela,,1,42,52.06,-1.65,3.5,
2020,9,6,GP186A1,1,chela,,3M,61,55.5,-1.46,7.75,
2020,9,6,GP186A1,1,chela,,1,70,58.38,-2.11,5.8,
2020,9,6,GP186A1,1,chela,,3M,95,58.69,-1.47,10.14,
2020,9,6,GP186A1,1,chela,,3,104,60.93,-2.91,2.5,
2020,9,6,GP186A1,1,chela,,2,110,59.69,-2.89,-0.95,
2020,9,6,GP186A1,1,chela,,2,115,62.64,-3.64,1.65,
2020,9,6,GP182F,1,chela,,3,43,48.67,1.08,6.77,
2020,9,6,GP182F,1,chela,,2,62,60.65,-1.62,-0.52,
2020,9,6,GP182F,1,chela,,3,63,55.93,-1.78,7.47,
2020,9,6,GP182F,1,chela,,1,71,57.08,-1.8,2.62,
2020,9,6,GP182F,1,chela,,1,77,58.46,-3.07,-0.14,
2020,9,6,GP182F,1,chela,,2,80,61.75,-3.02,0.53,
2020,9,6,GP160F,1,chela,,2,27,63.64,-3.64,0.39,
2020,9,6,GP160F,1,chela,,3,28,58.77,-1.96,8.03,
2020,9,6,GP140F,1,chela,,2,1,66.48,-3.05,0.62,
2020,9,6,GP140F,1,chela,,2,2,57.37,-2.04,0.64,
2020,9,6,GP140F,1,chela,,3M,6,57.21,-0.67,16.55,
2020,9,6,GP140F,1,chela,,3,11,56.2,-1.54,10,
2020,9,6,GP140F,1,chela,,3,15,60.26,-1.98,7.37,
2020,9,6,GP140F,1,chela,,3M,58,57.67,0.24,15.51,
2020,9,6,GP140F,1,chela,,4,68,54.1,-0.12,12.44,
2020,9,6,GP117A1,1,chela,,3,6,50.75,1.7,11.67,
2020,9,6,GP117A1,1,chela,,2,7,60.13,-1.67,4.38,
2020,9,6,GP117A1,1,chela,,2,8,62.94,-2.76,1.49,
2020,9,6,GP117A1,1,chela,,1,9,66.56,-2.66,6.69,
2020,9,6,GP117A1,1,chela,,1,10,59.62,-2.93,-0.99,
2020,9,6,GP117A1,1,chela,,3,14,56.56,-1.79,8.53,
2020,9,6,GP117A1,1,chela,,4,15,58.25,0.28,14.24,
2020,9,6,GP117A1,1,chela,,3M,19,51.84,2.09,13.45,
2020,9,6,GP117A1,1,chela,,4,22,51.86,1.28,13.5,
2020,9,6,GP117A1,1,chela,,3M,24,47.6,0.98,9.08,
2020,9,6,GP146F,1,chela,,2,20,63.32,-3.43,-0.12,
2020,9,6,GP146F,1,chela,,2,21,63.74,-2.98,2.22,
2020,9,6,GP146F,1,chela,,3,22,49.23,0.64,8.24,
2020,9,6,GP146F,1,chela,,1,26,60.83,-2.55,-2.76,
2020,9,6,GP146F,1,chela,,2,39,65.07,-3.44,0.9,
2020,9,6,GP146F,1,chela,,3,42,61.03,-2.23,3.53,
2020,9,6,GP146F,1,chela,,4,43,48.2,2.63,18.61,
2020,9,6,GP146F,1,chela,,3M,90,54.16,0.41,11.29,
2020,9,6,GP146F,1,chela,,5,121,53.45,2.03,17.19,
2020,9,6,GP146F,1,chela,,4,144,52.15,-0.38,10.26,
2020,9,6,GP146F,1,chela,,1,161,55.1,-1.91,0.48,
2020,9,6,GP116F,1,chela,,3M,2,48.19,0.9,9.27,
2020,9,6,GP116F,1,chela,,3,3,60.64,-2.49,3.86,
2020,9,6,GP116F,1,chela,,1,4,59.92,-2.41,3.51,
2020,9,6,GP116F,1,chela,,3,11,47.78,0.81,8.81,
2020,9,6,GP116F,1,chela,,3M,13,50.2,1.08,11.83,
2020,9,6,GP116F,1,chela,,2,14,54.49,-1.35,5.31,
2020,9,6,GP116F,1,chela,,2,51,64.19,-3.07,4.19,
2020,9,6,GP116F,1,chela,,1,95,56.12,-1.7,1.3,
2020,9,6,GP151F,1,chela,,2,3,62.67,-2.76,1.78,
2020,9,6,GP151F,1,chela,,1,4,61.6,-2.31,2.38,
2020,9,6,GP151F,1,chela,,2,5,62.29,-2.86,1.33,
2020,9,6,GP151F,1,chela,,3M,37,53.37,-0.22,4.72,
2020,9,6,GP151F,1,chela,,1,40,56.95,-2.36,0.62,
2020,9,6,GP151F,1,chela,,3,75,52.86,-0.47,5.2,
2020,9,6,GP151F,1,chela,,3,100,59,-1.6,6.43,
2020,9,6,GP151F,1,chela,,4,150,51.55,1.22,12.84,
